0,0,0,0,0,0,0,0,0,0,0,0,0,0,0,0,0,0,0,0,0,0,0,0,0,0,0,0,0,0,0,0,0,0,0,0,0,0,0,0,0,0,0,0,0,0,0,0,0,0,0,0,0,0,0,0,0,0,0,0,0,0,0,0,0,0,0,0,0,0,0,0,0,0,0,0,0,0,0,0,0,0,0,0,0,0,0,0,0,0,0,0,0,0,0,0,0,0,0
0,176,227,254,253,234,195,180,188,196,182,148,127,120,112,115,119,115,111,111,114,119,120,118,121,113,117,120,123,0,0,0,0,0,0,0,0,0,0,0,0,0,0,0,0,0,0,0,0,0,0,0,0,0,0,0,0,0,0,0,0,0,0,0,0,0,0,0,0,0,0,0,0,0,0,0,0,0,0,0,0,0,0,0,0,0,0,0,0,0,0,0,0,0,0,0,0,0,0
0,201,235,246,219,178,157,149,145,142,134,118,118,124,123,126,126,113,113,114,114,116,116,111,111,112,112,112,114,116,118,120,120,118,114,113,114,126,133,126,127,128,127,134,140,132,114,99,101,100,105,102,103,104,103,103,95,99,99,91,91,0,0,0,0,0,0,0,0,0,0,0,0,0,0,0,0,0,0,0,0,0,0,0,0,0,0,0,0,0,0,0,0,0,0,0,0,0,0
0,250,253,236,170,126,116,103,98,108,117,119,119,117,117,121,122,120,122,129,132,132,129,122,120,117,118,119,121,123,125,126,123,117,113,115,111,116,120,121,125,125,120,125,133,137,134,126,125,126,130,133,134,131,128,129,125,125,131,126,122,115,113,114,114,119,125,126,129,128,132,139,138,135,133,134,130,130,133,149,148,145,140,131,129,130,140,137,128,124,113,103,117,0,0,0,0,0,0
0,254,252,198,127,85,79,71,71,84,98,104,100,92,86,87,91,91,94,103,110,109,103,95,91,91,92,95,95,97,100,100,95,73,71,81,79,74,74,83,92,91,88,95,103,106,104,98,97,102,106,103,105,102,98,96,81,80,85,85,82,85,90,88,90,90,97,105,112,115,117,124,126,126,128,127,123,114,112,123,118,117,110,103,107,113,122,127,125,122,115,101,110,119,112,114,119,0,0
0,253,222,153,99,66,54,56,68,65,65,67,70,65,53,50,53,50,53,61,68,68,62,54,49,50,49,51,52,54,57,58,54,39,37,43,44,41,42,47,51,47,43,48,56,53,44,40,43,54,58,48,46,49,41,21,40,48,47,47,52,68,74,67,64,56,62,70,74,74,71,73,80,80,83,87,89,82,75,75,70,76,72,69,76,82,91,106,112,117,110,90,90,106,111,118,121,0,0
0,253,180,109,76,69,62,70,90,102,93,91,95,90,83,86,86,87,90,96,100,100,97,91,84,75,71,73,76,78,78,79,79,74,70,65,63,60,57,53,54,58,62,64,64,63,62,63,62,62,61,59,57,54,55,51,44,49,58,55,50,57,65,71,69,64,67,71,71,68,63,59,62,53,57,67,74,72,63,54,50,50,49,47,53,58,66,84,90,85,83,64,59,74,83,89,87,0,0
0,200,139,76,70,90,105,117,129,154,145,144,146,146,146,155,152,147,148,150,150,151,150,146,141,130,126,127,128,131,132,132,134,133,127,119,118,120,117,112,116,120,123,122,122,119,111,116,122,116,113,112,112,113,109,112,115,110,107,102,103,105,104,108,105,103,100,97,98,98,96,88,82,72,77,87,90,86,79,73,71,71,68,64,66,70,76,84,82,74,72,56,53,65,74,77,75,0,0
0,181,129,77,69,97,123,136,144,149,142,141,146,150,145,150,147,147,145,143,143,144,145,145,145,140,139,141,141,145,146,145,144,135,129,123,123,127,127,127,131,133,135,131,134,133,124,131,138,145,145,142,140,133,134,128,130,124,120,122,125,122,122,126,125,122,119,114,116,116,118,115,110,106,112,117,112,101,99,97,101,109,105,99,96,94,98,102,101,102,103,92,89,90,91,94,97,0,0
0,165,121,90,78,104,130,138,148,148,141,143,145,144,138,132,131,126,113,116,130,139,145,143,146,147,142,145,147,145,149,144,140,138,135,132,129,133,137,138,139,139,138,139,142,141,135,137,143,147,151,151,143,140,141,140,138,133,130,125,122,120,124,130,131,139,143,143,140,137,138,137,139,144,144,139,140,138,134,133,133,133,131,135,137,141,138,134,138,142,146,128,119,108,99,97,101,0,0
0,161,118,98,91,112,138,145,146,144,143,144,144,138,125,109,90,80,72,80,102,116,133,136,137,135,140,141,139,137,138,133,138,139,138,137,135,138,141,143,144,143,142,141,144,146,142,144,146,150,154,154,147,142,142,145,145,141,137,131,126,121,122,123,124,129,131,133,136,138,136,133,138,140,140,135,134,133,133,134,137,134,130,134,135,135,131,133,142,146,144,135,129,120,106,98,100,0,0
0,165,127,107,97,117,139,141,144,143,146,145,145,138,123,105,73,71,76,89,98,98,120,138,137,137,145,147,143,137,136,137,140,135,132,135,134,135,135,138,139,141,140,137,137,139,139,145,147,149,149,146,140,138,139,142,140,136,135,133,126,118,113,111,115,122,129,133,137,139,137,132,135,140,141,137,133,130,131,132,136,137,135,139,137,133,128,127,131,136,137,142,136,125,106,94,99,0,0
0,171,136,114,97,115,131,130,140,144,149,148,145,137,124,115,88,86,103,116,106,92,116,144,129,121,137,143,135,133,128,125,127,122,120,124,124,120,119,123,124,130,128,122,120,122,127,137,140,140,140,137,131,131,131,135,135,133,136,137,131,119,108,103,110,122,133,142,146,143,139,135,139,139,142,139,133,133,139,141,142,140,139,139,136,134,133,133,131,130,133,143,135,121,101,90,98,0,0
0,167,133,113,98,114,132,134,140,146,152,151,145,136,126,119,101,86,96,103,86,82,106,133,95,87,105,116,105,114,103,84,95,100,110,112,105,97,99,104,109,111,104,97,94,98,110,123,126,128,128,127,119,116,117,121,127,128,134,139,134,120,105,96,102,114,126,138,139,131,128,127,128,131,131,126,120,122,131,132,130,127,126,119,117,118,125,132,132,131,130,130,122,113,98,89,100,0,0
0,160,123,101,92,117,140,142,141,146,151,148,141,133,123,110,92,82,76,78,71,87,107,132,95,84,85,113,103,112,112,81,72,83,109,106,86,77,83,90,99,98,88,83,80,82,96,112,118,118,117,112,98,88,87,91,104,117,131,139,130,111,91,79,84,97,109,122,121,106,99,103,110,112,97,84,89,104,118,119,115,112,113,107,102,104,118,131,133,131,130,128,126,118,103,92,102,0,0
0,157,118,90,84,117,140,138,138,142,147,146,140,131,120,102,84,76,67,75,78,108,123,143,117,91,81,118,115,120,128,94,70,85,116,110,79,70,81,90,98,93,83,83,81,80,93,108,115,116,115,104,84,67,60,64,79,108,130,138,125,103,85,78,84,93,103,115,112,91,77,83,100,98,74,58,71,94,110,111,103,98,98,97,90,93,112,129,129,127,130,134,139,129,110,92,96,0,0
0,160,119,91,87,116,133,132,135,137,140,141,140,133,123,103,84,77,75,88,91,125,135,137,108,84,70,98,108,118,108,77,83,95,123,115,81,72,85,97,101,96,85,91,92,90,100,111,116,120,119,103,84,66,56,54,66,96,122,131,119,104,97,101,111,113,123,127,115,96,87,87,92,95,85,77,86,99,110,109,95,90,85,90,85,90,110,126,124,126,128,132,138,131,117,97,95,0,0
0,164,123,94,90,113,130,133,136,132,132,137,138,133,124,102,87,80,79,96,98,117,124,118,84,84,76,85,106,118,94,72,98,103,122,117,87,78,93,100,103,99,92,94,93,95,110,110,106,118,116,99,76,58,55,54,56,85,109,119,113,105,104,115,120,118,126,127,108,92,85,81,88,91,96,92,93,99,105,102,94,87,82,89,84,92,112,126,124,124,131,128,133,133,121,101,96,0,0
0,161,120,93,88,109,130,137,137,132,130,135,140,135,123,104,95,92,92,101,96,101,102,101,70,80,78,72,101,109,75,68,108,109,118,109,89,88,99,102,106,103,98,93,91,96,106,99,87,86,89,84,69,60,63,62,63,76,94,103,98,91,91,97,104,108,120,120,98,82,78,74,78,90,99,93,87,87,92,95,92,87,84,87,82,94,116,126,125,126,130,122,129,134,123,102,95,0,0
0,161,117,89,84,105,126,135,133,134,133,136,140,134,120,107,105,104,102,104,97,98,98,96,83,81,85,75,101,108,76,71,102,111,117,108,96,94,100,100,108,111,109,97,92,98,100,89,72,65,68,70,65,68,77,75,72,78,93,104,99,89,87,88,98,104,114,114,93,79,75,73,78,89,96,86,77,78,87,96,95,93,86,86,80,94,120,127,124,123,131,126,134,133,118,97,93,0,0
0,163,116,85,82,107,130,138,134,134,133,135,137,133,122,112,113,116,114,114,110,112,107,105,104,94,94,96,106,113,96,84,95,109,121,115,102,97,104,106,113,116,115,106,100,95,88,82,77,72,72,70,63,70,85,87,81,83,96,110,107,98,92,92,101,104,113,113,97,83,77,79,92,101,100,86,79,85,99,109,106,99,84,87,83,98,125,133,126,122,133,134,138,132,113,92,91,0,0
0,167,117,88,86,112,139,148,137,134,133,134,135,134,125,117,119,123,128,126,131,131,122,126,122,106,110,120,115,119,117,102,94,111,127,126,112,106,112,116,119,119,119,120,115,96,79,81,91,97,91,76,62,66,85,94,89,90,97,108,107,102,95,96,102,105,114,117,103,91,88,93,106,113,106,92,94,107,123,131,124,112,94,103,97,109,128,134,127,127,132,134,133,129,112,93,94,0,0
0,164,113,89,91,115,140,150,135,132,131,135,135,133,125,120,126,130,134,130,133,135,126,127,127,127,128,129,128,127,124,115,109,116,127,132,132,128,125,124,124,121,120,125,118,97,84,92,105,113,88,62,59,77,99,105,94,90,93,103,107,109,106,112,116,115,119,121,114,109,109,111,118,125,119,110,114,121,131,135,130,123,111,119,112,120,130,134,131,129,129,131,126,123,109,94,98,109,0
0,157,107,84,87,111,132,142,130,125,124,132,133,131,127,124,133,134,134,129,127,132,130,127,133,136,138,134,136,135,130,124,120,123,127,134,142,142,136,132,127,126,124,125,115,97,93,105,112,101,67,45,62,100,123,120,103,92,92,105,114,116,116,122,127,128,126,127,126,127,127,126,126,127,128,127,128,127,128,131,134,132,127,130,123,125,127,128,127,125,126,129,125,119,106,94,99,113,0
0,158,111,83,79,104,124,133,125,125,124,132,133,135,133,127,132,132,136,132,129,129,132,133,135,137,136,133,135,134,131,129,130,130,133,137,137,134,131,133,125,125,124,126,116,96,87,94,96,73,51,47,69,104,124,122,110,94,91,105,116,119,120,125,129,132,131,132,132,133,133,130,127,124,127,127,129,130,131,132,136,135,135,134,132,129,128,129,125,122,123,126,125,120,108,95,97,102,0
0,159,122,94,83,103,122,126,123,128,125,135,139,132,130,128,127,132,139,132,126,130,133,137,135,133,131,130,131,131,129,130,132,134,136,133,126,122,124,130,125,121,125,124,113,97,92,91,81,69,54,50,68,99,124,122,108,89,87,104,119,123,125,125,130,131,127,130,130,131,132,128,125,124,125,127,126,127,129,131,136,135,135,138,133,131,130,128,125,122,119,124,126,123,113,99,96,105,0
0,157,125,91,78,101,121,128,129,142,138,143,137,126,125,118,103,126,138,138,133,135,139,139,130,124,122,125,125,126,126,132,134,137,134,126,115,112,120,130,126,120,120,116,101,84,78,78,75,76,70,67,72,88,104,105,99,94,85,104,123,129,127,127,133,134,128,128,129,132,131,127,124,124,125,126,128,130,131,132,133,132,132,136,133,132,132,132,126,122,117,118,122,124,116,100,93,101,0
0,154,118,86,78,104,130,137,129,155,143,144,135,119,115,111,95,115,132,141,138,138,144,140,126,120,122,127,129,130,132,136,136,132,124,112,106,111,122,128,125,121,116,105,85,71,72,82,93,107,107,97,82,77,81,88,94,92,86,111,129,133,130,132,137,136,133,132,131,132,131,128,127,128,131,132,135,136,134,134,130,129,129,132,131,129,129,131,126,122,118,118,122,125,117,100,89,89,0
0,153,115,85,77,106,133,139,135,135,123,125,122,107,108,115,106,112,125,130,125,124,132,129,121,122,125,129,128,129,130,132,131,129,116,99,95,108,118,120,122,120,115,104,85,73,78,95,113,125,127,112,87,70,66,78,89,89,94,119,129,128,127,133,133,130,129,127,126,126,124,123,124,127,130,131,133,132,129,128,125,126,126,127,128,126,125,129,127,126,125,123,126,127,118,101,90,82,0
0,159,119,87,76,101,126,136,131,124,105,102,106,98,103,112,110,111,112,104,93,92,101,106,112,116,123,124,119,114,113,114,117,119,112,97,89,98,108,113,115,116,115,109,94,81,83,95,105,108,111,97,79,62,56,71,81,83,101,119,122,114,114,123,120,115,114,111,111,113,112,111,112,117,118,117,117,118,116,115,118,119,121,121,121,122,124,129,130,131,128,125,126,126,117,101,88,94,0
0,156,117,84,76,101,129,139,126,126,102,90,92,88,96,103,104,102,95,80,69,69,72,80,93,102,110,112,104,91,86,90,99,108,110,98,82,80,98,113,113,110,109,105,95,83,79,79,77,73,76,69,65,57,51,64,72,77,106,119,113,100,99,109,106,101,101,96,95,98,101,100,99,98,97,95,96,100,103,106,111,113,112,110,108,110,117,123,123,122,120,123,125,125,117,103,94,108,0
0,159,125,85,74,108,133,131,129,134,119,103,91,87,98,100,98,99,92,82,79,80,75,77,85,92,98,102,95,77,71,79,92,99,104,92,75,71,93,114,110,106,101,97,91,86,82,74,68,63,63,62,71,72,65,69,76,88,115,117,102,86,82,94,101,99,92,80,80,87,92,89,84,80,79,79,84,89,95,101,103,99,92,88,84,84,92,98,97,96,102,117,125,122,112,99,94,100,0
0,169,124,84,77,112,136,127,137,140,126,110,99,104,114,107,98,94,91,89,94,98,90,86,89,93,98,106,103,86,78,86,96,98,99,81,66,69,96,119,117,106,96,91,89,93,96,91,91,91,85,83,94,98,92,89,96,119,133,121,100,83,77,93,111,118,97,76,82,94,97,91,84,79,80,81,87,89,92,98,94,91,79,75,72,68,73,77,76,84,95,119,131,124,108,92,86,91,0
0,165,114,83,82,110,131,138,147,138,116,99,97,111,118,109,94,90,88,86,96,101,94,91,93,99,105,115,113,95,85,92,101,101,99,82,65,70,99,122,118,106,97,92,90,100,107,106,109,117,116,115,120,113,104,97,108,123,133,133,111,84,80,94,116,122,100,83,95,106,105,93,88,86,87,89,92,91,91,92,89,85,78,76,80,78,79,83,82,88,106,131,141,132,111,87,76,98,0
0,169,116,87,82,104,123,137,147,129,94,86,100,112,111,97,88,87,87,87,97,103,98,97,98,101,107,119,118,99,84,87,96,97,96,79,63,70,98,120,117,108,101,97,96,103,111,112,117,118,123,130,135,120,107,100,107,111,116,109,88,63,63,82,103,115,97,89,106,118,113,96,88,89,93,93,94,91,89,90,87,85,81,85,92,91,92,94,92,102,118,137,144,137,113,84,71,96,0
0,168,118,91,77,95,120,140,143,111,76,78,104,112,105,92,89,90,91,92,100,103,99,99,100,100,104,115,115,96,77,76,82,87,89,78,68,76,99,114,108,102,96,94,95,99,104,106,114,114,125,135,140,126,111,103,110,114,117,99,76,63,65,83,98,108,94,95,115,127,119,101,97,98,104,101,104,101,100,103,105,101,95,100,108,108,109,106,102,105,120,135,140,133,111,84,72,94,0
0,174,121,89,73,94,123,144,141,108,82,84,109,119,113,104,104,103,100,101,109,112,107,104,103,103,106,115,116,99,83,82,89,94,98,92,86,92,106,115,111,105,98,98,104,108,108,108,115,118,125,131,135,127,114,108,117,123,125,103,81,72,75,88,96,94,82,85,101,111,103,90,89,96,100,99,105,105,102,105,105,104,95,100,108,108,108,104,101,107,121,138,140,128,108,84,71,92,0
0,185,132,90,70,92,126,145,141,125,113,113,124,133,134,130,138,131,126,127,137,139,131,126,124,123,125,131,130,117,107,110,117,122,126,123,119,120,126,131,129,127,120,122,128,132,127,125,128,126,127,129,129,123,118,119,125,125,123,110,92,80,82,91,94,88,81,82,88,94,91,85,86,89,94,96,100,98,95,102,103,98,90,94,99,97,96,95,96,111,125,140,141,131,111,85,72,100,0
0,182,140,97,73,87,118,137,138,135,139,139,128,127,135,137,147,142,138,139,147,147,139,135,135,136,136,139,139,132,128,132,138,137,139,136,135,135,136,135,132,132,132,137,139,138,134,135,137,138,137,132,129,129,130,132,134,131,129,124,116,107,107,110,112,115,115,115,113,112,113,111,111,110,116,122,125,122,121,126,125,116,109,109,112,109,108,107,110,122,134,141,140,133,108,77,66,125,0
0,162,139,110,83,71,76,90,106,109,115,113,101,101,111,118,120,117,113,112,118,122,118,115,114,113,113,115,116,113,113,118,122,122,121,118,115,116,117,117,114,114,118,123,123,119,118,124,126,130,130,122,118,123,123,123,124,128,130,128,127,125,125,123,124,126,130,131,132,134,136,136,135,134,133,131,134,135,138,140,139,135,131,130,133,133,132,130,129,131,138,139,134,121,90,62,60,127,0
0,131,130,120,91,58,45,56,78,84,80,72,78,80,80,92,89,85,83,82,86,90,89,86,84,85,87,90,90,86,85,90,95,90,90,89,84,82,85,89,90,90,91,91,91,87,89,93,93,95,93,90,90,91,91,93,95,95,99,100,101,98,101,101,99,95,91,87,92,99,104,103,101,103,98,94,97,98,100,101,106,111,113,115,118,118,116,112,109,108,112,112,104,87,60,48,61,97,0
0,174,144,113,88,79,81,72,65,71,84,79,60,48,56,75,85,90,93,86,73,59,55,63,68,67,65,62,61,58,56,54,50,44,42,41,36,31,34,38,47,57,59,58,55,49,45,41,39,36,38,44,48,41,38,48,43,33,34,39,46,45,42,36,33,34,35,36,40,37,38,44,44,50,54,51,48,43,37,36,43,48,49,49,50,49,48,44,42,44,37,33,23,17,29,63,106,117,0
0,179,155,133,101,90,90,84,82,89,92,87,76,70,73,74,79,98,105,104,101,94,89,90,92,93,94,93,90,89,88,85,83,79,78,81,81,76,75,75,79,77,74,68,68,73,77,76,70,69,71,80,76,62,53,58,56,58,63,66,64,57,57,55,52,58,61,63,64,62,60,65,67,68,67,65,67,65,56,49,52,55,62,61,57,55,54,54,53,48,40,37,34,42,69,105,131,113,100
0,191,197,137,131,126,122,120,122,124,104,112,97,90,93,105,110,114,117,118,122,126,123,119,113,114,115,115,113,112,111,108,110,113,116,119,121,116,112,112,115,114,107,98,101,110,113,110,102,100,101,112,106,95,89,93,97,102,105,104,99,95,98,100,97,94,92,92,90,85,87,96,95,94,92,94,99,100,90,83,84,91,100,100,94,95,98,102,99,95,87,85,92,107,132,151,145,98,84
0,0,0,0,0,0,0,0,0,0,0,0,0,0,0,0,0,0,0,0,0,0,0,0,0,0,0,0,0,0,0,0,0,0,0,0,0,0,0,0,0,0,0,0,0,0,0,0,0,0,0,0,0,0,0,0,0,0,0,0,0,0,0,0,0,0,0,0,0,0,0,0,0,0,0,0,0,0,0,0,0,0,0,0,0,0,0,0,0,121,127,138,145,149,151,138,105,65,56
