0,0,0,0,0,0,0,0,0,0,0,0,0,0,0,0,0,0,0,0,0,0,0,0,0,0,0,0,0,0,0,0,0,0,0,0,0,0,0,0,0,0,0,0,0,0,0,0,0,0,0,0,0,0,0,0,0,0,0,0,0,0,0,0,0,0,0,0,0,0,0,0,0,0,0,0,0,0,0,0,0,0,0,0,0,0,0,0,0,0,0,0,0,0,0,0,0,0,0,0,0,0,0,0,0,0,0,0,0,0,0,0,0,0,0,0,0,0,0,0,0
0,0,0,88,66,69,73,69,63,71,74,67,83,78,78,82,86,83,86,89,88,89,89,88,90,86,81,88,91,94,96,92,92,93,94,91,90,91,90,91,91,92,89,92,94,93,93,93,91,89,91,89,94,89,91,95,92,92,91,89,88,86,88,91,86,84,84,84,82,80,81,83,82,81,82,82,84,83,84,85,83,81,84,84,83,82,80,80,79,87,87,84,85,81,81,79,80,82,80,80,79,80,82,82,79,77,78,78,78,0,0,0,0,0,0,0,0,0,0,0,0
0,0,0,76,67,73,80,80,78,74,73,73,72,93,86,75,85,90,89,91,92,92,92,91,91,90,87,92,96,98,98,96,96,97,98,98,102,102,101,101,100,104,103,105,105,113,113,107,104,98,100,107,100,99,97,99,100,100,99,99,99,98,98,97,95,95,97,95,94,93,93,93,98,96,91,92,95,93,93,96,89,87,89,90,95,89,85,87,88,89,84,84,85,85,84,84,85,83,83,83,80,80,81,83,84,82,82,82,82,81,79,79,79,78,76,76,72,70,73,83,88
0,0,0,91,84,83,84,87,89,89,86,83,85,92,92,89,90,95,95,90,88,89,89,88,88,88,87,93,97,96,95,92,92,93,93,93,95,94,93,94,92,95,96,99,97,101,99,96,94,89,93,100,100,99,99,99,99,101,101,100,102,104,100,98,99,101,105,106,105,107,104,98,99,103,102,101,98,98,97,102,93,93,97,99,101,97,92,92,90,92,88,86,90,92,92,92,92,90,89,89,89,90,92,93,91,88,88,90,90,89,88,87,86,84,83,83,81,84,86,89,91
0,0,102,93,89,84,80,83,87,90,87,84,88,82,88,91,82,84,91,85,82,85,86,86,88,87,86,92,92,90,88,86,86,87,87,87,93,96,84,80,93,93,84,96,84,90,91,90,88,84,87,93,95,94,97,94,93,96,97,93,93,100,99,99,104,105,105,106,112,108,107,110,111,113,118,124,122,122,119,118,117,117,123,120,120,116,113,116,113,114,110,109,114,117,117,115,115,112,110,110,110,113,116,117,114,110,110,112,109,109,109,108,105,103,103,104,105,107,105,101,93
0,0,109,94,93,90,86,86,87,89,89,89,94,86,93,95,85,87,92,86,81,84,86,86,88,86,83,87,89,87,85,86,87,88,88,88,91,91,87,86,89,90,85,90,85,87,87,86,86,87,88,88,92,91,96,92,90,94,94,91,95,100,98,98,102,102,103,105,107,106,103,101,98,104,108,109,104,109,106,103,112,115,117,111,115,112,110,115,110,110,105,104,108,110,109,107,107,104,102,103,106,109,112,113,113,112,111,111,108,109,109,108,105,103,102,103,103,104,105,103,92
0,0,111,92,89,90,90,87,85,84,87,90,91,92,92,88,85,87,87,83,86,88,89,87,87,84,81,84,84,84,84,86,87,87,86,87,87,88,90,89,86,87,85,89,88,88,88,88,89,90,88,83,85,84,90,88,87,90,90,88,87,88,87,87,87,84,84,85,88,86,85,85,81,82,82,79,81,88,84,82,83,88,84,81,86,86,86,89,88,93,93,92,89,88,86,86,87,86,85,87,90,92,92,93,94,97,98,97,97,97,97,96,93,90,88,87,91,82,87,94,89
0,0,111,92,82,84,86,84,82,81,84,87,86,91,87,83,85,82,79,83,87,88,90,88,86,82,81,83,85,85,86,87,88,87,87,88,88,89,88,87,87,90,87,90,90,85,84,85,85,87,87,85,83,83,87,87,87,88,88,87,89,87,86,85,83,81,82,83,83,83,85,87,86,85,81,76,77,77,78,79,78,84,83,83,79,78,78,81,81,84,87,89,80,77,75,75,77,78,79,82,89,89,88,86,86,88,88,87,88,88,88,87,86,84,82,80,79,65,71,79,84
0,0,107,97,85,86,87,88,88,88,89,90,89,89,86,89,92,84,81,85,84,85,88,88,86,83,84,84,85,85,86,87,88,87,88,88,87,89,88,88,90,90,86,90,92,84,84,88,90,93,91,87,86,87,88,88,89,88,87,87,85,84,84,85,83,82,84,84,84,84,84,85,87,87,86,83,84,80,85,86,84,84,86,83,83,82,82,87,87,84,87,90,85,81,80,79,80,82,84,86,87,87,85,83,80,79,79,79,79,79,80,80,79,78,77,76,72,69,69,69,0
0,0,92,87,80,79,79,83,83,84,84,85,86,85,84,88,85,79,82,85,85,84,87,87,86,84,86,84,85,85,85,86,87,87,87,87,87,86,86,87,86,88,86,89,92,86,86,90,89,94,93,88,88,90,88,89,90,88,86,87,88,89,89,90,88,88,91,91,89,89,87,85,88,88,89,87,83,84,84,87,81,82,84,84,83,83,85,88,88,84,86,89,85,82,83,82,82,84,85,86,87,86,84,82,80,79,79,81,82,82,83,82,82,80,79,79,78,78,69,69,0
0,0,98,83,81,83,84,85,78,75,83,82,86,86,85,84,82,80,87,91,83,84,86,86,86,87,86,86,86,87,85,85,88,87,86,86,84,85,85,84,85,85,86,87,89,88,88,89,91,90,89,88,88,88,87,89,90,89,87,89,89,90,87,87,88,89,92,92,95,90,90,88,88,86,89,89,84,86,93,89,82,85,85,82,82,86,87,87,88,87,87,89,88,84,84,84,85,85,87,85,85,85,81,80,80,80,80,80,82,82,81,81,79,77,75,73,73,69,64,69,0
0,0,97,92,85,81,81,85,83,84,87,80,78,82,86,87,84,82,84,82,82,84,86,86,87,87,85,86,87,85,83,86,88,83,81,82,83,84,83,83,84,84,85,86,87,88,88,88,90,88,87,87,87,86,86,90,91,90,87,88,89,89,82,78,82,86,89,92,93,88,88,86,87,82,84,85,85,86,91,94,86,83,88,83,83,85,86,83,86,87,85,87,85,84,86,87,86,85,86,84,84,84,81,81,81,81,80,79,80,80,80,79,79,77,72,69,72,65,60,69,0
0,0,108,98,82,77,82,87,84,85,90,89,87,85,83,82,85,84,83,81,83,86,84,84,86,87,88,89,91,89,85,86,87,85,83,84,83,83,83,84,86,87,87,88,86,87,87,86,88,86,85,87,88,88,88,87,84,85,87,89,89,88,92,91,87,89,92,90,86,85,92,95,87,80,84,82,86,86,88,87,82,86,90,84,83,85,85,83,85,87,83,84,84,84,87,87,85,84,84,84,82,83,82,82,82,82,81,79,79,80,79,80,82,79,73,69,86,76,72,78,0
0,0,108,85,95,82,84,85,80,80,84,86,83,79,79,78,79,80,83,85,86,87,83,82,85,84,85,88,88,91,89,85,84,83,85,86,85,84,84,85,88,89,89,90,88,88,87,87,88,87,87,87,87,88,88,86,84,85,88,89,89,86,88,88,88,91,91,92,92,88,87,94,85,82,84,85,87,82,83,87,86,80,80,83,82,84,85,84,87,87,84,84,85,84,85,85,84,82,83,83,82,83,83,84,84,82,82,82,80,80,79,79,82,81,75,71,86,76,71,77,0
0,0,101,77,91,77,82,91,92,90,83,76,79,73,73,70,66,70,81,86,86,85,80,82,84,81,82,85,85,86,85,85,87,86,86,86,86,86,84,85,87,87,87,87,88,88,89,89,88,87,87,86,85,83,84,85,84,82,84,86,84,85,88,84,82,85,86,87,89,93,85,85,87,91,82,75,84,89,85,88,89,82,84,86,87,89,86,86,89,87,85,85,85,84,85,85,83,82,83,84,84,83,83,85,85,82,82,83,81,80,77,75,77,76,73,72,76,70,68,74,0
0,0,98,84,92,76,77,86,90,89,79,70,71,77,84,86,84,77,78,83,87,85,81,80,82,84,86,86,84,85,84,86,89,89,87,86,85,85,84,84,86,86,86,87,87,88,90,89,88,86,86,85,86,84,85,85,85,83,85,87,84,85,85,86,86,81,79,84,87,92,88,84,85,85,84,87,87,90,81,80,88,89,89,90,90,92,85,85,89,86,84,86,87,87,86,85,82,82,83,85,84,82,81,84,84,81,82,82,80,79,76,74,74,72,71,71,72,70,69,74,0
0,0,102,92,87,74,77,87,84,73,64,64,76,102,124,132,129,111,95,88,92,89,86,82,82,87,88,87,85,88,87,85,84,84,84,85,84,84,84,85,87,87,88,89,88,89,88,86,87,86,86,86,84,85,85,84,87,87,86,84,85,85,87,84,78,84,90,87,85,81,82,80,83,85,86,86,88,85,81,76,82,88,83,81,83,87,83,83,89,86,83,87,87,87,86,86,83,83,82,84,83,82,82,82,83,81,82,82,80,79,77,77,75,72,70,71,72,69,67,71,0
0,0,110,94,72,70,84,95,85,73,88,116,134,161,183,190,187,172,142,106,92,87,87,87,86,87,87,87,87,88,85,83,84,85,86,86,85,85,85,86,87,88,88,89,88,88,84,81,85,85,84,86,87,89,89,87,86,83,83,84,83,81,78,80,83,86,86,80,76,78,86,91,91,89,83,83,84,87,88,84,81,82,84,80,79,87,87,86,90,86,79,84,83,83,83,86,85,85,82,82,84,84,84,83,82,81,83,83,82,81,80,80,76,72,71,72,74,71,69,71,0
0,0,110,91,70,79,78,68,65,87,135,186,213,227,224,219,222,217,203,181,114,96,92,91,86,85,84,88,90,91,83,80,82,85,89,89,86,83,87,89,87,86,88,91,90,90,80,76,80,78,78,85,87,88,94,91,84,85,80,76,78,77,76,80,85,89,85,75,64,81,90,90,89,92,88,81,64,71,81,91,71,75,77,76,78,84,89,91,90,84,77,76,81,83,78,75,82,84,79,81,87,86,85,84,80,80,80,82,82,81,84,82,76,70,73,75,73,73,71,72,0
0,0,103,91,89,84,72,65,75,112,168,218,223,218,206,200,206,212,211,201,159,120,97,89,88,86,88,90,92,86,83,82,82,81,90,91,85,81,85,88,88,90,91,93,95,97,90,85,86,83,79,83,85,90,90,89,83,78,72,61,82,86,87,89,90,87,76,72,88,112,105,93,88,87,90,87,81,86,88,84,65,71,73,78,83,90,91,92,93,85,77,75,76,74,67,65,71,75,79,83,82,83,83,81,77,79,80,80,79,78,80,77,70,66,70,73,72,72,70,71,0
0,0,102,92,83,79,66,72,116,171,211,229,221,187,152,131,141,181,217,227,194,142,97,78,77,79,88,95,92,85,84,84,83,80,86,88,90,84,84,85,87,90,90,89,88,87,83,80,84,85,81,82,88,81,77,78,84,84,79,88,107,117,110,95,84,87,109,141,170,170,137,97,79,70,77,109,106,104,97,88,97,115,114,101,104,93,82,76,74,78,85,81,81,76,69,71,76,82,91,91,90,87,84,81,83,84,82,77,73,74,77,76,71,67,69,72,74,73,68,68,0
0,0,103,87,84,74,60,71,128,191,226,227,188,130,92,81,98,147,197,219,207,159,106,83,77,79,85,92,94,88,80,76,76,81,84,88,91,86,84,84,85,88,88,84,81,81,82,78,79,86,88,87,92,88,81,82,89,92,113,152,169,151,110,82,75,87,130,175,206,189,152,99,79,72,78,119,135,157,157,153,156,165,152,127,104,85,72,67,69,85,111,123,122,115,113,119,120,118,112,96,84,84,84,84,86,87,85,80,75,76,77,78,76,74,74,74,74,73,69,70,0
0,0,103,79,85,78,69,93,159,208,223,207,157,85,45,43,61,99,145,170,197,154,108,91,84,84,85,84,86,80,71,66,63,68,75,85,90,89,86,85,84,87,89,86,85,81,83,79,75,87,96,96,91,94,85,74,82,112,166,215,213,174,107,72,65,82,139,189,216,198,152,106,88,77,84,126,173,201,207,206,212,199,164,120,94,78,80,81,78,99,144,177,183,178,183,190,177,149,114,84,69,73,77,79,82,83,87,87,82,79,77,78,78,78,77,76,77,74,70,71,0
0,0,104,76,82,74,71,100,165,211,221,194,146,89,64,69,77,87,104,112,143,118,99,89,84,84,84,76,71,64,65,71,70,63,67,75,87,87,84,83,83,82,82,79,76,69,75,77,72,78,89,91,82,81,82,79,92,137,198,234,207,156,88,66,72,90,127,151,163,131,103,64,75,75,77,106,154,170,166,174,180,156,107,75,84,78,92,91,74,91,139,179,191,191,197,198,174,128,90,71,75,76,77,81,81,77,78,81,80,76,74,77,78,80,78,76,75,73,72,76,0
0,0,102,75,85,78,72,105,172,212,217,189,131,89,79,85,84,74,71,73,70,78,86,87,86,87,84,78,75,90,109,119,111,93,85,83,82,82,83,82,81,77,74,77,78,83,100,106,94,87,86,79,79,85,87,76,83,137,203,227,200,146,89,75,79,83,73,62,59,70,72,79,84,90,71,54,83,95,97,102,98,75,65,72,75,84,98,92,70,68,91,125,149,155,152,142,118,88,76,79,87,86,85,86,80,69,66,69,73,69,69,75,78,79,77,74,76,75,72,75,0
0,0,98,78,84,78,75,108,172,213,216,183,125,93,87,89,85,72,64,64,56,78,89,91,93,93,85,88,119,160,186,191,180,159,129,104,86,85,88,85,81,79,83,99,130,150,172,173,158,144,128,106,107,90,86,77,101,165,211,226,202,159,116,91,73,77,84,102,118,128,104,97,92,96,85,75,86,103,104,112,113,106,101,91,65,77,95,97,75,62,72,98,110,122,111,94,81,71,78,89,88,89,82,77,70,65,65,66,71,65,65,72,75,77,75,72,75,75,72,74,0
0,0,99,93,73,71,78,111,173,216,221,186,118,89,90,94,79,71,69,69,66,75,85,87,72,79,108,147,196,217,225,219,223,209,182,142,105,83,79,80,70,73,111,169,206,219,223,219,210,202,181,151,96,84,83,94,157,191,209,223,212,175,152,103,76,80,109,162,189,169,133,106,83,69,72,95,134,152,165,173,168,139,101,93,87,84,91,87,75,75,89,105,95,101,100,93,72,59,70,77,83,85,86,78,72,67,75,86,70,70,66,61,73,76,74,71,71,73,71,75,0
0,0,98,96,75,70,76,111,173,215,221,185,122,89,82,81,72,66,65,67,68,74,78,81,75,98,144,189,224,229,219,207,211,219,212,184,136,109,94,82,76,102,157,204,212,217,217,215,217,217,205,177,135,102,84,131,188,209,217,219,220,206,174,118,75,81,135,189,223,200,146,99,74,77,110,154,193,205,209,209,203,179,143,122,105,95,91,77,77,105,144,172,167,177,171,155,131,104,90,78,70,76,83,76,90,114,138,151,155,145,125,106,97,83,77,76,70,69,69,75,0
0,0,99,87,78,66,68,106,171,217,223,183,107,82,79,86,90,88,84,81,83,89,83,80,79,123,179,217,220,203,164,141,151,196,214,212,184,140,100,72,78,135,197,220,218,200,182,179,197,219,227,205,167,109,87,144,198,218,222,224,226,224,182,123,74,84,151,199,229,207,145,93,82,108,159,203,230,231,226,225,229,226,208,175,119,100,83,74,110,171,209,218,223,225,219,213,199,158,112,79,64,62,75,107,148,190,214,221,210,201,174,140,110,86,78,76,74,73,72,75,0
0,0,98,79,75,62,66,112,182,218,219,178,115,79,87,120,140,143,142,132,149,146,111,78,75,139,201,226,208,158,100,75,87,158,208,221,212,161,105,68,84,156,214,221,208,167,131,119,138,173,199,183,156,92,84,124,177,208,218,218,217,209,160,97,63,89,158,203,220,198,136,87,93,139,198,231,227,204,185,186,204,222,215,179,142,101,81,104,166,216,231,219,211,203,201,206,205,183,146,110,84,75,91,154,189,217,225,216,205,206,194,169,134,98,87,84,76,74,74,74,0
0,0,97,77,85,67,65,115,188,218,214,180,103,74,97,158,196,205,209,211,215,196,138,77,74,147,208,222,190,131,71,49,57,125,192,220,213,169,111,75,90,157,208,217,192,148,105,78,77,97,114,107,107,74,71,90,127,172,208,211,186,157,120,77,58,81,147,200,215,188,125,83,102,159,213,233,190,140,107,117,154,195,209,192,141,83,79,142,205,224,218,195,155,135,152,192,215,208,177,133,89,94,138,202,216,226,204,169,180,197,211,207,176,126,98,81,74,70,72,76,0
0,0,93,76,88,68,69,120,188,216,215,179,101,68,95,164,210,221,220,219,226,202,143,79,84,150,208,217,172,109,68,55,62,121,182,222,214,167,106,71,84,142,195,218,217,196,167,139,119,108,100,92,81,78,69,62,97,153,206,212,178,127,96,69,59,81,150,206,214,190,129,87,104,160,209,221,203,150,108,103,119,138,144,136,98,62,86,165,219,225,203,155,108,76,100,163,200,195,155,106,76,98,172,217,218,205,153,104,107,140,189,217,204,150,103,68,74,70,72,76,0
0,0,90,79,79,61,71,125,186,215,216,178,117,81,97,155,203,211,208,212,224,195,133,77,89,153,208,216,171,105,84,73,62,125,187,221,217,165,102,67,75,122,177,213,221,226,223,210,192,164,131,105,83,85,77,58,100,161,211,218,190,126,87,70,67,87,159,217,217,187,126,84,99,152,201,221,223,188,157,131,106,91,79,61,70,73,113,174,216,223,189,120,81,53,57,85,110,121,106,83,75,112,188,218,203,161,99,58,55,88,152,209,215,169,117,78,76,72,71,75,0
0,0,96,80,71,54,64,126,194,217,211,173,123,83,86,121,160,181,199,214,226,194,122,72,89,157,208,216,172,113,88,74,56,130,201,218,216,162,106,73,74,102,145,181,194,208,218,221,220,205,171,132,114,96,79,68,111,175,215,216,188,131,87,68,67,90,158,213,213,181,122,84,90,130,179,212,223,213,209,189,157,142,134,108,75,91,125,169,207,212,173,106,77,75,79,80,84,89,77,63,72,124,189,222,215,180,143,125,122,140,182,219,219,175,120,77,78,71,68,74,0
0,0,101,77,75,56,63,123,194,221,215,179,106,59,56,68,76,114,181,224,209,185,128,81,93,160,208,219,166,116,78,65,76,121,179,219,216,167,114,79,51,44,74,114,146,182,207,216,221,220,215,195,153,113,76,68,107,179,217,211,177,132,88,66,63,93,161,213,215,178,120,85,76,83,123,167,219,228,233,231,226,209,173,134,91,75,108,175,210,205,155,95,96,81,83,84,75,63,63,75,78,131,188,221,219,215,215,212,202,202,212,221,215,182,126,77,75,70,66,74,0
0,114,97,74,74,59,65,122,189,217,217,192,132,78,49,43,64,120,192,227,211,166,99,61,99,168,207,210,166,117,71,53,76,132,198,230,215,167,114,81,69,74,85,98,127,143,159,172,189,209,219,205,178,127,78,70,105,179,217,207,165,120,76,63,76,111,176,217,216,178,120,82,65,63,91,129,168,196,209,213,217,212,187,143,126,97,118,174,210,204,164,111,86,77,80,84,73,61,62,57,81,138,193,221,217,216,218,217,211,209,217,222,210,176,122,79,76,67,62,73,0
0,110,90,72,77,62,63,112,180,211,215,189,138,90,61,64,107,167,221,231,198,136,79,64,113,176,214,210,167,118,76,56,73,141,213,226,207,154,95,76,104,137,139,124,103,76,64,84,132,187,222,219,187,129,81,70,104,182,223,211,173,107,66,63,77,113,172,212,220,181,122,82,68,72,84,94,108,120,138,167,201,228,237,209,149,108,118,172,213,210,170,116,89,74,69,63,62,65,68,65,76,133,193,216,204,195,189,189,187,190,201,200,197,163,117,84,73,70,68,74,0
0,110,86,74,81,70,66,96,155,199,218,204,187,150,132,142,178,213,230,212,168,103,60,57,98,156,210,222,199,155,125,117,131,186,237,235,193,130,71,75,139,190,201,183,148,109,85,99,145,198,232,228,184,121,83,71,112,190,227,214,182,110,68,71,70,103,161,207,211,162,107,88,103,125,135,125,113,93,97,126,170,215,229,201,166,114,116,175,218,213,167,113,76,60,65,70,87,102,99,96,92,135,193,209,187,157,131,130,129,130,132,128,130,110,87,74,69,71,75,78,0
0,111,86,76,84,78,75,79,114,165,203,212,223,205,200,208,222,230,218,175,127,85,61,57,83,131,187,226,214,205,189,187,204,224,235,217,156,98,60,79,146,194,216,219,206,189,174,176,197,226,239,218,163,99,69,70,122,193,226,218,183,137,98,94,77,105,171,213,219,164,106,104,146,185,202,195,158,111,80,86,137,201,230,216,161,113,115,174,218,217,175,121,72,61,83,122,155,166,144,110,96,133,191,209,185,131,80,70,61,64,72,81,75,63,59,59,67,66,73,79,0
0,108,86,77,74,73,77,72,84,123,167,194,213,213,220,221,216,205,178,134,89,75,75,72,78,105,147,204,217,221,215,213,223,223,207,157,103,72,63,80,126,170,200,220,216,207,201,209,220,226,218,188,127,78,56,69,119,177,211,220,204,188,163,137,90,108,178,216,229,183,119,107,150,191,214,218,202,168,147,155,192,229,233,205,140,96,99,153,208,221,198,155,124,121,148,189,207,196,158,111,82,128,187,211,201,155,106,90,100,120,146,158,140,105,87,81,69,65,71,79,0
0,107,85,77,78,76,80,73,64,77,106,139,165,181,190,182,158,127,95,77,72,72,76,74,67,74,103,155,195,206,213,214,207,190,159,116,73,68,74,79,97,129,164,192,217,220,218,218,213,198,165,124,93,72,63,73,105,147,182,211,222,226,212,174,100,111,178,217,219,178,113,83,116,167,204,225,227,216,211,218,229,233,215,179,115,74,69,117,178,207,213,204,199,201,211,224,216,181,125,88,71,118,177,210,215,204,178,161,174,200,216,208,173,115,78,70,69,68,72,78,0
0,110,86,75,79,76,79,75,58,55,69,101,105,126,134,126,109,83,63,71,72,83,84,87,80,70,78,107,140,166,172,168,154,130,93,85,72,78,80,78,70,87,121,151,173,183,185,185,177,153,111,79,83,81,79,73,89,117,144,183,192,208,194,157,89,105,168,201,208,169,100,59,83,144,182,200,204,205,208,215,216,202,175,154,93,67,59,92,140,181,203,215,206,213,214,211,188,137,88,68,67,97,152,189,202,211,201,188,201,215,215,199,151,99,63,65,69,69,71,76,0
0,105,87,80,81,80,82,77,77,76,75,64,59,61,57,52,53,56,63,76,72,77,82,85,85,81,75,71,70,71,69,65,61,61,65,70,74,80,80,80,79,78,77,79,80,82,80,72,64,61,63,68,76,71,67,79,76,66,79,101,132,158,156,130,88,94,120,147,148,110,78,70,78,96,127,158,179,184,193,195,179,145,104,75,78,77,73,63,72,112,159,190,204,208,195,174,146,101,70,57,68,62,96,143,177,210,219,213,214,202,180,148,104,84,69,71,68,69,68,73,0
0,106,86,79,74,74,78,77,79,79,79,73,68,66,65,62,64,71,77,80,77,75,79,81,77,78,80,76,76,75,72,70,69,69,72,75,80,85,83,82,79,75,74,75,78,80,80,76,73,71,72,74,78,83,81,82,73,71,74,72,98,103,100,89,74,73,80,91,99,80,69,70,72,70,76,92,119,128,129,122,108,84,61,53,62,74,76,63,59,75,108,136,151,145,129,101,79,74,78,74,71,59,75,89,114,148,174,183,158,142,118,82,67,60,65,71,66,67,69,71,0
0,105,88,83,84,83,83,82,80,76,74,71,70,76,83,84,82,82,80,77,83,75,77,77,69,75,85,82,83,82,79,77,78,78,78,79,83,85,85,84,81,78,76,77,78,79,78,78,79,79,78,78,84,81,80,86,76,76,79,73,64,65,70,60,75,70,71,66,69,71,76,78,75,63,55,58,64,67,61,56,58,57,56,62,76,82,82,77,70,62,62,68,60,54,56,54,55,65,75,79,77,69,60,59,77,77,87,90,79,65,56,44,58,61,70,70,67,60,64,75,0
0,100,83,74,72,73,75,76,78,78,77,78,84,86,85,83,82,79,79,83,84,76,77,75,69,75,85,84,86,84,81,81,84,84,81,80,80,80,81,83,82,79,79,79,80,79,76,77,79,81,79,78,83,85,82,84,81,80,77,75,71,64,58,65,78,80,71,73,76,80,81,79,78,73,67,68,69,67,64,62,64,69,75,78,85,80,78,78,80,79,71,61,55,57,66,70,71,68,67,75,79,81,76,77,65,69,64,60,52,51,55,68,71,74,69,64,66,65,68,75,0
0,101,82,72,73,76,77,75,76,77,76,77,77,80,79,80,83,79,77,81,81,78,77,75,73,76,81,82,84,82,79,80,84,84,81,77,77,77,79,80,79,77,77,78,81,79,76,77,79,80,79,77,79,77,77,79,76,77,82,84,82,73,70,74,82,89,83,79,77,81,82,79,80,77,73,75,78,76,76,75,69,70,73,70,86,74,72,76,79,82,84,85,90,81,75,76,80,78,75,77,80,80,78,77,70,70,69,67,64,61,65,68,73,78,83,78,65,75,77,69,0
0,101,81,75,76,77,77,72,71,75,75,76,74,75,75,74,73,73,75,78,77,78,78,78,79,78,77,78,80,80,80,80,80,79,77,74,75,75,78,78,77,76,76,77,78,78,78,79,79,79,78,76,74,77,78,77,74,74,78,82,80,77,83,81,77,80,83,77,77,83,83,78,77,77,78,80,83,80,78,78,77,80,81,78,90,81,77,72,70,72,76,83,84,79,73,76,81,81,79,78,76,75,75,81,77,70,73,74,75,74,72,67,66,71,73,74,69,72,76,72,0
0,106,83,76,74,74,75,71,70,73,76,78,82,81,80,78,75,74,76,75,76,77,80,82,81,80,78,75,77,79,82,82,78,75,75,73,73,73,75,75,77,77,77,77,75,77,81,82,80,78,76,75,79,79,82,80,72,71,76,77,75,75,78,74,72,74,78,77,78,82,81,77,77,82,83,80,76,76,74,73,78,82,83,83,77,78,81,83,83,81,81,88,93,95,86,79,77,78,77,76,76,74,78,82,76,77,79,80,78,75,74,69,78,78,75,75,72,67,70,77,0
0,103,83,76,73,73,77,75,72,73,75,76,78,78,78,78,75,74,78,79,79,75,80,82,78,79,81,76,76,77,81,82,79,77,76,72,76,75,75,75,78,79,78,77,75,78,83,84,80,77,76,75,73,78,80,78,74,76,77,80,76,75,68,70,79,78,75,77,79,80,79,76,77,82,84,81,82,83,80,76,76,77,78,80,72,79,82,82,79,76,74,72,76,77,75,75,76,80,77,71,81,77,74,77,73,70,79,79,75,73,75,69,76,73,69,68,72,70,67,72,0
0,101,81,72,70,71,78,81,78,75,73,76,77,77,77,77,76,76,77,79,78,81,79,78,81,79,76,77,77,77,79,81,83,81,76,75,78,79,77,79,78,78,79,78,78,78,80,80,78,78,77,77,75,77,79,76,74,77,76,76,77,75,67,72,75,74,77,78,79,80,79,74,75,78,80,77,74,81,77,74,80,76,70,77,74,77,74,73,75,75,75,74,73,74,77,78,78,78,75,76,80,77,79,81,73,72,81,78,76,73,75,71,77,74,69,68,71,70,67,68,0
0,100,83,72,69,71,79,83,80,75,72,74,75,75,75,75,76,75,76,76,78,80,78,76,79,78,76,79,78,76,77,79,82,82,77,75,80,80,78,77,77,77,78,76,76,77,79,77,76,77,77,77,76,76,77,76,75,73,74,74,74,75,72,72,74,76,76,75,78,80,78,75,73,75,77,76,74,75,76,75,73,72,73,75,71,73,70,70,73,73,74,74,72,72,75,76,76,76,74,75,78,79,77,75,75,76,77,79,80,77,73,73,76,72,70,70,72,71,69,70,0
0,100,85,75,72,72,76,79,78,76,74,76,75,74,74,75,75,75,75,76,77,79,77,75,78,77,75,78,77,76,76,77,79,79,77,76,79,79,76,73,75,76,78,77,74,77,78,75,74,74,75,76,78,74,73,76,76,70,71,75,69,72,75,73,75,79,75,71,75,77,75,73,70,72,73,74,75,70,74,75,69,73,78,72,70,73,72,72,72,71,73,74,74,72,74,76,76,74,73,75,77,79,73,66,74,76,71,77,78,75,72,75,76,73,69,69,70,69,69,71,0
0,97,81,76,76,72,73,78,78,75,74,79,77,75,74,75,74,73,73,74,76,78,76,74,78,77,73,75,76,76,77,77,77,76,76,76,77,77,74,71,73,76,78,77,76,77,78,77,75,72,72,74,78,75,71,73,72,72,72,74,70,71,74,71,73,77,75,73,74,74,72,72,72,73,74,75,78,71,73,73,69,73,78,73,73,74,73,75,77,76,76,75,74,71,72,74,73,71,70,73,78,80,76,69,75,76,72,77,75,74,75,74,72,73,67,66,69,68,70,74,0
0,94,78,76,76,76,75,72,73,76,77,78,79,77,77,77,74,72,72,73,75,78,74,73,77,75,72,75,76,76,75,75,75,75,76,76,76,77,74,71,72,76,76,75,75,76,76,76,74,71,70,71,74,75,74,66,66,73,74,72,72,69,69,69,70,69,71,72,73,71,71,71,73,73,74,74,74,75,75,73,73,72,72,72,75,76,75,76,78,79,77,76,75,72,72,74,74,72,71,73,75,75,76,75,74,73,72,71,73,72,74,71,67,70,69,69,70,70,73,76,0
0,94,79,76,76,81,79,71,70,77,80,77,79,77,77,76,72,71,72,72,73,77,74,72,76,74,71,75,75,76,75,74,71,72,76,77,74,75,71,69,70,75,74,74,74,75,74,74,73,71,70,70,69,72,75,63,66,72,76,73,74,70,67,68,71,69,69,70,72,70,71,71,72,72,73,74,72,77,75,73,77,73,67,70,71,72,73,72,72,72,73,72,74,72,73,74,75,73,73,74,74,72,76,77,72,69,72,68,71,70,72,71,67,67,70,70,70,72,74,76,0
0,92,81,77,75,79,79,77,76,77,78,79,77,75,75,74,71,71,72,71,72,76,73,72,77,75,70,73,73,76,76,74,70,69,75,77,73,72,69,67,70,74,75,76,76,76,75,75,74,72,73,72,68,68,71,67,70,70,73,73,75,73,68,68,72,74,72,71,72,71,71,72,72,72,73,74,74,75,72,71,75,73,69,72,71,70,70,71,73,74,74,74,75,75,75,76,76,76,76,75,74,73,74,73,71,68,71,69,71,70,72,74,69,66,68,67,69,72,74,76,0
0,89,81,78,71,75,75,75,75,76,77,77,76,75,76,77,75,75,75,72,72,75,71,71,77,75,70,72,73,75,76,75,71,71,75,76,74,73,70,68,73,76,76,77,78,76,74,76,74,71,72,72,70,68,68,71,72,70,69,69,68,72,71,69,70,74,71,70,70,69,69,71,71,72,71,72,72,71,71,72,72,71,71,72,73,72,72,73,74,74,74,75,75,76,75,75,75,75,75,74,74,75,72,68,73,70,70,73,72,68,73,74,68,70,69,69,66,71,73,74,0
0,85,83,74,67,76,75,71,76,77,75,77,76,72,76,77,75,78,78,71,71,71,68,72,85,79,67,72,73,74,74,79,79,75,76,76,72,72,72,70,71,72,74,77,79,75,70,72,69,64,65,69,69,66,68,70,70,69,70,72,71,70,66,66,71,73,74,69,70,68,65,71,70,69,71,74,72,69,67,71,74,71,71,73,71,71,73,72,72,72,75,75,72,71,73,73,74,76,71,72,72,73,72,71,71,71,72,73,71,70,70,70,67,70,71,69,68,70,72,74,0
0,88,81,76,74,78,76,73,76,79,77,75,75,73,77,78,73,74,78,75,73,69,69,75,82,79,76,75,75,73,70,74,79,77,75,76,77,77,76,73,74,76,76,75,78,70,65,71,70,65,68,73,70,67,64,69,67,66,65,69,72,75,65,67,72,76,74,75,69,66,63,74,69,68,69,71,71,69,69,73,74,73,72,72,71,71,70,74,73,75,74,75,72,71,73,72,75,75,72,71,72,73,72,70,71,71,70,68,71,70,68,68,67,69,70,69,68,68,70,74,0
0,91,76,71,75,74,75,73,69,71,72,66,70,70,71,71,64,65,72,73,74,67,71,77,72,69,76,76,78,76,75,76,78,77,74,74,75,75,74,71,74,77,76,74,73,71,66,69,70,71,71,70,71,73,73,69,68,68,68,66,68,69,63,66,71,72,70,69,68,66,65,71,71,67,67,70,72,71,71,74,73,75,75,72,72,69,69,72,73,73,75,76,72,72,69,70,71,76,75,73,70,71,70,71,72,72,69,67,67,67,66,68,69,69,67,67,66,65,67,75,0
0,96,79,76,82,78,81,83,78,79,80,74,80,79,77,77,76,78,83,83,81,72,76,84,77,73,77,75,72,70,74,77,76,76,78,78,75,73,72,71,76,78,76,71,75,75,70,72,75,73,69,67,70,73,79,73,73,75,79,76,76,73,68,71,75,75,74,71,70,69,70,71,70,74,73,71,71,76,73,71,71,76,74,70,69,71,72,74,73,76,76,75,77,75,70,65,69,73,76,71,67,67,68,70,71,69,66,65,65,65,66,69,72,71,69,68,65,64,67,75,0
0,88,78,78,80,77,81,85,82,80,80,77,82,79,72,71,78,84,85,82,79,73,75,82,81,77,76,78,70,69,71,75,74,76,83,83,80,79,81,81,79,75,72,71,78,76,73,75,76,74,69,64,67,65,74,76,69,68,67,69,67,66,64,71,76,77,70,67,62,67,77,66,75,72,68,66,69,79,77,72,75,76,69,63,68,74,76,65,68,68,72,71,70,69,65,69,70,73,73,72,69,68,68,71,72,72,70,68,67,65,66,68,70,70,71,71,67,66,71,75,0
0,83,79,81,74,74,76,80,78,73,70,71,76,74,65,63,74,79,75,72,71,71,72,73,73,70,72,83,82,88,85,79,77,81,89,88,88,84,87,88,85,77,75,79,79,80,82,81,78,85,83,70,82,77,83,84,79,79,78,80,81,77,81,82,85,85,80,76,76,75,82,77,82,83,76,68,80,88,84,78,80,80,76,72,72,82,84,81,82,80,79,83,82,84,82,76,75,75,77,72,73,71,71,73,74,76,75,71,71,68,68,69,69,68,69,68,66,65,69,71,0
0,0,0,0,0,0,0,0,0,0,0,0,0,0,0,0,0,0,0,0,0,0,0,0,0,0,0,0,0,0,0,0,0,0,0,0,0,0,0,0,0,0,0,0,0,0,0,0,0,0,0,0,0,0,0,0,0,0,0,0,0,0,0,0,0,0,0,0,0,0,0,0,0,0,0,0,0,0,0,0,0,0,0,0,0,0,0,0,0,0,0,0,0,0,0,0,0,0,0,0,0,0,0,0,0,0,0,0,72,72,72,72,72,69,67,66,69,67,69,71,0
