0,0,0,0,0,0,0,0,0,0,0,0,0,0,0,0,0,0,0,0,0,0,0,0,0,0,0,0,0,0,0,0,0,0,0,0,0,0,0,0,0,0,0,0,0,0,0,0,0,0,0,0,0,0,0,0,0,0,0,0,0,0,0,0,0,0,0,0,0,0,0,0,0,0,0,0,0,0,0,0,0,0,0,0,0,0,0,0,0,0,0,0,0,0,0,0,0,0,0,0,0,0,0,0,0,0,0,0,0,0,0,0,0,0,0,0,0,0,0,0,0,0,0,0,0,0,0,0,0,0,0,0,0,0,0,0,0,0,0,0,0,0,0,0,0,0,0,0,0,0,0,0
0,0,24,33,28,25,21,7,8,7,16,50,66,72,108,109,109,113,122,126,122,125,126,130,0,0,0,0,0,0,0,0,0,0,0,0,0,0,0,0,0,0,0,0,0,0,0,0,0,0,0,0,0,0,0,0,0,0,0,0,0,0,0,0,0,0,0,0,0,0,0,0,0,0,0,0,0,0,0,0,0,0,0,0,0,0,0,0,0,0,0,0,0,0,0,0,0,0,0,0,0,0,0,0,0,0,0,0,0,0,0,0,0,0,0,0,0,0,0,0,0,0,0,0,0,0,0,0,0,0,0,0,0,0,0,0,0,0,0,0,0,0,0,0,0,0,0,0,0,0,0,0
0,0,33,27,23,6,6,7,28,64,123,176,199,195,188,180,169,168,163,154,148,147,152,158,162,167,164,158,156,153,153,154,156,158,154,153,159,158,154,157,159,158,159,161,165,173,178,181,181,0,0,0,0,0,0,0,0,0,0,0,0,0,0,0,0,0,0,0,0,0,0,0,0,0,0,0,0,0,0,0,0,0,0,0,0,0,0,0,0,0,0,0,0,0,0,0,0,0,0,0,0,0,0,0,0,0,0,0,0,0,0,0,0,0,0,0,0,0,0,0,0,0,0,0,0,0,0,0,0,0,0,0,0,0,0,0,0,0,0,0,0,0,0,0,0,0,0,0,0,0,0,0
0,0,37,19,9,6,5,31,107,171,224,252,251,251,241,236,228,228,226,219,213,211,202,204,209,215,210,204,203,194,194,194,193,191,184,182,184,178,163,162,160,159,159,149,141,142,144,144,143,148,151,146,145,148,150,149,149,148,148,147,146,144,147,149,147,147,154,154,154,153,149,155,156,158,0,0,0,0,0,0,0,0,0,0,0,0,0,0,0,0,0,0,0,0,0,0,0,0,0,0,0,0,0,0,0,0,0,0,0,0,0,0,0,0,0,0,0,0,0,0,0,0,0,0,0,0,0,0,0,0,0,0,0,0,0,0,0,0,0,0,0,0,0,0,0,0,0,0,0,0,0,0
0,0,28,8,8,41,113,178,218,239,250,252,250,227,194,188,182,176,182,189,187,190,187,192,201,207,207,213,219,218,215,214,211,207,203,205,206,201,192,193,192,194,194,188,194,197,196,195,195,196,195,188,187,189,194,194,195,194,191,190,191,189,190,190,190,190,190,188,189,185,183,184,184,184,179,179,180,180,179,170,165,168,172,175,175,173,170,172,176,179,181,181,177,174,170,168,172,178,184,0,0,0,0,0,0,0,0,0,0,0,0,0,0,0,0,0,0,0,0,0,0,0,0,0,0,0,0,0,0,0,0,0,0,0,0,0,0,0,0,0,0,0,0,0,0,0,0,0,0,0,0,0
0,0,11,8,25,143,227,251,251,248,249,246,218,181,155,141,134,123,117,118,121,132,140,149,158,163,167,176,189,195,197,194,192,190,193,200,201,200,194,204,211,213,212,215,228,232,228,231,234,233,230,229,232,233,235,234,235,235,233,233,233,237,238,237,238,237,233,231,232,227,228,224,223,222,216,213,213,212,211,202,188,187,194,191,193,183,181,178,176,178,180,179,173,167,162,158,155,153,149,146,143,143,146,147,147,149,146,146,155,154,155,155,156,160,163,167,167,169,168,168,168,173,174,177,0,0,0,0,0,0,0,0,0,0,0,0,0,0,0,0,0,0,0,0,0,0,0,0,0,0,0,0
0,0,9,23,110,231,248,249,235,195,185,175,136,106,101,93,102,103,92,91,106,120,122,128,134,141,142,147,162,164,152,147,146,145,151,156,155,155,155,160,166,168,170,164,167,176,178,183,188,190,189,195,199,196,198,195,197,198,198,201,201,210,208,207,205,208,211,214,216,212,205,203,203,203,204,204,204,204,209,220,207,206,206,206,206,207,207,203,202,205,206,205,203,198,195,196,193,188,184,181,180,184,194,194,194,190,187,187,197,189,184,181,178,182,184,186,191,184,176,180,180,179,181,181,175,176,173,181,191,190,190,193,193,194,193,173,164,158,165,168,162,159,153,159,148,142,139,86,26,0,0,0
0,8,15,98,208,244,245,223,176,141,122,96,80,76,76,74,78,85,93,96,104,108,115,118,120,125,127,124,126,128,129,133,130,121,120,127,129,123,113,112,115,117,118,113,110,119,122,131,137,137,132,129,136,137,126,125,130,130,127,129,139,132,134,137,141,144,140,140,143,157,154,152,152,159,176,175,172,176,175,186,192,195,198,202,203,207,208,209,210,211,215,219,218,214,216,223,223,222,230,237,229,222,225,230,229,227,227,230,235,230,227,225,223,224,223,221,213,202,219,209,197,197,191,190,189,185,181,178,177,175,173,174,164,153,171,162,161,166,175,175,166,150,113,113,91,58,24,2,7,6,31,35
0,8,51,152,240,235,210,187,156,133,118,99,73,52,51,54,62,78,90,90,88,86,96,97,97,99,99,95,91,89,94,101,101,93,91,99,101,94,90,91,97,102,104,102,98,101,103,108,114,114,109,107,112,112,110,110,114,111,109,111,118,119,111,113,114,114,112,112,114,119,121,124,126,127,133,131,126,127,129,140,144,146,141,144,144,148,155,159,158,160,165,166,161,168,167,164,163,165,167,171,164,173,179,182,184,183,183,188,183,185,194,202,205,207,209,212,211,210,206,207,203,203,201,200,197,195,185,189,183,181,184,189,189,183,181,189,186,185,186,189,183,165,165,146,119,84,60,28,20,24,44,49
0,20,99,182,228,207,181,155,132,137,139,100,51,46,79,104,108,114,118,113,103,95,87,81,74,70,70,69,62,57,56,58,56,50,50,56,58,53,50,48,52,55,58,62,64,64,68,76,81,81,84,83,83,87,87,89,94,94,93,97,103,107,104,106,109,112,113,114,115,113,109,109,110,110,112,111,110,113,116,114,118,118,108,109,105,108,110,112,110,110,112,113,105,112,108,103,102,106,108,106,104,109,108,112,112,114,115,118,112,112,120,125,128,131,133,135,138,147,147,148,161,163,169,171,180,180,176,185,174,176,185,193,201,202,201,211,209,206,208,218,221,213,215,195,167,136,111,77,47,35,41,49
0,32,124,181,199,188,163,146,155,171,126,63,68,121,177,203,208,211,209,201,197,198,205,201,194,189,189,189,185,182,180,181,175,165,163,167,165,157,152,147,144,138,133,132,130,128,130,126,126,124,120,121,121,119,118,118,118,118,113,112,114,110,113,112,112,111,105,103,104,105,104,99,99,99,99,95,93,93,96,101,104,102,102,99,94,93,97,96,92,91,92,95,87,92,91,91,92,94,101,101,99,104,104,106,108,104,105,110,105,104,106,108,111,115,116,117,114,114,122,122,120,119,121,124,125,128,130,141,129,130,137,147,148,145,143,137,142,145,147,150,158,167,176,176,173,165,141,108,65,40,33,0
0,48,124,164,175,177,141,167,211,189,86,56,153,240,251,253,255,255,253,254,253,253,253,254,253,253,254,254,254,253,254,252,250,245,242,239,237,236,235,233,230,225,220,216,213,212,211,203,199,194,189,186,179,172,172,170,165,165,160,156,153,149,140,134,132,131,124,121,118,120,121,116,114,108,106,100,94,87,80,70,73,69,69,68,62,61,59,58,54,52,54,53,46,50,54,55,53,49,53,60,49,65,73,80,78,73,73,77,83,89,90,92,95,97,99,103,103,105,107,111,110,110,112,115,115,114,114,119,118,125,132,132,126,127,131,118,118,114,108,101,99,112,126,141,158,165,151,129,90,61,40,0
0,57,120,156,156,169,154,195,215,162,102,134,223,254,255,255,255,255,251,248,254,253,252,252,249,251,254,254,254,254,253,254,253,250,250,251,252,253,254,254,254,254,254,254,254,254,253,254,253,252,253,249,239,237,241,238,235,235,234,230,224,228,224,217,214,212,210,212,209,211,214,211,210,204,204,201,199,195,187,190,193,191,188,184,178,173,169,165,161,157,159,161,158,156,150,148,142,134,134,140,126,125,132,133,132,126,126,128,114,117,119,118,115,111,109,107,102,105,112,110,112,110,108,104,106,101,93,94,102,107,112,105,98,98,103,97,95,92,86,79,77,89,97,114,136,154,155,154,115,79,35,0
0,57,128,167,153,159,193,229,200,132,139,214,252,253,254,252,253,245,246,254,254,254,254,254,252,253,254,254,254,254,254,254,254,253,254,254,254,254,254,254,254,254,254,255,255,255,255,255,254,254,254,254,254,254,254,254,254,254,254,254,250,254,253,254,254,254,254,254,254,254,254,253,254,253,254,254,254,254,254,253,254,254,251,253,252,251,250,248,247,244,244,246,241,230,222,220,216,212,214,216,208,193,181,183,180,176,176,176,167,164,161,156,147,140,137,135,125,121,122,115,107,104,100,96,89,90,82,77,78,79,77,65,58,58,59,54,55,59,57,57,62,72,92,100,118,142,151,163,136,101,43,0
0,54,128,163,155,155,199,236,198,117,118,221,254,254,252,251,252,252,250,249,251,251,250,246,244,245,251,254,252,250,253,255,254,251,252,255,255,255,255,255,255,255,253,254,255,255,255,255,254,255,255,255,255,255,255,255,255,255,254,255,254,254,254,254,254,253,255,255,255,255,255,255,254,253,254,255,255,255,254,255,255,255,254,254,254,254,254,254,253,251,253,253,251,248,247,247,248,251,253,254,251,252,246,244,244,241,242,244,241,229,228,224,224,224,222,221,217,216,215,209,210,207,201,198,194,193,193,190,183,183,182,180,178,176,168,160,162,158,152,150,139,117,136,140,155,167,167,170,162,125,101,0
0,54,121,152,153,161,208,230,197,122,118,201,254,254,252,252,253,252,249,252,254,254,252,248,245,248,253,254,253,251,253,255,254,253,253,254,254,252,253,251,255,255,254,253,253,254,255,252,253,254,255,255,255,255,255,255,254,254,254,254,254,255,254,254,254,254,255,255,255,255,254,254,254,255,255,255,255,255,255,253,254,255,254,252,252,255,254,254,254,254,254,254,254,254,254,254,254,254,254,254,254,254,254,254,254,254,254,254,254,254,254,254,254,254,254,254,254,254,254,254,254,254,254,254,254,254,254,254,254,254,254,254,254,254,250,249,243,234,236,243,230,180,146,139,164,194,196,178,169,156,177,0
0,62,136,158,164,180,219,240,192,118,131,220,254,253,252,251,252,251,249,251,252,253,253,248,246,249,254,254,251,249,253,255,254,251,251,254,253,250,249,248,253,254,253,251,251,253,252,250,252,254,254,254,254,254,255,253,251,251,254,253,252,255,254,254,254,253,255,255,255,255,254,255,255,255,253,252,254,254,254,249,250,255,255,249,249,255,255,255,254,255,255,255,255,255,255,255,255,255,255,255,255,255,255,255,255,255,254,253,255,255,255,254,255,255,255,254,255,255,255,255,253,255,255,255,254,255,255,255,255,255,255,255,255,254,254,254,254,253,254,253,252,233,193,165,164,191,200,189,175,162,180,0
0,74,157,181,176,189,223,240,191,117,140,225,253,252,251,250,252,251,250,251,250,251,252,248,247,250,254,254,251,248,251,254,255,249,249,254,253,250,249,247,253,253,252,249,251,253,253,250,251,253,252,251,251,251,254,253,250,252,255,254,252,254,255,254,253,253,255,254,254,254,253,254,254,254,252,250,253,254,253,249,249,254,254,249,250,254,254,254,254,254,254,254,254,254,255,254,255,254,254,254,254,254,254,253,254,254,251,250,254,254,254,251,254,254,254,251,254,254,253,253,251,254,254,253,252,254,255,255,255,255,255,255,255,255,254,254,255,255,254,253,254,253,221,184,163,182,203,203,185,163,162,0
0,82,152,174,166,170,225,237,186,122,141,224,253,252,250,250,252,252,251,250,248,251,252,248,246,250,254,254,251,248,250,254,254,248,248,255,254,251,250,248,252,251,251,249,251,253,253,249,250,252,251,250,251,251,253,252,249,250,254,252,250,253,255,254,251,252,255,254,253,253,252,253,254,253,251,250,252,253,253,251,251,253,253,251,251,253,254,254,253,254,253,253,252,252,254,254,254,254,254,254,253,252,252,251,253,254,251,249,253,253,253,250,252,253,253,250,253,254,253,252,250,253,254,252,250,254,254,254,254,254,255,255,255,255,254,255,255,254,254,254,254,253,240,201,165,170,203,216,198,167,140,0
0,91,134,152,152,158,227,237,182,124,146,222,252,252,251,250,252,252,251,249,249,252,253,248,246,249,254,254,251,248,250,254,253,248,248,253,254,251,251,250,251,251,252,251,252,253,254,250,250,252,250,249,250,250,253,252,250,251,253,252,250,252,253,252,248,250,254,254,252,251,250,252,253,252,250,249,251,253,253,250,250,253,253,249,250,253,253,253,252,253,253,253,252,251,253,254,253,253,253,253,252,251,251,251,252,253,252,250,252,253,253,251,252,253,252,251,252,253,253,252,251,252,253,252,251,253,253,253,254,253,254,254,255,254,253,254,254,254,255,255,255,254,252,210,160,158,198,222,206,170,137,0
0,98,141,153,162,177,230,236,181,126,154,223,252,249,251,250,252,252,251,249,249,252,253,248,246,250,254,254,251,249,250,253,251,248,248,252,254,251,252,251,251,251,251,252,252,253,254,251,250,252,251,251,251,251,251,252,252,252,253,252,251,251,252,252,247,250,254,253,251,251,250,252,253,253,250,248,251,253,253,250,250,253,253,250,250,253,252,252,252,253,253,253,252,252,253,253,253,252,252,253,252,251,252,252,252,253,252,251,252,253,252,252,252,253,251,251,252,253,253,252,252,252,253,252,250,252,253,252,253,252,254,254,254,253,254,253,254,254,254,254,254,255,253,209,155,155,198,228,209,171,142,0
0,101,149,153,169,196,235,235,176,129,160,231,251,247,251,250,252,253,251,250,249,251,253,248,246,250,254,254,251,249,249,252,251,247,248,252,254,253,252,251,250,250,251,250,252,253,254,253,250,251,249,249,248,247,250,250,250,250,250,250,250,251,253,253,247,250,253,252,252,252,250,252,253,253,250,248,251,253,253,251,251,253,253,251,251,253,253,253,253,253,253,253,252,252,253,253,252,252,252,252,252,251,252,252,253,253,252,251,253,253,252,252,253,253,252,250,252,253,253,252,252,253,253,252,250,251,253,252,252,251,254,254,254,252,253,254,255,254,253,254,255,255,251,205,155,159,203,229,210,172,144,0
0,119,141,145,150,187,238,233,172,124,164,232,251,249,251,250,253,253,251,250,250,251,253,248,246,251,254,253,250,249,249,251,251,246,247,253,254,253,251,250,250,249,250,249,251,252,253,253,251,251,249,249,249,249,249,249,249,250,251,250,251,251,252,252,248,250,253,253,252,253,251,252,252,252,250,249,251,253,253,252,251,252,252,251,251,252,253,253,253,253,253,253,252,252,253,253,252,252,252,252,252,250,251,252,253,252,252,251,253,253,252,252,253,252,252,249,251,253,253,252,252,253,252,252,249,252,253,252,252,251,254,254,254,251,252,254,255,255,254,254,255,255,251,203,159,169,215,232,214,177,147,0
0,94,127,155,151,179,237,235,173,118,169,227,250,248,250,249,253,254,251,250,251,251,251,250,247,253,254,252,246,248,251,246,253,250,244,244,254,253,250,249,246,245,245,244,246,248,251,251,252,252,251,248,248,247,247,246,247,247,248,247,247,248,250,249,246,246,251,253,253,252,252,252,252,252,252,251,252,253,253,252,252,253,252,252,252,253,253,252,254,253,253,253,250,251,253,253,252,252,252,252,251,251,252,252,252,252,252,251,253,253,253,251,253,253,252,249,252,252,252,252,252,252,253,252,250,252,253,254,252,251,254,255,252,253,253,255,255,253,251,254,255,255,251,197,159,166,218,235,218,175,143,0
0,102,124,153,152,177,237,231,170,115,170,223,249,249,250,249,252,254,251,251,251,251,249,249,248,253,253,253,246,248,253,246,253,245,254,254,253,236,203,175,185,184,181,181,192,194,200,203,206,206,214,211,207,222,223,229,225,231,241,247,245,247,249,250,250,244,252,252,252,252,251,252,252,252,252,251,252,253,253,252,252,253,252,252,252,253,253,252,253,252,253,253,251,251,253,252,252,252,252,252,252,251,252,252,253,252,252,251,253,253,252,251,253,253,252,249,252,253,253,252,252,252,253,251,249,251,254,254,252,251,254,255,252,252,253,255,255,252,251,254,255,255,251,198,158,164,218,236,217,170,131,0
0,106,146,153,152,177,232,224,163,114,175,225,247,248,249,248,251,253,251,251,251,251,250,251,251,252,253,252,243,244,248,253,253,250,254,253,217,135,63,31,41,61,72,84,96,106,112,111,104,89,87,97,104,124,128,130,127,147,194,241,245,247,248,246,245,240,244,250,251,251,251,251,252,252,252,252,252,253,253,253,253,253,253,252,252,253,252,250,252,253,253,252,250,251,252,252,252,252,252,251,251,252,252,252,253,252,251,251,253,254,253,253,254,254,251,250,252,254,254,253,253,253,254,251,249,252,254,254,253,252,255,255,252,253,253,255,255,251,250,254,255,255,252,200,158,162,217,232,214,168,132,0
0,138,156,147,152,173,234,220,157,114,180,232,246,246,249,248,251,252,250,251,251,251,252,251,251,251,252,251,243,243,246,254,254,254,254,234,128,38,11,14,33,77,118,137,157,161,160,154,118,81,75,99,116,140,151,139,120,120,152,196,211,230,247,248,248,248,248,248,247,248,250,251,251,252,252,251,252,252,252,252,252,252,252,251,251,252,252,249,252,253,252,250,248,251,252,252,252,252,252,251,252,252,252,252,254,253,253,252,254,254,253,253,254,254,250,250,253,254,253,252,253,254,254,251,249,253,254,253,252,252,255,255,252,252,253,255,255,250,249,254,255,254,252,200,158,163,218,230,214,174,142,0
0,180,158,143,154,182,235,217,154,114,185,239,247,247,248,248,251,252,251,251,252,252,252,251,249,250,251,251,248,248,251,255,255,254,218,139,43,8,9,13,51,128,199,226,227,235,229,217,156,94,101,153,182,205,196,185,153,109,81,89,166,208,246,247,248,245,243,239,247,247,251,252,252,252,252,252,252,252,252,252,252,252,252,252,252,252,252,251,252,253,252,249,248,250,251,251,251,251,252,252,252,252,252,252,254,254,254,254,255,254,252,252,253,254,251,252,254,254,253,252,253,253,252,251,251,253,254,253,252,252,254,254,251,251,253,255,255,250,248,254,255,254,251,197,157,163,220,233,218,181,142,0
0,195,163,140,160,201,237,215,153,115,188,239,247,247,248,249,252,252,251,251,251,252,251,251,248,250,251,250,250,251,254,255,254,218,126,42,8,7,11,13,72,174,240,244,246,250,253,255,197,143,159,215,251,250,249,248,229,180,121,102,139,196,242,246,246,246,247,245,248,249,251,252,252,252,252,252,252,252,252,252,252,252,252,252,253,252,252,252,252,252,252,252,251,251,251,251,251,251,252,252,252,252,251,251,253,254,254,254,254,254,254,253,251,251,251,254,254,254,254,252,252,252,251,251,252,253,253,253,252,252,253,253,251,251,253,255,254,250,248,253,255,254,248,193,153,161,221,236,216,176,142,0
0,194,161,136,160,209,244,216,147,114,186,236,247,246,248,249,252,252,251,251,251,252,251,249,249,251,251,250,249,251,253,253,218,129,39,4,6,9,14,48,151,230,242,244,247,250,254,255,211,164,187,236,249,250,251,250,251,233,190,134,90,109,165,218,244,246,248,248,247,246,250,251,252,252,251,251,252,252,251,252,252,252,251,252,252,252,252,253,252,252,252,252,252,252,252,252,253,253,253,254,253,253,251,251,253,253,254,253,254,253,253,253,251,250,251,253,254,253,252,251,251,250,250,250,250,251,251,250,250,250,252,252,250,251,253,255,254,251,249,254,255,254,247,190,151,160,220,235,208,165,131,0
0,203,152,140,158,204,243,213,140,116,188,239,248,247,249,250,252,252,252,253,254,253,251,246,249,250,251,251,249,250,251,217,127,34,3,3,8,12,21,99,213,236,240,239,245,249,254,250,193,153,182,236,249,249,251,251,251,253,251,198,128,109,126,183,232,244,246,246,248,248,250,251,251,251,250,250,250,250,250,251,251,251,251,252,252,252,252,251,252,253,252,250,250,251,253,253,253,254,254,253,253,252,253,253,254,254,253,252,253,253,251,253,253,253,254,254,254,253,251,251,251,251,251,250,250,249,250,250,250,250,251,251,250,251,253,255,255,253,251,255,255,254,246,188,151,161,219,232,202,160,128,0
0,139,156,153,161,209,238,191,124,124,188,243,249,247,239,251,254,253,253,255,254,253,251,240,246,248,245,249,247,245,196,114,22,2,1,1,7,15,133,213,236,237,241,243,248,250,253,250,190,153,183,240,247,247,246,246,247,248,253,253,218,142,78,85,142,209,239,244,244,240,249,251,251,250,247,244,246,246,246,248,250,249,249,250,252,252,253,253,252,251,252,251,249,249,252,254,254,254,252,253,253,253,252,253,254,254,251,249,252,251,252,251,254,250,240,251,254,253,251,249,248,247,247,245,244,247,246,246,248,248,249,249,251,250,252,254,255,255,252,254,254,254,246,191,159,176,226,237,203,161,138,0
0,136,162,165,167,201,241,187,118,124,188,243,249,247,241,252,255,253,254,254,253,237,201,189,200,215,213,226,202,161,99,31,1,1,5,3,12,42,147,209,230,232,231,233,242,245,251,235,180,155,185,234,244,244,242,243,244,246,251,251,244,197,120,96,113,169,230,240,241,242,247,248,249,248,244,244,245,245,245,246,248,248,249,249,251,251,253,251,249,251,252,248,249,249,252,254,254,253,252,253,253,252,251,253,254,254,249,247,251,251,252,252,254,243,208,208,235,250,242,247,246,246,247,246,245,245,247,247,244,244,248,249,250,252,253,254,255,254,252,254,254,254,246,188,156,179,230,246,208,165,141,0
0,138,164,164,173,198,237,185,120,129,187,241,248,245,236,248,249,254,251,244,193,135,88,82,96,119,126,117,95,60,16,5,2,4,23,22,26,39,123,163,176,176,173,179,189,190,189,154,108,96,126,175,207,215,222,223,220,227,233,238,243,228,152,80,43,75,151,209,236,240,242,244,245,244,242,242,243,244,243,243,244,241,247,247,252,251,250,251,250,251,251,249,254,254,253,254,251,250,249,250,249,250,248,248,251,248,243,243,246,249,248,245,246,221,164,138,152,178,228,242,241,242,244,243,242,243,246,245,246,244,246,247,250,252,253,253,254,250,250,254,254,254,245,187,162,181,231,240,206,178,140,0
0,138,156,163,178,204,232,180,119,135,194,244,247,246,248,253,254,255,253,228,152,69,24,13,27,37,43,35,30,22,7,3,8,16,29,19,11,17,52,73,83,84,82,85,91,90,79,62,32,23,51,84,111,120,128,132,137,139,147,154,163,166,117,47,14,26,74,143,181,191,189,205,211,212,216,227,235,234,235,237,239,241,245,248,251,251,251,250,252,253,254,254,254,254,254,253,250,250,251,250,250,249,249,249,250,250,249,248,249,250,251,251,253,240,185,121,86,97,133,175,213,236,239,239,240,241,244,244,245,245,246,247,250,250,250,249,250,248,249,255,255,254,245,186,169,180,224,235,210,192,151,0
0,132,148,162,187,219,230,179,120,138,200,245,247,247,251,252,254,254,252,230,128,39,1,2,8,15,23,25,23,17,6,6,15,20,14,12,6,9,14,16,17,17,17,16,16,14,14,12,8,10,12,11,16,19,22,26,26,24,25,30,21,17,13,15,15,15,32,45,51,62,69,89,101,106,114,125,139,142,160,179,216,235,243,242,251,251,252,250,251,254,254,255,255,255,254,253,249,250,249,248,248,247,246,246,248,248,246,246,246,248,248,250,252,253,213,124,41,9,34,63,122,181,215,225,230,235,240,243,242,241,245,245,248,249,251,252,253,253,253,254,255,254,240,182,161,177,227,244,220,216,149,0
0,138,149,157,174,222,229,180,125,140,201,244,247,247,251,249,246,253,249,206,102,16,3,0,8,13,21,33,24,17,4,3,6,19,6,9,13,24,14,13,15,15,16,15,12,11,7,9,11,15,18,15,15,16,16,21,20,17,14,20,14,10,8,11,17,19,24,28,39,45,41,47,56,59,62,65,73,78,76,111,179,232,242,244,250,251,251,251,250,253,255,254,254,243,229,216,209,213,224,232,232,228,227,228,228,229,232,236,240,240,241,245,248,245,201,107,24,4,17,28,60,99,138,167,197,228,236,240,240,243,245,247,249,250,251,252,253,253,253,254,254,254,232,179,163,180,227,234,211,202,139,0
0,127,138,139,167,222,230,175,121,145,206,245,247,249,251,249,251,254,249,204,101,26,22,20,17,16,25,25,14,8,4,4,14,19,0,3,9,18,21,23,26,22,18,18,20,25,27,27,33,34,25,15,14,13,16,19,21,18,19,21,21,16,33,20,12,11,14,24,32,24,20,20,22,21,23,27,30,27,37,65,150,227,240,242,248,248,251,250,250,253,255,254,241,202,143,115,108,111,121,128,128,132,138,144,147,149,152,157,166,169,175,182,185,180,157,97,37,31,13,21,29,34,51,77,114,159,192,229,236,238,244,246,248,249,248,248,251,249,250,253,255,255,229,172,161,184,225,229,204,157,107,0
0,111,133,134,166,224,234,175,120,147,209,247,248,246,250,250,252,252,242,192,94,27,25,12,7,13,21,19,10,14,29,49,66,62,33,19,14,15,17,16,17,16,11,12,13,20,18,17,23,26,26,22,22,23,24,26,30,28,22,21,21,22,21,29,28,15,13,14,10,10,8,8,12,15,15,24,33,23,29,49,134,223,237,240,247,249,251,247,251,253,255,254,227,174,105,60,48,51,60,62,56,64,63,69,69,72,77,80,85,81,82,97,96,85,65,28,2,5,24,27,29,26,35,50,63,80,115,153,183,216,236,242,247,248,248,247,251,248,249,254,254,255,234,180,162,191,228,228,201,150,78,0
0,134,152,146,169,221,236,172,119,150,219,248,248,242,250,248,248,253,246,189,91,28,12,32,37,28,16,3,3,72,123,129,131,113,73,21,7,19,25,23,15,13,16,21,22,25,22,19,16,16,17,17,21,23,23,24,25,22,21,20,22,22,8,7,14,7,5,7,6,7,13,18,11,12,15,35,42,27,38,58,146,222,235,239,246,249,250,250,249,253,255,254,228,171,90,30,13,11,21,24,20,21,15,16,16,17,16,16,17,18,16,12,8,8,3,5,5,19,28,28,28,28,30,24,27,35,54,71,98,139,180,211,236,245,249,249,251,248,253,255,254,254,229,179,160,184,223,224,197,135,94,0
0,140,151,146,168,222,234,168,113,153,227,250,248,234,250,245,248,254,247,193,87,21,12,16,19,6,22,46,92,122,130,120,126,124,107,80,48,38,23,18,15,13,14,21,26,29,30,22,20,21,22,21,24,29,31,28,28,24,20,20,21,17,11,5,19,52,75,92,94,92,69,57,35,20,20,35,40,28,39,51,126,205,234,239,246,248,251,249,249,253,255,254,229,170,79,28,17,10,14,20,17,20,23,27,28,25,22,21,21,21,13,15,14,11,6,5,14,33,35,32,31,34,31,28,26,30,32,38,49,72,105,142,183,218,248,249,251,248,253,254,254,254,231,176,149,182,220,214,199,154,138,0
0,131,137,145,177,229,233,166,113,156,230,250,248,236,250,246,246,255,251,202,94,22,11,12,7,7,37,103,138,103,83,69,88,110,121,124,93,54,24,14,13,12,11,12,15,23,16,10,12,16,21,21,21,24,23,24,23,18,19,21,16,7,2,18,67,117,153,158,151,140,125,96,57,21,11,20,28,27,26,35,103,186,236,243,248,249,251,249,251,252,255,253,230,175,65,35,29,21,23,26,19,18,18,21,19,10,6,6,7,3,7,7,6,7,12,13,18,23,31,28,30,28,22,18,15,13,11,20,30,52,85,121,161,198,248,248,251,249,253,255,254,254,228,176,156,203,237,219,204,179,198,0
0,130,137,151,194,238,230,160,112,158,231,250,248,242,250,250,248,253,246,195,99,22,12,12,9,11,51,117,116,49,20,17,33,51,101,131,113,59,22,5,8,9,8,7,8,9,7,6,8,9,10,9,8,7,7,6,3,3,10,12,6,3,13,65,110,129,130,119,105,111,105,111,97,62,39,35,26,10,10,24,105,192,236,243,248,249,251,250,251,251,253,252,241,210,166,160,154,148,150,147,141,140,143,144,141,131,126,125,123,116,117,107,99,91,85,76,54,44,38,24,13,7,7,7,8,12,31,66,98,140,179,204,223,237,249,248,251,250,254,255,255,254,221,176,158,207,251,232,197,182,208,0
0,129,143,154,201,237,226,155,112,162,233,251,249,244,250,249,247,252,249,209,134,58,19,13,14,42,93,125,81,24,6,5,1,4,57,111,110,66,17,7,9,10,10,10,9,8,9,8,8,8,9,9,9,10,8,6,7,7,6,7,8,9,56,118,124,86,42,21,31,67,84,127,128,85,40,35,28,9,3,24,119,210,238,237,246,250,252,250,251,252,251,248,250,246,248,248,243,238,241,240,237,238,234,234,231,226,222,222,220,216,220,223,224,212,170,108,46,25,21,12,1,2,2,15,43,80,127,163,191,226,247,249,250,250,249,249,251,251,254,255,255,254,213,169,152,190,232,231,193,169,131,0
0,131,150,153,198,227,222,152,112,167,234,251,249,247,249,245,247,251,252,234,189,136,112,99,103,125,151,108,42,21,8,12,6,4,21,61,91,84,58,51,49,39,30,32,36,35,32,25,19,17,16,12,13,12,11,8,7,7,7,7,8,13,68,102,85,39,6,4,6,32,65,113,125,86,24,5,6,5,1,60,162,235,247,241,249,253,252,252,251,252,251,250,252,254,254,253,250,248,250,252,251,252,252,252,250,250,250,251,252,252,251,251,249,244,200,108,32,13,8,7,6,29,67,107,150,191,211,234,246,251,250,250,251,250,250,250,251,252,254,254,255,254,210,169,157,201,236,229,184,146,0,0
0,144,149,147,192,220,218,145,110,169,237,251,250,247,250,241,242,247,253,253,237,210,193,187,197,208,204,102,21,19,13,23,22,12,12,35,103,144,139,147,141,128,123,128,129,124,111,100,93,91,89,83,79,76,76,71,65,61,55,45,44,58,97,91,46,15,14,12,17,3,18,64,110,107,60,23,6,6,37,129,220,250,251,250,253,253,253,252,249,250,251,254,254,254,254,253,254,254,254,254,254,254,253,254,254,254,254,254,254,254,255,254,252,240,173,73,13,11,6,37,86,138,183,219,247,253,255,254,253,253,251,250,249,250,250,250,251,252,254,254,255,254,211,172,167,209,230,232,205,162,0,0
0,153,148,145,192,220,225,145,114,170,237,251,248,248,249,243,242,246,252,255,253,245,238,235,242,244,237,119,23,16,18,19,19,13,11,57,140,201,230,230,221,219,222,223,221,216,207,200,200,199,200,198,196,198,197,195,191,186,183,183,179,182,180,130,53,14,12,16,22,7,8,44,103,122,119,118,117,124,139,200,252,253,251,250,252,253,252,249,249,251,250,252,253,254,254,254,251,254,254,253,255,254,255,255,254,253,255,255,255,255,255,254,249,213,125,44,22,60,96,159,205,234,250,255,254,254,255,255,254,251,249,247,248,248,251,251,252,252,253,253,255,254,214,167,162,209,222,215,189,149,0,0
0,132,162,141,176,237,234,155,112,171,237,248,247,247,249,246,249,250,252,255,254,253,249,250,253,251,224,147,62,19,13,21,19,1,8,58,176,251,238,254,254,253,252,252,253,254,254,254,254,252,250,247,243,240,253,253,252,253,254,254,250,251,241,174,71,14,14,15,17,10,6,27,125,197,213,221,230,209,229,249,254,253,252,251,253,252,252,250,248,249,249,250,252,253,253,253,252,255,254,255,254,253,253,253,252,252,255,254,255,255,255,254,240,194,133,116,144,187,238,247,254,254,254,254,254,254,254,255,254,253,251,250,250,250,252,252,251,249,250,254,255,253,212,161,167,210,225,216,181,137,0,0
0,148,169,148,174,225,238,154,110,170,235,248,246,246,248,247,250,251,253,254,255,254,253,254,254,253,235,176,91,26,11,8,2,1,28,128,226,253,253,255,255,255,254,255,255,254,255,255,254,254,255,255,255,255,255,255,255,254,255,255,255,254,252,191,82,15,14,13,9,5,5,44,142,217,246,254,253,254,254,255,255,253,248,250,253,253,252,250,249,249,249,249,251,252,253,251,250,252,255,255,253,251,252,253,253,252,255,255,255,255,255,250,222,201,192,205,234,247,253,255,255,255,255,254,250,247,251,252,253,252,252,251,251,251,251,252,250,246,249,253,255,251,207,162,164,205,232,218,170,132,0,0
0,150,151,153,190,224,229,147,110,172,235,244,244,245,248,247,250,251,252,254,255,255,255,254,254,254,241,230,152,96,36,17,13,46,135,209,253,255,255,254,255,253,252,255,255,255,251,253,255,255,254,253,252,251,251,251,252,251,252,251,254,254,253,209,104,26,14,13,10,7,2,78,187,253,255,254,255,255,255,254,254,254,248,252,253,252,253,250,250,251,250,250,252,254,255,253,250,252,255,255,253,251,252,253,252,251,253,254,254,254,254,253,243,243,247,249,253,254,255,254,254,254,255,253,249,248,251,252,253,253,253,252,252,251,251,252,250,246,250,254,255,251,202,165,163,203,242,223,175,163,0,0
0,136,139,158,209,241,221,141,111,177,243,247,244,245,248,248,251,251,251,252,254,254,253,249,255,254,253,252,224,194,163,136,136,174,240,254,255,253,254,255,255,251,251,254,254,254,254,254,254,254,254,253,253,252,251,251,252,251,252,250,254,255,254,236,167,90,42,18,18,32,83,187,253,254,254,251,246,254,254,254,255,255,252,253,253,253,252,250,250,252,251,250,251,253,254,254,252,253,255,254,252,253,254,254,252,249,251,252,253,253,252,255,255,254,254,254,254,254,253,253,253,254,255,255,254,254,253,253,252,252,252,252,252,252,252,252,251,248,252,254,255,251,201,163,164,210,246,223,183,181,0,0
0,153,144,158,217,245,218,139,112,180,247,248,244,245,248,250,252,252,251,251,252,251,254,248,243,254,255,254,253,247,239,232,238,253,255,255,255,254,254,254,254,251,251,254,255,252,254,254,254,253,253,254,253,253,252,252,252,252,252,250,252,255,255,253,233,177,129,105,100,128,198,245,254,254,252,251,253,252,253,252,255,255,254,253,252,252,253,251,251,253,252,250,250,252,253,254,252,253,254,253,252,254,254,254,253,249,251,253,254,253,254,253,252,253,254,255,255,255,251,250,250,251,253,254,254,254,254,253,252,252,251,251,252,252,252,252,251,250,253,254,254,251,204,158,170,222,238,218,190,172,0,0
0,180,155,154,198,229,217,137,111,178,246,248,244,245,249,249,252,251,250,250,251,250,252,245,243,250,254,254,254,254,254,254,253,250,245,245,251,254,254,254,251,251,255,254,254,252,252,252,252,252,253,253,253,253,252,252,252,252,251,249,250,254,255,254,253,245,229,220,215,231,253,255,254,253,250,249,251,245,242,244,252,254,254,253,253,252,253,251,252,253,252,250,250,251,253,253,252,253,254,253,253,253,253,254,253,251,252,254,254,253,254,254,253,253,252,253,254,253,252,252,251,251,252,253,253,253,254,253,253,252,252,252,253,253,253,252,250,250,252,255,254,251,206,158,176,227,231,211,197,174,0,0
0,167,165,159,189,221,212,133,113,181,247,249,245,244,248,248,250,249,249,249,252,251,249,247,243,243,245,246,254,255,255,254,255,254,251,245,244,247,254,255,249,249,254,252,249,249,251,251,251,251,251,251,252,252,252,251,251,252,251,250,254,255,255,255,254,254,253,253,254,254,255,254,251,251,248,249,247,241,240,244,252,254,251,251,253,252,251,249,250,251,251,250,250,251,252,251,251,252,253,252,252,252,253,253,253,251,252,253,254,253,254,253,253,252,252,253,253,254,253,254,254,253,252,251,251,251,252,252,252,252,252,252,253,253,254,252,252,251,253,255,254,250,205,159,177,225,231,207,200,186,0,0
0,130,174,173,209,245,203,130,119,188,248,249,245,244,248,249,250,251,250,250,251,250,251,249,249,249,249,249,253,254,254,252,254,254,253,253,238,216,249,250,248,246,245,245,247,250,250,250,250,250,250,249,249,249,247,248,247,248,247,246,253,252,252,253,250,252,255,254,255,255,254,254,253,252,250,250,251,251,247,249,252,253,252,250,253,253,252,250,250,251,250,250,250,250,251,251,251,252,253,252,252,252,252,253,253,251,252,252,253,253,251,253,252,252,252,252,253,252,251,251,252,253,253,252,252,251,253,252,252,252,252,252,252,253,254,252,253,252,254,255,254,249,203,160,179,223,229,205,204,197,0,0
0,157,172,182,209,224,195,136,137,200,249,250,247,240,248,249,250,251,249,250,251,251,250,249,250,251,250,250,251,249,246,242,253,254,254,253,248,248,247,249,250,248,245,246,249,249,251,252,251,250,249,248,250,248,247,247,245,245,245,245,250,253,251,249,251,254,254,255,255,253,253,254,254,253,253,253,253,254,253,254,254,253,250,252,254,254,252,252,252,252,251,250,250,252,252,251,252,253,253,252,252,252,253,253,253,251,251,252,252,252,249,250,250,251,252,252,253,253,252,252,253,253,253,253,253,252,252,252,253,252,252,252,253,253,254,253,255,254,254,254,254,246,201,158,175,224,238,205,196,194,0,0
0,137,178,173,209,241,193,135,137,197,248,249,245,245,246,249,250,248,247,249,251,250,250,249,249,251,250,249,249,246,245,243,251,253,252,251,247,247,248,250,252,250,248,249,251,252,253,253,252,252,251,250,251,249,249,249,249,249,249,248,250,252,254,252,253,254,254,254,254,254,245,247,248,247,251,252,253,253,253,254,254,252,249,252,254,252,253,252,252,253,252,250,250,252,252,252,252,253,254,253,252,252,253,253,252,251,251,252,252,252,249,250,250,250,251,252,252,252,252,252,253,253,253,253,253,252,252,252,252,252,252,252,253,253,254,254,254,253,254,255,254,250,194,152,169,216,230,216,201,171,0,0
0,139,163,159,188,230,194,131,127,184,235,248,248,248,248,250,251,246,245,247,250,248,249,249,249,250,246,243,246,248,253,253,252,250,245,248,251,251,251,251,251,251,251,251,251,249,251,251,251,250,250,250,250,250,249,250,250,250,250,250,251,251,252,251,251,252,252,251,251,250,250,251,252,252,253,250,246,243,247,253,254,253,248,251,254,254,254,253,253,254,253,250,250,252,253,252,251,253,254,253,251,252,252,252,252,251,251,251,252,251,251,251,251,251,251,251,251,251,251,251,251,251,251,251,251,250,250,250,250,250,251,251,252,252,253,252,254,254,254,255,254,250,186,145,167,220,231,217,182,124,0,0
0,134,165,173,191,219,196,132,108,153,218,248,249,250,251,251,251,250,249,250,251,251,251,251,250,250,249,249,250,251,252,253,251,250,246,249,251,250,251,250,249,250,251,251,251,249,250,251,250,250,249,249,249,249,249,250,250,249,249,250,250,250,251,249,249,251,251,251,251,251,251,251,251,249,251,253,253,253,254,254,253,253,252,253,254,253,254,254,254,254,253,250,250,252,253,252,251,253,253,253,251,252,252,252,252,251,251,251,252,251,251,251,251,251,251,251,251,251,251,251,251,250,250,250,250,250,250,250,251,251,251,252,252,252,253,253,252,254,253,253,254,242,184,145,169,228,242,213,161,101,0,0
0,79,133,167,203,236,215,146,97,114,186,248,250,250,251,252,253,252,251,251,252,252,253,253,252,252,252,253,252,250,251,252,251,253,251,251,250,251,252,252,252,251,250,251,252,252,250,250,250,249,249,249,248,248,249,249,249,250,250,251,250,249,251,249,248,249,249,249,249,248,251,252,251,249,249,251,250,249,251,251,251,251,249,249,250,252,253,254,254,253,252,250,251,252,252,251,250,251,252,251,251,251,252,253,252,251,250,251,251,250,249,250,250,250,250,250,250,250,250,250,249,249,248,248,248,248,248,248,250,250,251,250,251,251,251,252,250,253,254,255,254,236,183,149,170,227,240,197,143,105,0,0
0,130,159,176,185,212,249,186,111,92,135,197,228,234,240,247,250,248,244,249,251,251,251,253,253,251,251,253,253,253,253,254,254,253,252,252,252,253,251,252,252,251,251,252,253,252,252,251,251,251,251,251,251,251,251,251,251,252,253,253,252,251,251,250,249,250,250,249,251,251,253,254,253,252,253,253,253,253,253,253,253,253,252,253,252,252,253,254,253,253,252,252,253,253,252,252,252,252,253,252,252,252,253,254,253,252,251,251,252,252,251,251,251,251,251,252,251,251,251,250,250,249,249,249,248,248,248,248,250,250,251,251,252,252,253,254,253,254,254,255,253,237,182,144,166,224,236,185,139,119,0,0
0,155,161,156,154,183,251,238,171,115,107,133,164,173,194,204,210,207,205,211,217,216,221,221,223,223,225,228,232,235,241,246,249,250,250,250,249,249,252,252,252,251,251,251,252,251,251,250,250,249,248,249,250,249,250,250,250,251,251,252,251,252,251,251,249,250,250,249,250,251,253,253,253,252,252,251,251,251,252,253,253,253,253,253,252,251,251,251,252,251,250,250,251,252,252,251,251,252,253,251,251,252,253,253,253,252,252,252,253,252,253,253,253,253,253,252,252,252,251,250,250,249,248,248,248,248,248,249,250,250,251,251,252,252,254,253,253,254,254,254,254,237,184,145,175,232,239,195,156,125,0,0
0,140,144,135,147,182,249,251,228,173,128,108,111,116,131,141,148,145,144,148,152,150,149,147,151,152,154,154,156,159,164,169,171,174,175,174,177,179,180,184,187,188,189,195,200,201,205,208,215,213,210,214,218,218,217,216,220,223,225,227,229,234,232,230,231,240,245,245,247,248,249,249,249,250,248,249,249,249,250,251,251,252,253,253,253,253,253,252,253,252,252,251,252,253,252,252,252,253,253,253,252,253,251,251,251,249,250,252,252,251,251,251,252,252,252,252,251,251,251,251,250,250,249,249,249,249,249,249,250,250,251,251,252,252,253,252,254,254,255,255,254,216,166,142,188,239,239,213,179,126,0,0
0,102,131,134,135,138,186,225,248,248,226,178,145,132,111,101,102,110,104,87,86,98,95,91,88,85,90,88,85,80,77,78,75,72,73,78,79,79,87,88,87,88,92,95,99,102,111,117,125,126,125,131,131,132,139,147,154,153,153,158,163,168,180,184,190,196,199,196,198,202,202,209,218,221,222,224,230,233,234,234,233,236,236,242,250,251,251,252,251,252,252,252,251,252,252,253,253,253,253,253,253,253,252,251,252,253,253,253,252,252,251,251,252,252,253,252,253,253,252,252,252,251,250,251,251,251,251,251,251,252,252,251,252,252,250,250,252,255,255,255,251,209,141,135,189,241,246,219,183,133,0,0
0,107,121,132,144,143,182,213,246,246,245,242,228,227,216,201,196,200,203,190,187,195,200,195,194,195,193,182,175,171,167,171,168,158,153,156,152,142,146,148,148,147,142,138,141,144,133,130,131,128,123,125,124,120,115,117,118,117,119,126,128,127,126,126,129,132,137,138,142,147,149,153,158,159,159,164,169,170,164,162,162,161,160,168,177,180,187,186,190,199,203,201,201,205,210,214,212,212,216,218,215,211,218,218,222,228,230,230,223,233,241,237,235,238,243,244,244,245,246,249,250,249,251,249,250,251,251,249,251,251,252,252,252,251,250,251,253,254,255,253,225,159,112,139,197,233,232,212,167,107,0,0
0,116,104,111,121,107,150,171,197,233,242,244,248,250,251,252,253,251,253,253,253,254,253,254,254,254,254,254,253,251,252,251,252,247,240,240,240,233,231,231,228,221,213,210,212,212,203,192,188,187,181,175,174,174,174,174,173,166,160,159,158,154,153,151,149,144,139,132,125,123,108,102,95,89,86,88,86,79,72,72,76,74,73,76,78,78,79,78,84,89,90,88,86,89,82,91,97,102,106,112,119,125,132,138,139,143,155,154,152,156,160,163,161,183,181,183,183,190,191,195,201,199,208,213,210,217,224,234,218,228,237,239,238,241,233,244,248,250,248,220,165,109,123,183,243,247,222,197,154,90,0,0
0,84,73,67,81,76,117,133,160,191,224,236,241,247,251,251,252,252,252,253,253,253,252,253,253,253,253,253,252,251,250,252,253,253,254,253,254,255,254,254,254,254,254,253,254,254,254,254,253,253,253,249,248,248,250,251,250,247,241,239,237,234,230,227,226,220,215,211,208,207,205,205,205,205,202,206,208,205,198,196,195,190,187,187,185,182,178,168,167,166,164,158,154,155,153,150,149,145,142,145,144,136,138,136,122,117,121,118,118,119,126,130,132,132,133,132,134,134,135,140,149,149,155,162,157,164,171,173,169,175,177,172,165,167,183,188,186,180,166,134,96,83,156,231,254,252,231,199,136,62,0,0
0,73,68,55,59,72,87,102,131,161,187,192,199,216,213,229,232,229,232,241,244,244,248,243,233,236,244,247,245,242,246,246,249,249,251,251,251,252,252,252,252,253,254,254,253,254,254,253,252,250,252,253,253,253,252,252,251,251,252,253,253,253,253,252,253,254,254,254,254,254,255,255,254,255,254,254,254,254,254,254,253,251,252,251,250,245,250,242,240,238,236,234,231,229,227,216,215,210,207,206,204,201,194,188,186,174,176,170,168,166,157,148,144,155,150,144,140,126,122,119,114,113,111,112,107,102,94,88,94,90,89,83,77,79,84,85,84,80,69,70,115,186,248,254,254,245,215,167,100,35,0,0
0,122,111,87,72,78,59,71,91,111,118,139,161,179,167,181,183,188,211,217,215,212,219,215,209,215,228,238,239,240,240,241,242,243,245,247,248,247,247,245,246,249,245,236,237,248,250,249,249,248,250,250,250,249,250,249,247,248,249,249,249,250,250,250,251,251,252,251,251,251,253,253,253,253,253,253,253,253,252,253,252,252,252,251,252,251,251,252,253,252,251,252,252,250,248,245,245,239,241,244,244,244,244,245,243,240,236,237,235,232,231,231,229,233,231,227,221,222,219,218,221,220,218,215,215,210,207,207,194,197,201,199,189,185,186,180,170,158,162,190,225,253,255,255,253,233,191,142,72,13,0,0
0,0,0,0,0,0,0,0,0,0,0,0,0,0,0,0,0,0,0,0,0,0,0,146,152,161,173,185,194,206,213,209,197,198,215,223,214,208,209,211,217,218,212,207,210,221,220,223,225,221,223,229,229,228,220,219,218,222,226,227,228,227,230,229,227,229,232,227,226,225,242,245,244,244,247,246,242,241,246,247,247,247,247,246,246,247,246,247,247,247,247,247,247,247,247,248,248,247,248,248,248,249,250,250,249,249,249,249,251,251,252,252,251,252,251,250,251,251,251,249,252,251,252,252,253,253,253,254,252,253,253,254,253,252,250,250,244,236,243,251,254,255,255,253,245,201,145,87,33,9,0,0
0,0,0,0,0,0,0,0,0,0,0,0,0,0,0,0,0,0,0,0,0,0,0,0,0,0,0,0,0,0,0,0,0,0,0,0,0,0,0,0,0,0,0,0,0,0,0,0,172,167,164,162,159,166,160,161,163,168,170,172,174,173,165,165,164,173,181,180,185,188,194,200,202,205,217,219,216,216,214,214,213,211,210,212,212,217,222,230,229,230,230,230,230,229,228,234,232,232,229,231,235,235,241,242,242,230,230,234,233,236,238,236,241,246,246,246,247,247,248,249,247,248,249,249,250,251,251,252,253,253,253,253,252,251,250,248,247,248,250,250,252,253,254,239,196,149,89,37,12,11,0,0
0,0,0,0,0,0,0,0,0,0,0,0,0,0,0,0,0,0,0,0,0,0,0,0,0,0,0,0,0,0,0,0,0,0,0,0,0,0,0,0,0,0,0,0,0,0,0,0,0,0,0,0,0,0,0,0,0,0,0,0,0,0,0,0,0,0,0,0,0,0,0,0,0,111,121,119,114,116,118,127,138,144,146,146,147,153,157,159,159,158,162,167,173,177,175,190,189,189,185,182,192,198,202,204,205,191,189,199,201,201,202,203,205,210,211,212,212,220,223,225,220,224,230,235,239,242,243,245,247,246,247,245,237,224,218,224,237,241,239,241,243,239,224,180,131,82,37,16,13,17,0,0
0,0,0,0,0,0,0,0,0,0,0,0,0,0,0,0,0,0,0,0,0,0,0,0,0,0,0,0,0,0,0,0,0,0,0,0,0,0,0,0,0,0,0,0,0,0,0,0,0,0,0,0,0,0,0,0,0,0,0,0,0,0,0,0,0,0,0,0,0,0,0,0,0,0,0,0,0,0,0,0,0,0,0,0,0,0,0,0,0,0,0,0,0,0,0,0,0,0,104,105,108,113,109,115,119,127,131,138,141,143,145,145,147,148,148,148,148,155,158,163,167,174,178,184,199,204,204,209,208,213,216,213,202,188,183,187,195,193,183,176,167,151,142,109,66,22,4,8,18,22,0,0
0,0,0,0,0,0,0,0,0,0,0,0,0,0,0,0,0,0,0,0,0,0,0,0,0,0,0,0,0,0,0,0,0,0,0,0,0,0,0,0,0,0,0,0,0,0,0,0,0,0,0,0,0,0,0,0,0,0,0,0,0,0,0,0,0,0,0,0,0,0,0,0,0,0,0,0,0,0,0,0,0,0,0,0,0,0,0,0,0,0,0,0,0,0,0,0,0,0,0,0,0,0,0,0,0,0,0,0,0,0,0,0,0,0,0,0,0,0,0,0,0,0,75,77,90,97,98,104,99,105,113,117,114,111,111,113,114,111,108,101,90,72,30,15,8,11,22,26,28,31,0,0
0,0,0,0,0,0,0,0,0,0,0,0,0,0,0,0,0,0,0,0,0,0,0,0,0,0,0,0,0,0,0,0,0,0,0,0,0,0,0,0,0,0,0,0,0,0,0,0,0,0,0,0,0,0,0,0,0,0,0,0,0,0,0,0,0,0,0,0,0,0,0,0,0,0,0,0,0,0,0,0,0,0,0,0,0,0,0,0,0,0,0,0,0,0,0,0,0,0,0,0,0,0,0,0,0,0,0,0,0,0,0,0,0,0,0,0,0,0,0,0,0,0,0,0,0,0,0,0,0,0,0,0,0,0,0,0,0,0,0,0,0,0,0,0,0,0,0,36,30,33,0,0
