0,0,0,0,0,0,0,0,0,0,0,0,0,0,0,0,0,0,0,0,0,0,0,0,0,0,0,0,0,0,0,0,0,0,0,0,0,0,0,0,0,0,0,0,0,0,0,0,0,0,0,0,0,0,0,0,0,0,0,0,0,0,0,0,0,0,0,0,0,0,0,0,0,0,0,0,0,0,0,0,0,0,0,0,0,0,0,0,0,0,0,0,0,0,0,0,0,0,0,0,0,0,0,0,0,0,0,0,0,0,0
0,0,0,0,0,0,0,0,0,0,0,0,0,0,0,0,0,0,0,0,0,0,0,0,0,0,0,0,0,0,0,0,0,0,0,0,0,0,0,0,0,0,0,0,0,0,0,136,141,142,146,149,152,148,142,138,133,135,137,138,137,0,0,0,0,0,0,0,0,0,0,0,0,0,0,0,0,0,0,0,0,0,0,0,0,0,0,0,0,0,0,0,0,0,0,0,0,0,0,0,0,0,0,0,0,0,0,0,0,0,0
0,0,0,0,0,0,0,0,0,0,0,0,0,0,0,0,0,0,0,0,0,0,0,0,0,0,0,0,0,0,0,0,0,0,0,0,0,0,0,0,0,0,0,0,155,155,157,161,159,158,162,164,161,152,144,139,140,142,142,144,145,141,139,144,138,135,136,0,0,0,0,0,0,0,0,0,0,0,0,0,0,0,0,0,0,0,0,0,0,0,0,0,0,0,0,0,0,0,0,0,0,0,0,0,0,0,0,0,0,0,0
0,0,0,0,0,0,0,0,0,0,0,0,0,0,0,0,0,0,0,0,0,0,0,0,0,0,0,0,0,0,0,0,0,0,0,0,0,0,0,0,150,160,181,184,183,181,173,164,152,148,150,152,148,139,133,136,141,140,135,136,142,145,144,146,147,149,147,142,142,138,140,144,0,0,0,0,0,0,0,0,0,0,0,0,0,0,0,0,0,0,0,0,0,0,0,0,0,0,0,0,0,0,0,0,0,0,0,0,0,0,0
0,0,0,0,0,0,0,0,0,0,0,0,0,0,0,0,0,0,0,0,0,0,0,0,0,0,0,0,0,0,0,0,0,0,0,0,0,153,175,195,197,190,185,179,170,160,155,135,122,117,114,113,108,100,96,96,99,96,96,100,105,110,113,115,119,129,131,129,133,132,138,137,131,128,0,0,0,0,0,0,0,0,0,0,0,0,0,0,0,0,0,0,0,0,0,0,0,0,0,0,0,0,0,0,0,0,0,0,0,0,0
0,0,0,0,0,0,0,0,0,0,0,0,0,0,0,0,0,0,0,0,0,0,0,0,0,0,0,0,0,0,0,0,0,0,0,162,179,190,202,190,180,167,158,140,123,106,91,64,55,50,40,32,27,24,24,23,24,25,32,36,35,40,47,48,51,68,82,91,106,117,128,131,130,129,137,136,0,0,0,0,0,0,0,0,0,0,0,0,0,0,0,0,0,0,0,0,0,0,0,0,0,0,0,0,0,0,0,0,0,0,0
0,0,0,0,0,0,0,0,0,0,0,0,0,0,0,0,0,0,0,0,0,0,0,0,0,0,0,0,0,0,0,0,143,161,187,196,195,184,171,164,137,116,114,89,70,59,49,27,28,29,21,15,15,16,17,18,18,20,27,27,22,27,35,28,34,44,53,65,76,88,105,106,117,123,129,131,134,134,0,0,0,0,0,0,0,0,0,0,0,0,0,0,0,0,0,0,0,0,0,0,0,0,0,0,0,0,0,0,0,0,0
0,0,0,0,0,0,0,0,0,0,0,0,0,0,0,0,0,0,0,0,0,0,0,0,0,0,0,0,0,0,128,169,197,208,212,193,166,143,129,96,69,45,35,17,14,17,15,25,32,37,39,38,39,37,35,34,33,34,38,37,36,37,37,33,38,32,27,33,30,33,45,43,61,88,109,118,126,132,134,134,0,0,0,0,0,0,0,0,0,0,0,0,0,0,0,0,0,0,0,0,0,0,0,0,0,0,0,0,0,0,0
0,0,0,0,0,0,0,0,0,0,0,0,0,0,0,0,0,0,0,0,0,0,0,0,0,0,0,0,120,146,178,212,213,190,174,143,115,92,74,37,30,23,16,20,31,36,37,37,38,36,36,38,41,40,36,37,37,38,36,36,41,41,36,37,42,39,35,35,30,33,34,34,40,62,81,94,108,119,126,116,129,135,0,0,0,0,0,0,0,0,0,0,0,0,0,0,0,0,0,0,0,0,0,0,0,0,0,0,0,0,0
0,0,0,0,0,0,0,0,0,0,0,0,0,0,0,0,0,0,0,0,0,0,0,0,0,0,0,151,183,210,223,203,176,152,126,94,60,29,14,16,17,24,20,32,38,35,37,38,38,37,37,37,38,39,40,40,40,36,34,35,39,41,35,31,35,36,38,38,38,36,35,35,30,22,27,41,63,84,100,99,117,130,136,135,0,0,0,0,0,0,0,0,0,0,0,0,0,0,0,0,0,0,0,0,0,0,0,0,0,0,0
0,0,0,0,0,0,0,0,0,0,0,0,0,0,0,0,0,0,0,0,0,0,0,0,0,126,157,195,228,228,203,162,125,94,59,34,20,21,34,32,35,44,37,33,35,37,40,43,44,44,42,38,40,41,41,39,36,34,33,29,30,33,32,30,30,30,35,39,40,38,38,43,40,27,23,28,43,60,79,81,97,113,125,131,133,130,0,0,0,0,0,0,0,0,0,0,0,0,0,0,0,0,0,0,0,0,0,0,0,0,0
0,0,0,0,0,0,0,0,0,0,0,0,0,0,0,0,0,0,0,0,0,0,0,0,132,181,224,230,212,183,149,88,57,27,14,16,19,30,38,42,42,38,37,39,38,33,34,42,42,42,41,36,35,36,37,36,30,28,28,27,28,30,31,29,29,29,29,31,32,29,30,39,42,38,36,34,35,38,48,51,60,79,107,126,131,130,132,0,0,0,0,0,0,0,0,0,0,0,0,0,0,0,0,0,0,0,0,0,0,0,0
0,0,0,0,0,0,0,0,0,0,0,0,0,0,0,0,0,0,0,0,0,0,115,138,194,237,244,221,170,122,89,39,25,13,16,23,30,34,37,37,39,36,38,35,37,36,32,26,22,21,24,26,25,25,27,29,27,26,25,25,26,26,26,29,26,27,27,28,30,30,32,33,35,40,44,41,35,29,28,35,39,52,78,103,115,121,128,128,146,0,0,0,0,0,0,0,0,0,0,0,0,0,0,0,0,0,0,0,0,0,0
0,0,0,0,0,0,0,0,0,0,0,0,0,0,0,0,0,0,0,0,0,112,154,215,248,238,201,154,96,47,18,17,21,22,38,44,37,37,36,34,36,34,38,29,22,21,20,17,17,19,25,33,32,36,42,46,49,47,46,44,39,33,29,34,25,25,26,25,26,26,26,28,28,32,36,35,32,28,28,32,37,38,44,63,90,114,131,122,135,138,0,0,0,0,0,0,0,0,0,0,0,0,0,0,0,0,0,0,0,0,0
0,0,0,0,0,0,0,0,0,0,0,0,0,0,0,0,0,0,0,0,113,146,206,254,250,194,135,89,54,25,16,27,36,43,35,33,36,32,32,37,42,35,28,22,21,20,22,51,62,76,85,92,93,95,99,107,111,109,109,106,96,89,83,92,79,64,49,40,34,28,24,26,27,30,31,31,29,28,28,35,41,38,32,41,68,96,116,110,120,133,139,125,0,0,0,0,0,0,0,0,0,0,0,0,0,0,0,0,0,0,0
0,0,0,0,0,0,0,0,0,0,0,0,0,0,0,0,0,0,0,123,181,236,252,243,192,122,60,19,14,23,29,39,42,47,43,43,44,36,33,30,24,22,28,43,63,85,97,126,133,139,141,143,149,153,154,155,159,162,162,156,148,145,144,143,137,121,100,84,69,53,40,33,28,27,27,29,29,29,31,40,43,41,37,38,45,58,74,96,107,127,134,110,86,0,0,0,0,0,0,0,0,0,0,0,0,0,0,0,0,0,0
0,0,0,0,0,0,0,0,0,0,0,0,0,0,0,0,0,0,122,167,228,254,240,196,120,62,28,16,18,35,41,37,41,48,49,47,44,26,20,20,23,43,69,97,111,123,138,152,158,160,158,149,154,155,154,153,155,161,160,155,153,151,149,151,145,139,127,113,103,92,73,68,49,39,36,35,34,35,37,39,35,32,32,31,30,37,55,82,96,115,117,92,74,73,0,0,0,0,0,0,0,0,0,0,0,0,0,0,0,0,0
0,0,0,0,0,0,0,0,0,0,0,0,0,0,0,0,0,118,181,237,253,244,187,135,59,18,23,25,32,33,34,38,45,47,43,36,25,21,27,42,66,96,122,140,153,160,156,147,143,147,150,149,149,148,147,147,147,147,149,149,149,149,151,156,161,160,155,149,142,135,127,118,99,75,53,42,29,29,30,32,32,40,33,26,30,36,24,45,60,86,110,121,109,100,101,0,0,0,0,0,0,0,0,0,0,0,0,0,0,0,0
0,0,0,0,0,0,0,0,0,0,0,0,0,0,0,0,112,154,229,255,254,198,111,60,22,17,23,41,43,40,37,38,39,35,27,22,22,40,69,97,120,147,157,154,152,148,144,145,143,146,149,148,147,146,145,145,145,145,145,145,144,144,145,149,154,154,153,152,151,149,144,136,128,115,96,76,51,36,28,28,29,36,32,29,30,34,27,31,45,68,90,106,113,114,112,97,0,0,0,0,0,0,0,0,0,0,0,0,0,0,0
0,0,0,0,0,0,0,0,0,0,0,0,0,0,0,108,156,242,254,254,210,129,60,19,16,24,31,33,35,35,42,37,27,21,20,29,61,96,125,140,156,166,159,151,149,145,144,145,145,147,148,147,147,146,145,145,145,145,143,143,141,140,141,144,147,148,148,150,152,153,150,144,147,144,130,111,87,63,42,31,30,30,30,30,31,34,32,28,38,53,68,86,110,122,119,110,101,0,0,0,0,0,0,0,0,0,0,0,0,0,0
0,0,0,0,0,0,0,0,0,0,0,0,0,0,107,150,217,254,253,216,129,58,22,20,26,34,37,37,40,40,34,30,25,21,44,88,131,153,165,160,158,146,143,149,147,144,143,145,146,146,146,146,146,146,146,145,146,145,144,144,143,142,142,144,145,144,143,144,145,144,142,145,152,155,148,137,121,97,70,59,48,31,29,33,36,35,34,31,35,42,50,64,94,113,116,118,109,94,0,0,0,0,0,0,0,0,0,0,0,0,0
0,0,0,0,0,0,0,0,0,0,0,0,0,103,129,229,255,254,219,133,63,28,20,29,43,43,38,38,43,46,31,19,35,65,108,144,159,160,155,153,147,136,139,147,146,144,144,146,146,145,145,145,145,146,145,145,146,145,145,146,147,146,146,146,146,145,143,142,143,141,139,145,149,152,152,148,143,129,111,83,67,42,35,38,38,35,34,35,35,35,39,47,71,92,104,126,119,104,93,0,0,0,0,0,0,0,0,0,0,0,0
0,0,0,0,0,0,0,0,0,0,0,0,105,119,184,254,253,248,152,61,19,22,24,35,48,44,46,32,34,37,30,47,87,123,148,157,150,148,148,147,145,148,148,145,146,147,147,147,147,145,145,145,146,146,146,146,146,145,146,147,148,147,148,147,147,147,146,146,146,146,145,147,146,144,144,147,153,152,143,124,100,68,50,43,36,32,34,38,35,33,35,38,52,68,87,119,119,112,100,84,0,0,0,0,0,0,0,0,0,0,0
0,0,0,0,0,0,0,0,0,0,0,101,109,173,253,255,249,185,89,28,19,25,30,42,44,48,53,34,27,31,41,105,134,154,156,148,146,150,150,146,143,148,151,147,147,149,149,147,146,144,145,145,145,146,145,146,146,145,145,146,146,146,147,147,147,148,147,147,147,147,148,151,149,145,143,146,152,154,149,146,126,106,84,61,37,31,35,36,34,33,35,37,43,52,68,101,111,115,110,94,0,0,0,0,0,0,0,0,0,0,0
0,0,0,0,0,0,0,0,0,0,0,105,161,243,255,254,221,110,42,20,21,27,44,50,42,35,37,32,39,52,82,139,154,160,157,147,145,147,148,146,148,146,146,145,146,150,148,147,146,145,146,145,145,146,146,146,145,145,144,145,143,144,145,145,146,147,146,145,144,144,145,148,146,145,145,146,146,147,145,154,135,126,113,89,56,38,35,35,35,36,37,39,41,43,52,91,106,116,115,99,80,0,0,0,0,0,0,0,0,0,0
0,0,0,0,0,0,0,0,0,0,110,149,230,254,254,223,153,50,19,23,43,44,33,35,35,32,23,21,59,103,144,164,162,157,150,148,148,146,147,147,149,148,146,145,144,147,148,147,146,145,145,145,145,145,145,145,145,144,142,142,144,145,145,145,146,148,147,145,144,145,146,146,144,143,143,143,144,146,148,147,145,141,140,112,89,65,48,43,36,36,37,38,36,33,37,59,90,106,109,100,86,0,0,0,0,0,0,0,0,0,0
0,0,0,0,0,0,0,0,0,0,113,204,253,254,251,180,76,17,21,42,48,41,39,40,37,27,26,48,94,136,159,154,151,149,148,149,150,145,144,145,148,149,146,143,141,144,145,146,146,145,145,145,145,145,145,145,145,145,144,144,145,145,145,145,146,148,147,145,144,146,147,146,147,145,140,138,143,147,146,145,142,143,146,135,117,94,70,47,38,35,36,37,37,31,30,47,76,98,108,104,97,97,0,0,0,0,0,0,0,0,0
0,0,0,0,0,0,0,0,0,111,171,244,254,253,220,112,35,22,25,42,49,51,52,51,33,24,46,94,134,152,147,144,142,143,144,147,149,147,146,142,146,148,146,143,142,145,146,146,145,145,145,145,145,145,145,145,145,145,146,146,146,145,144,144,145,148,147,145,144,146,146,147,146,146,147,146,144,144,146,146,145,147,148,147,137,118,91,57,45,38,37,34,35,32,33,41,63,87,102,104,106,110,0,0,0,0,0,0,0,0,0
0,0,0,0,0,0,0,0,112,140,208,253,253,246,166,44,20,33,49,58,45,38,42,40,24,50,102,142,153,150,142,144,144,145,146,146,147,148,145,144,145,147,146,145,144,146,146,146,145,145,145,145,145,145,145,145,145,146,147,147,146,144,143,144,146,149,147,145,144,146,147,147,147,147,148,148,147,146,147,144,143,143,145,146,145,132,111,74,54,42,36,34,34,34,36,40,51,74,91,99,109,115,115,0,0,0,0,0,0,0,0
0,0,0,0,0,0,0,0,128,185,252,254,252,211,114,30,23,30,44,55,45,34,35,38,41,80,130,157,162,156,146,145,145,145,148,148,148,152,149,145,144,146,146,146,144,146,146,146,145,145,145,145,145,145,145,145,145,146,147,147,146,144,143,144,146,148,147,145,144,147,148,147,147,147,146,147,148,149,149,146,144,142,144,146,145,136,123,96,72,52,38,34,34,36,35,35,36,56,75,88,108,117,119,0,0,0,0,0,0,0,0
0,0,0,0,0,0,0,116,163,232,254,254,243,168,73,26,26,35,39,46,53,41,34,54,83,117,147,153,151,150,144,145,146,145,148,145,142,146,145,144,143,147,147,146,145,147,148,146,145,145,145,145,145,145,145,145,145,145,146,146,145,144,144,144,146,148,147,145,144,146,147,147,145,144,148,150,148,148,150,145,146,148,145,147,148,145,137,122,97,69,45,38,37,38,36,30,26,43,62,79,106,122,121,119,0,0,0,0,0,0,0
0,0,0,0,0,0,0,137,210,253,255,253,218,118,38,27,35,48,46,40,57,46,31,74,123,145,152,140,138,142,141,144,147,151,151,147,145,147,147,146,147,150,149,146,145,147,148,146,145,145,145,146,145,145,145,145,145,144,144,144,145,145,145,144,146,148,147,145,144,145,145,145,143,143,145,147,146,146,149,142,148,151,146,147,148,150,146,144,120,88,60,49,41,38,36,31,27,38,56,69,98,119,111,115,0,0,0,0,0,0,0
0,0,0,0,0,0,134,173,246,253,254,247,176,76,26,30,49,55,51,34,53,52,43,99,142,152,152,141,142,147,146,146,148,150,145,143,146,147,146,147,147,151,148,146,147,148,148,145,145,145,146,146,146,145,145,144,145,144,144,144,145,146,146,143,144,145,144,142,141,143,144,146,144,143,145,146,145,145,148,138,141,145,144,145,145,146,149,155,136,109,81,61,43,35,37,37,30,34,47,53,83,110,98,113,108,0,0,0,0,0,0
0,0,0,0,0,0,144,232,253,254,253,220,142,56,28,33,44,49,54,45,33,43,85,107,141,154,156,146,148,150,151,148,149,148,145,139,147,149,144,146,144,148,144,143,147,150,147,143,144,145,145,147,147,145,144,145,145,144,145,147,147,146,146,144,142,142,141,141,143,145,146,145,145,142,142,146,142,142,146,143,141,141,145,145,141,143,147,145,147,128,102,78,45,31,36,36,35,33,39,49,64,88,103,114,113,0,0,0,0,0,0
0,0,0,0,0,127,186,251,254,255,253,210,115,38,28,43,41,38,36,30,29,48,98,138,153,150,147,143,147,149,149,147,148,146,146,142,146,147,145,149,150,149,141,152,154,149,143,142,146,147,142,141,143,143,144,145,146,147,149,151,150,148,147,143,140,139,139,139,141,144,146,146,146,143,140,142,141,143,145,144,141,140,143,144,142,143,146,145,144,132,112,90,57,35,36,36,37,30,28,36,42,79,98,106,115,0,0,0,0,0,0
0,0,0,0,0,156,247,253,254,255,249,175,97,38,29,35,39,53,49,37,47,80,124,146,156,153,148,145,145,147,147,145,146,145,147,144,146,148,148,147,151,147,140,155,151,142,140,147,145,143,142,143,145,145,145,146,147,149,151,151,150,147,144,141,139,140,139,139,141,143,145,146,146,145,142,142,143,146,144,144,143,142,143,142,140,143,147,145,147,146,134,111,75,43,38,35,38,42,35,33,45,58,84,99,100,95,0,0,0,0,0
0,0,0,0,0,202,252,253,255,254,251,183,81,26,29,45,38,47,42,39,68,107,133,154,158,150,144,143,146,149,148,145,145,146,150,142,145,149,148,141,146,144,144,152,147,138,142,143,140,139,141,143,143,143,147,141,142,144,146,146,146,144,141,142,142,145,145,145,147,148,148,145,146,146,144,143,144,146,144,145,145,144,143,142,142,145,146,145,146,151,143,125,95,63,46,32,35,40,37,31,34,50,79,98,106,100,0,0,0,0,0
0,0,0,0,184,249,253,255,254,253,248,158,66,28,31,45,50,44,26,43,97,134,140,151,155,150,147,144,146,149,148,147,146,147,150,142,144,147,147,143,151,148,150,151,150,143,145,147,145,142,140,141,143,142,142,139,138,139,143,146,148,147,144,146,145,147,147,146,146,146,146,145,145,145,144,144,143,143,144,146,146,144,142,145,148,147,142,143,146,150,144,131,111,83,56,34,32,39,38,33,36,49,76,95,106,100,92,0,0,0,0
0,0,0,0,227,252,253,255,253,253,208,90,29,31,33,34,44,35,27,58,111,140,142,150,151,146,149,148,149,149,148,147,146,146,147,144,146,143,146,145,151,149,147,148,147,147,148,147,148,146,141,140,142,143,144,146,144,144,147,151,152,151,148,148,145,145,145,143,141,141,144,145,144,145,146,148,146,144,145,144,146,145,144,147,151,147,140,142,147,150,144,139,124,98,65,39,31,37,37,36,40,46,65,86,102,100,93,0,0,0,0
0,0,0,175,242,253,254,254,254,245,151,72,27,29,50,57,48,33,44,84,132,149,146,153,150,146,150,150,149,148,148,145,145,146,143,142,147,143,144,149,149,149,150,146,145,152,155,151,150,149,148,152,155,154,154,152,151,151,153,154,152,150,149,147,145,146,146,144,141,141,143,141,141,144,144,147,145,143,142,142,146,149,146,146,149,146,141,142,147,146,140,145,136,111,79,44,30,36,33,38,32,38,56,82,102,105,95,0,0,0,0
0,0,0,189,244,252,254,254,253,209,56,28,30,33,49,48,45,40,60,100,144,155,152,153,148,144,148,150,149,148,146,143,145,147,141,137,148,144,141,156,151,152,154,144,142,150,150,146,147,149,150,152,153,152,152,152,152,154,155,155,151,149,151,157,158,160,158,153,149,146,145,146,145,148,147,148,148,146,144,140,146,150,146,144,146,145,142,141,148,147,141,150,141,118,92,54,42,37,33,34,30,34,49,75,98,106,100,87,0,0,0
0,0,0,192,245,252,254,254,237,149,56,32,33,40,50,48,33,45,90,126,156,161,150,147,145,145,145,143,151,153,144,144,147,147,145,138,144,144,143,141,136,130,134,117,114,114,111,113,120,128,137,138,139,142,150,158,156,154,156,159,160,160,161,166,159,158,160,160,158,160,162,153,155,152,153,155,155,153,150,147,148,146,145,150,147,144,145,144,145,144,143,137,132,131,118,68,50,41,35,31,32,36,48,62,85,99,103,92,0,0,0
0,0,147,201,245,252,254,255,208,94,27,29,36,44,47,46,38,59,103,139,156,156,150,145,141,149,149,138,147,152,149,155,149,145,151,157,150,140,139,143,144,144,143,106,81,60,53,61,66,72,76,79,83,88,93,98,102,106,110,115,119,122,126,128,133,140,145,145,143,147,153,154,152,147,148,152,155,156,154,150,153,152,152,157,154,152,156,153,152,148,146,142,139,138,126,87,61,42,35,28,37,44,45,55,78,99,109,103,80,0,0
0,0,145,198,242,252,254,254,168,59,24,31,41,46,44,42,33,69,118,146,153,154,147,146,142,150,155,147,149,149,150,154,150,143,150,153,157,152,150,155,157,154,139,93,45,10,6,6,7,7,8,11,13,16,19,20,24,30,36,43,50,59,68,72,75,84,98,108,109,110,115,122,124,128,135,140,142,146,147,148,157,159,158,160,154,149,152,154,152,147,143,140,138,136,122,107,70,44,39,37,31,31,31,44,73,101,116,111,91,0,0
0,0,147,206,243,251,253,214,120,40,25,34,51,49,44,42,39,85,133,146,148,152,147,152,148,143,153,155,151,147,142,138,139,136,138,144,144,140,141,142,141,142,120,80,35,13,7,7,7,9,9,11,9,11,14,15,15,14,15,17,18,20,24,24,27,35,46,53,54,56,61,64,70,81,90,93,94,98,102,108,118,121,120,122,124,125,129,136,138,138,138,139,141,142,129,111,78,48,34,37,32,32,31,38,63,91,109,112,103,0,0
0,0,143,204,241,251,248,173,86,30,28,35,51,50,37,35,52,97,135,150,148,147,149,148,147,143,153,157,143,128,113,87,91,100,104,105,106,111,118,128,134,137,117,86,47,28,20,20,20,20,20,20,17,15,15,14,13,11,9,8,6,6,7,9,8,8,9,9,8,8,8,7,8,10,14,15,15,19,24,24,33,40,43,48,59,71,78,91,106,122,133,140,146,148,138,116,84,54,42,35,33,33,34,40,58,87,108,112,102,0,0
0,0,149,215,243,250,235,144,67,28,30,37,47,43,33,36,70,111,137,156,150,143,145,140,146,149,151,147,122,97,92,72,69,76,76,60,60,77,90,85,94,102,104,81,50,27,19,21,19,17,18,18,17,16,18,23,24,21,15,12,12,13,12,20,16,14,13,11,11,12,11,9,7,6,7,7,9,10,11,13,13,14,12,8,12,22,28,34,64,102,128,141,148,151,144,124,92,62,44,34,33,36,37,41,56,86,108,111,101,0,0
0,122,148,218,242,250,220,125,56,33,33,40,51,41,29,40,77,119,142,153,148,145,146,137,149,154,144,133,107,85,96,123,115,108,92,85,84,97,89,59,55,75,94,75,53,35,24,18,17,15,15,13,11,12,17,23,22,21,19,21,25,25,21,13,7,8,12,16,15,15,17,13,11,10,10,13,15,14,14,13,11,12,12,6,6,9,10,21,55,101,131,142,145,150,148,139,106,69,46,36,31,34,35,39,48,78,106,118,112,99,0
0,126,156,229,242,249,203,110,54,33,34,46,49,37,33,53,82,119,146,148,146,146,145,144,154,153,131,114,103,99,117,143,124,108,105,113,124,132,105,74,67,85,93,79,49,31,21,19,19,18,19,21,22,21,20,16,14,14,14,15,17,18,16,16,16,17,20,20,15,13,16,20,17,14,13,18,22,21,21,18,15,16,20,17,18,18,15,27,62,108,136,142,141,148,150,151,118,71,47,32,31,35,35,34,37,66,101,118,110,96,0
0,131,159,224,239,223,177,103,56,33,35,37,41,35,37,62,92,127,148,147,146,143,142,144,155,152,125,99,98,111,131,152,148,124,112,131,150,147,111,79,72,88,95,80,44,23,20,19,18,17,18,21,21,21,20,19,18,17,17,21,20,19,17,17,16,16,18,18,16,15,16,16,16,15,15,16,16,16,16,16,15,17,16,17,23,16,17,33,68,111,135,143,141,147,152,138,123,86,53,34,32,34,34,29,34,67,94,115,122,113,0
0,135,162,222,240,217,164,98,51,35,41,34,35,34,39,70,102,134,151,146,147,146,145,153,158,146,114,97,103,125,141,147,128,108,109,130,147,144,107,76,73,87,96,72,45,23,21,19,17,15,16,18,18,18,18,21,20,18,17,19,18,17,16,17,16,16,16,16,15,16,17,15,15,15,15,15,16,16,16,17,16,16,16,16,21,14,17,35,73,114,137,143,141,147,152,142,126,97,66,45,33,35,36,32,33,59,83,107,111,97,0
0,139,161,217,239,214,154,89,47,32,38,34,33,31,41,74,109,138,152,145,147,146,146,149,149,133,105,106,121,145,149,140,112,101,114,133,145,141,109,73,71,87,97,67,50,26,22,18,17,17,18,19,19,19,19,20,18,15,14,16,16,16,15,16,16,16,16,16,16,16,16,15,15,15,15,15,15,15,16,18,18,20,18,15,17,12,18,40,79,117,139,141,138,143,147,145,126,99,67,47,30,34,35,34,36,60,82,107,113,104,0
0,143,163,213,235,210,145,84,49,31,35,37,34,31,43,77,115,140,152,147,145,145,147,145,135,112,97,115,138,159,152,133,102,100,124,142,147,139,112,71,71,91,97,67,50,28,22,17,18,19,20,20,20,19,19,18,16,13,13,15,16,15,15,15,16,16,16,16,17,16,15,15,15,15,15,15,15,16,16,19,18,19,18,14,15,11,18,39,80,116,137,140,137,143,147,145,129,106,72,48,29,35,36,35,34,52,76,104,111,99,79
0,144,169,213,228,201,139,84,49,34,36,37,33,32,43,80,121,142,152,150,143,144,148,147,125,99,100,125,146,156,141,121,92,100,133,148,147,137,113,71,74,95,96,63,43,22,20,19,20,20,18,17,18,19,19,20,18,14,14,16,16,15,14,17,17,16,15,16,17,17,16,15,15,15,15,15,16,17,18,17,18,19,17,14,16,11,18,41,81,116,137,142,139,144,147,142,130,112,78,47,28,32,34,33,33,50,76,102,110,98,75
0,140,174,212,222,192,139,83,47,34,37,38,32,33,44,83,125,144,151,151,143,144,151,144,115,98,115,141,156,160,147,116,97,115,146,155,156,145,113,69,73,92,91,57,37,16,16,17,19,19,17,16,18,20,21,22,19,15,15,17,17,15,15,17,16,16,16,16,16,16,16,15,15,15,15,15,15,17,17,16,18,20,18,15,17,12,19,42,81,117,138,145,145,148,149,144,133,115,82,46,26,31,36,34,33,45,73,101,111,100,78
0,137,173,212,218,185,137,79,47,34,35,41,33,36,50,87,126,147,149,150,148,145,153,130,101,98,122,143,147,149,142,107,104,124,147,155,161,146,104,59,65,85,88,56,36,15,15,15,16,17,17,15,16,19,21,20,18,14,15,17,18,17,16,16,16,17,17,17,16,15,16,15,15,15,15,15,15,16,16,17,17,18,17,15,18,12,19,49,88,122,139,146,148,147,145,143,135,120,87,46,26,30,37,32,31,42,71,101,109,99,82
0,135,166,208,214,180,134,75,45,36,35,40,33,39,54,90,125,147,148,148,151,145,151,120,85,81,94,101,93,97,96,67,78,101,118,125,131,114,73,47,57,82,89,57,36,17,15,17,17,18,17,15,14,16,19,19,17,14,16,18,20,18,18,16,16,17,17,16,15,16,17,15,15,15,15,15,15,16,16,18,19,21,19,16,18,14,22,53,92,124,140,146,151,147,144,145,137,122,88,47,27,31,34,34,32,39,67,101,107,97,82
0,137,159,201,203,174,122,72,40,37,34,37,36,39,53,90,122,145,145,146,152,147,147,105,64,33,16,10,8,11,11,20,28,45,53,49,47,41,29,37,63,92,90,58,32,17,17,18,18,19,20,18,17,19,18,18,19,17,19,16,15,18,18,16,16,16,16,17,17,17,16,16,16,15,14,15,15,16,17,18,19,21,20,15,14,13,25,55,98,128,139,143,148,144,143,146,133,119,87,50,31,34,33,32,32,44,71,98,109,96,79
0,139,158,198,200,170,122,79,41,40,35,34,36,38,50,91,119,142,142,144,152,147,139,107,64,26,4,3,3,7,8,19,17,14,12,13,13,13,16,30,67,98,89,55,30,16,17,15,19,18,14,13,17,15,16,12,14,15,15,12,15,13,18,17,16,16,17,18,18,16,15,16,17,17,17,17,17,17,17,17,18,21,21,15,11,11,26,58,101,130,139,141,144,142,142,142,138,127,90,55,33,33,33,32,32,42,66,93,109,95,72
0,141,162,194,200,170,123,79,39,37,36,34,38,39,49,91,120,148,148,146,152,148,131,110,65,29,13,18,9,10,16,22,12,4,3,9,7,5,12,40,80,103,86,53,32,17,18,22,25,25,21,19,18,10,11,11,9,12,16,12,17,17,22,18,16,15,16,19,18,17,16,17,17,17,17,17,17,18,18,20,19,19,22,18,12,11,26,59,104,131,140,143,143,142,141,140,141,126,82,54,35,34,36,32,32,42,66,90,107,101,88
0,137,162,184,196,166,118,79,40,33,37,34,37,39,47,91,124,151,151,147,150,147,130,102,59,27,18,32,27,18,15,6,3,3,3,9,10,5,8,45,85,100,78,44,25,12,13,10,8,13,12,12,9,11,15,14,16,15,15,17,21,21,20,17,15,14,15,17,17,17,17,19,18,19,19,18,18,19,19,18,18,19,23,20,13,13,28,58,105,133,141,142,140,142,142,140,146,127,78,51,34,34,35,31,31,39,64,92,112,104,90
0,132,155,177,192,164,116,79,37,33,37,33,36,40,46,85,121,145,147,145,145,142,130,98,55,24,15,21,15,6,4,3,2,2,1,3,7,12,19,51,88,98,73,36,19,8,9,12,10,13,14,16,17,23,26,20,16,16,15,15,10,10,11,13,15,16,15,13,14,15,16,18,18,19,19,18,18,18,17,12,15,18,22,21,15,13,28,62,108,133,140,141,139,142,143,142,146,126,77,48,34,33,34,34,30,42,71,95,108,100,86
0,132,150,181,193,168,121,76,31,33,37,33,39,44,47,82,120,142,147,147,144,142,133,102,62,31,13,7,4,4,9,26,39,50,53,47,38,29,30,48,83,92,68,32,16,8,8,6,6,5,4,4,4,4,6,8,12,12,5,10,5,2,10,10,14,17,15,12,11,13,14,14,15,15,16,15,15,15,14,12,17,22,22,20,15,13,30,65,110,135,141,141,139,144,146,145,142,120,75,44,33,35,35,33,28,43,72,98,118,110,85
0,133,148,180,189,168,123,78,36,34,37,34,40,42,44,83,121,143,147,149,146,147,138,104,62,31,15,5,7,28,55,95,118,125,114,98,76,51,37,47,78,92,75,49,31,21,18,9,8,6,5,3,3,2,2,2,2,2,2,2,2,2,3,12,13,15,14,13,13,13,13,13,13,12,11,12,12,12,13,20,22,25,23,19,15,15,37,66,112,138,142,141,139,144,149,147,139,117,76,43,31,34,35,33,27,44,73,98,114,104,78
0,132,147,173,182,168,126,83,48,35,36,34,39,38,42,77,114,138,145,149,146,146,132,101,54,21,11,19,46,84,118,150,155,140,119,108,92,73,58,70,95,111,109,105,93,87,82,81,75,75,74,73,73,63,50,49,49,42,40,33,36,36,22,15,13,11,12,14,15,13,11,11,11,9,8,9,9,9,9,30,23,19,18,22,23,21,42,74,115,137,141,144,144,146,149,151,135,110,71,42,31,35,36,34,35,52,77,104,117,108,0
0,133,142,157,170,167,138,85,48,34,34,37,38,34,42,71,110,138,143,148,152,148,129,96,43,11,12,50,107,137,137,118,107,94,93,122,134,115,83,78,95,114,127,131,134,137,140,138,134,132,137,140,138,126,118,110,117,104,95,91,83,75,58,48,50,47,35,27,30,25,16,1,2,2,2,2,2,3,3,8,12,13,9,7,8,14,29,78,115,138,144,139,141,150,154,150,136,106,73,43,32,37,38,35,34,55,85,107,122,118,0
0,130,139,162,181,182,155,99,53,34,35,37,36,30,34,68,108,140,144,147,153,147,127,96,39,9,20,89,133,139,106,51,42,38,43,83,111,117,96,78,73,76,81,89,92,98,101,104,105,113,113,112,116,112,118,116,112,113,115,115,120,122,107,98,103,97,83,69,54,31,20,15,33,54,63,63,63,51,42,36,25,14,7,7,11,24,48,85,119,137,145,145,145,149,153,145,133,104,70,41,32,36,38,37,31,54,85,113,123,124,0
0,0,144,180,208,210,174,117,61,33,34,36,36,31,35,63,109,139,145,150,152,144,122,71,26,18,59,122,130,90,31,3,2,7,4,27,64,109,113,72,42,17,2,3,5,10,10,21,27,40,48,49,52,57,67,84,87,98,100,106,113,118,123,130,133,134,132,106,62,35,47,89,124,138,140,134,115,88,69,33,19,19,28,38,44,54,75,101,127,140,147,149,146,144,145,141,130,99,64,38,33,36,36,31,33,56,84,112,120,117,0
0,0,157,201,235,228,180,131,71,37,33,34,34,32,39,55,98,130,144,152,150,146,125,63,22,35,89,116,101,53,16,10,6,10,3,7,31,89,112,94,54,11,3,1,3,2,2,2,5,2,1,1,6,10,6,32,28,38,43,49,59,65,67,70,70,76,81,63,42,52,90,140,149,143,133,131,124,102,83,62,47,53,74,90,90,97,118,124,138,148,151,150,148,142,138,137,127,95,58,35,33,36,36,31,39,58,89,117,122,114,0
0,0,162,200,228,212,166,124,72,38,31,34,34,33,41,51,79,117,138,147,147,146,126,80,53,79,119,121,85,42,25,27,21,19,14,11,31,75,96,105,65,18,2,2,4,5,4,4,4,3,3,3,4,2,2,2,4,4,2,2,2,1,3,2,2,1,1,13,59,110,138,126,99,73,67,84,105,112,108,88,73,78,101,120,115,119,143,138,145,151,149,147,148,142,139,136,124,89,51,34,34,36,35,28,43,61,98,124,126,117,0
0,0,154,180,195,181,154,116,74,44,31,34,34,33,36,49,69,110,133,144,145,140,130,111,114,133,140,128,81,36,14,29,22,19,22,17,27,60,87,108,80,46,28,30,28,25,13,7,6,4,4,4,4,5,5,4,4,4,3,3,2,2,2,1,2,2,2,26,88,131,133,89,42,8,9,33,63,94,105,91,78,64,66,85,98,116,142,140,146,151,147,147,149,145,144,137,117,79,43,32,33,36,35,27,46,70,107,129,123,0,0
0,0,137,151,159,158,148,118,84,55,38,36,36,35,36,39,66,105,129,144,148,144,146,151,160,157,137,118,81,41,15,18,18,17,14,11,17,54,95,112,106,98,95,83,79,73,71,70,65,50,38,31,25,20,10,20,7,5,5,5,4,4,3,4,2,5,23,63,102,103,76,44,9,3,4,5,22,49,73,101,84,45,15,25,71,114,132,135,141,146,145,144,146,145,144,133,107,70,37,31,31,35,37,31,48,76,110,125,114,0,0
0,0,126,133,140,151,147,131,100,71,48,39,37,35,34,32,61,94,122,143,151,153,154,145,151,156,146,133,97,51,17,15,13,12,5,7,12,60,121,134,131,138,135,124,120,118,117,116,114,116,108,105,105,96,91,99,82,79,74,70,63,56,62,42,39,38,57,102,123,94,49,18,8,10,14,16,22,42,71,94,85,58,29,34,93,139,136,134,138,144,145,141,143,148,144,128,98,62,35,34,33,35,37,36,57,86,111,119,114,0,0
0,0,0,134,140,151,146,132,108,73,42,40,41,38,37,32,53,86,118,144,149,148,149,148,146,149,148,132,99,60,33,24,13,7,3,12,42,93,141,152,149,160,152,148,162,166,147,155,150,158,161,155,153,150,146,152,137,133,132,132,123,114,126,110,101,94,100,125,131,90,41,20,16,18,15,12,19,38,71,92,82,65,77,104,133,148,146,138,138,141,143,141,145,149,145,126,73,35,28,35,35,36,35,43,70,98,115,119,115,0,0
0,0,0,135,140,147,143,135,114,80,47,38,38,37,38,36,46,74,110,140,151,149,143,150,142,141,146,137,119,90,62,38,19,14,20,36,86,127,153,155,152,153,154,145,153,154,147,148,151,151,155,153,150,155,158,147,160,159,158,155,149,149,140,140,137,134,134,141,130,88,43,21,16,12,11,6,10,26,58,85,93,98,121,143,151,147,140,136,140,143,143,142,145,150,146,113,59,30,30,35,41,42,37,44,76,103,117,116,117,0,0
0,0,0,136,139,142,139,137,120,88,55,40,35,35,35,36,39,65,101,131,149,151,143,146,146,144,146,138,138,126,99,73,59,58,74,90,130,144,150,151,149,142,151,143,142,142,147,145,146,145,146,147,145,144,147,146,154,157,162,159,151,151,146,149,151,150,144,144,131,95,52,33,14,14,14,11,5,17,55,91,117,133,146,153,148,140,137,139,147,150,147,145,145,147,138,93,55,36,32,33,36,38,38,47,86,111,121,116,0,0,0
0,0,0,0,139,140,139,138,128,103,69,45,33,34,35,34,36,55,90,120,142,150,145,146,148,150,152,147,148,144,131,119,113,116,124,145,147,152,151,149,148,139,141,149,142,139,151,145,147,149,151,153,151,148,145,145,144,147,149,150,151,150,151,147,146,146,145,145,132,103,66,36,14,11,11,5,4,22,69,111,140,152,151,149,146,141,138,141,147,150,148,148,147,143,123,79,47,32,33,35,36,36,35,55,96,117,125,117,0,0,0
0,0,0,0,138,139,140,140,134,112,80,48,30,32,34,34,37,47,76,106,130,147,148,146,144,147,154,160,153,146,146,146,146,144,148,160,149,148,146,144,147,144,137,154,142,136,152,145,144,150,149,150,153,147,143,135,137,140,143,146,145,144,146,148,147,146,146,146,134,112,83,48,22,10,9,5,4,48,95,135,148,150,146,147,149,144,136,141,141,143,146,151,149,133,102,65,34,29,34,38,37,36,38,71,109,124,128,0,0,0,0
0,0,0,0,0,137,140,141,137,120,93,58,33,32,32,34,38,42,59,88,120,145,146,141,141,142,146,157,149,141,146,147,148,151,148,153,149,152,146,140,140,145,139,148,140,136,144,141,145,142,143,145,146,149,144,139,146,149,146,145,145,144,145,147,146,146,144,143,138,126,109,79,62,47,43,39,57,97,127,150,150,146,144,147,151,148,140,142,139,142,150,155,147,120,82,54,31,29,32,39,39,34,44,87,119,131,127,0,0,0,0
0,0,0,0,0,136,139,137,137,127,108,70,39,34,31,35,36,39,45,67,105,137,140,139,142,140,141,149,142,139,147,148,146,146,145,137,146,150,146,146,137,141,142,142,143,145,141,145,148,147,145,144,146,148,148,147,147,146,142,139,141,144,147,148,144,145,148,146,143,138,134,120,107,101,99,107,125,145,151,147,146,149,150,147,148,149,147,140,140,146,153,154,138,103,67,41,37,33,32,35,36,38,59,101,123,131,119,0,0,0,0
0,0,0,0,0,136,138,139,139,133,119,83,48,38,31,33,31,40,41,50,85,124,136,139,146,141,141,147,146,145,150,150,147,147,147,139,143,145,143,144,141,142,146,142,144,148,141,147,145,145,144,144,147,148,146,145,147,145,146,143,141,146,144,147,145,146,147,143,144,142,143,141,138,132,134,145,159,165,151,145,143,149,153,147,142,146,151,140,143,150,153,145,122,85,57,34,42,36,33,32,31,46,71,113,126,129,0,0,0,0,0
0,0,0,0,0,0,138,138,141,133,124,100,62,41,35,35,33,36,35,41,74,119,133,137,149,143,138,144,147,150,155,149,147,147,148,144,143,143,143,144,144,143,143,145,144,146,143,145,145,145,145,146,146,146,145,145,145,144,144,144,144,145,144,144,144,144,144,144,143,143,143,146,151,150,150,153,150,146,148,147,150,151,147,141,139,140,146,147,152,148,144,135,116,72,49,37,36,35,37,36,26,41,79,120,131,128,0,0,0,0,0
0,0,0,0,0,0,138,139,139,134,127,107,69,46,37,36,37,34,31,35,63,96,118,134,144,144,141,141,146,151,152,147,144,147,151,144,142,144,143,145,146,144,144,146,144,146,144,144,144,144,145,145,145,145,145,144,145,144,144,145,144,145,144,143,143,143,143,143,142,142,142,145,149,149,149,151,149,145,146,144,142,144,147,147,146,146,148,148,145,147,148,131,91,52,38,35,34,35,38,34,30,55,99,124,124,0,0,0,0,0,0
0,0,0,0,0,0,0,130,136,137,128,115,88,57,32,30,46,31,31,38,48,72,97,134,145,140,139,151,142,132,140,142,140,144,147,140,140,143,142,144,146,145,145,146,145,145,144,145,145,145,145,144,144,144,144,144,144,144,144,144,144,145,145,144,144,144,144,144,144,144,144,143,147,146,146,149,146,142,144,144,143,143,143,149,148,147,152,149,147,152,144,109,64,38,29,34,36,38,38,35,44,74,112,123,118,0,0,0,0,0,0
0,0,0,0,0,0,0,137,132,130,132,124,102,72,45,36,37,37,31,36,40,48,83,115,141,151,149,149,144,145,147,144,138,144,148,139,141,147,142,144,146,146,145,147,145,145,145,145,145,145,145,144,144,144,144,144,144,143,144,144,144,145,146,145,145,145,145,145,145,144,144,141,144,144,144,147,144,141,142,144,149,145,142,146,146,145,153,152,153,149,122,74,47,37,31,35,39,37,33,39,62,97,125,123,119,0,0,0,0,0,0
0,0,0,0,0,0,0,0,133,130,138,131,118,91,59,39,40,38,32,39,37,38,64,94,126,141,149,145,145,151,153,148,142,145,149,146,142,144,146,146,147,146,145,146,144,144,144,144,144,144,144,144,144,144,144,144,144,144,144,144,144,145,145,145,145,145,145,145,145,145,144,140,144,143,143,146,144,140,141,142,147,146,145,145,147,146,152,152,150,133,92,50,39,34,32,35,35,30,29,46,76,114,136,122,0,0,0,0,0,0,0
0,0,0,0,0,0,0,0,0,133,138,129,125,107,79,51,39,35,36,36,36,38,51,68,108,129,144,140,148,151,151,148,143,145,147,144,141,143,145,147,148,147,145,146,144,144,144,144,144,144,144,144,144,144,144,144,144,144,144,144,144,145,146,145,146,146,146,146,146,146,145,141,145,144,144,147,144,140,141,142,147,145,145,145,147,145,152,149,139,108,61,37,36,31,30,39,35,27,35,61,94,126,138,0,0,0,0,0,0,0,0
0,0,0,0,0,0,0,0,0,139,133,123,127,120,99,57,43,40,41,36,37,34,39,45,89,117,134,138,145,144,148,146,149,145,141,145,142,141,148,147,147,147,146,146,144,144,144,144,144,144,144,144,144,144,144,144,144,143,144,145,145,146,146,145,146,146,146,146,146,146,145,143,146,144,144,147,145,141,142,144,149,146,144,145,146,143,149,144,116,73,36,29,31,30,31,41,33,24,47,82,114,134,132,0,0,0,0,0,0,0,0
0,0,0,0,0,0,0,0,0,0,126,119,124,125,113,70,50,47,48,38,32,32,35,28,66,100,119,134,140,141,147,147,151,145,142,149,144,141,148,147,147,148,146,146,144,144,144,144,144,144,144,144,144,144,144,143,143,144,146,147,146,145,145,145,146,146,146,146,146,146,145,143,146,144,144,147,146,142,144,145,148,147,145,146,149,145,142,136,86,40,26,28,28,29,32,36,28,23,65,106,135,144,0,0,0,0,0,0,0,0,0
0,0,0,0,0,0,0,0,0,0,0,124,122,122,114,91,57,38,36,39,35,31,39,42,36,61,97,126,139,141,145,150,149,145,145,146,142,144,146,146,147,147,146,146,146,147,146,146,146,146,146,146,146,145,144,142,140,142,146,149,147,140,139,145,145,146,146,146,145,145,145,143,144,143,144,145,145,144,145,145,151,148,148,153,151,136,129,91,54,31,31,34,30,28,28,26,25,49,85,132,133,0,0,0,0,0,0,0,0,0,0
0,0,0,0,0,0,0,0,0,0,0,132,126,125,121,109,77,45,27,31,31,33,39,38,28,40,65,107,127,137,143,150,151,150,147,145,143,145,146,147,148,147,147,146,146,147,146,146,146,146,146,146,146,146,145,144,138,137,143,146,142,140,141,145,145,145,145,145,145,145,145,144,144,143,143,144,144,144,144,148,150,150,148,155,141,122,92,52,35,31,32,33,36,30,28,30,43,75,111,141,131,0,0,0,0,0,0,0,0,0,0
0,0,0,0,0,0,0,0,0,0,0,0,124,121,122,119,98,58,30,26,37,41,37,36,42,40,50,65,98,124,156,143,147,151,148,143,144,145,143,146,146,145,146,146,145,146,146,146,146,146,146,146,146,146,146,150,141,136,143,145,140,143,148,145,145,145,145,145,145,145,145,145,145,144,144,143,142,142,142,140,146,153,154,152,132,99,56,27,27,33,36,34,36,29,26,35,64,112,139,133,0,0,0,0,0,0,0,0,0,0,0
0,0,0,0,0,0,0,0,0,0,0,0,0,124,115,106,99,74,53,35,39,39,36,32,42,44,35,43,66,103,134,140,149,153,149,139,139,142,145,144,144,143,145,147,146,146,146,146,146,146,146,146,146,146,147,151,144,142,147,147,144,146,150,145,145,145,145,145,145,145,146,146,146,146,145,144,142,141,141,134,152,155,154,139,108,70,32,25,30,34,37,37,33,24,25,52,92,141,154,0,0,0,0,0,0,0,0,0,0,0,0
0,0,0,0,0,0,0,0,0,0,0,0,0,119,110,108,110,103,84,57,41,33,31,31,33,34,30,32,37,64,98,126,141,151,153,147,141,141,144,144,143,141,143,147,146,146,146,146,146,146,146,146,146,146,146,144,143,146,149,148,146,144,144,145,145,145,145,145,145,146,146,147,147,147,146,145,144,143,143,146,154,150,134,108,68,35,31,29,31,33,33,36,29,24,38,84,123,148,144,0,0,0,0,0,0,0,0,0,0,0,0
0,0,0,0,0,0,0,0,0,0,0,0,0,0,109,112,120,119,105,79,56,33,28,30,33,34,32,32,30,35,53,93,117,135,146,149,143,142,145,145,143,140,142,146,146,146,146,146,146,146,146,146,146,145,145,139,141,146,146,144,143,141,141,145,145,145,145,144,145,145,146,146,146,146,146,145,145,146,146,155,155,125,90,61,37,23,28,37,31,32,27,26,27,39,70,116,141,138,0,0,0,0,0,0,0,0,0,0,0,0,0
0,0,0,0,0,0,0,0,0,0,0,0,0,0,0,119,125,123,120,101,80,46,30,29,32,33,35,31,31,25,30,56,86,115,133,144,145,146,148,146,145,143,143,146,146,146,146,146,146,147,146,146,146,146,146,144,144,146,145,142,140,143,148,145,145,145,145,145,145,145,145,146,146,146,147,146,147,148,148,153,123,76,37,21,23,23,32,43,32,30,26,20,37,77,115,139,141,0,0,0,0,0,0,0,0,0,0,0,0,0,0
0,0,0,0,0,0,0,0,0,0,0,0,0,0,0,0,129,125,120,116,106,72,39,33,29,34,34,32,34,30,28,29,56,85,106,129,144,148,147,147,148,146,145,147,146,145,146,147,147,147,146,145,145,146,147,151,149,147,148,144,140,147,158,145,144,145,146,147,147,146,145,146,145,147,148,148,148,150,150,113,71,36,17,20,23,33,36,38,29,27,26,18,54,118,149,151,0,0,0,0,0,0,0,0,0,0,0,0,0,0,0
0,0,0,0,0,0,0,0,0,0,0,0,0,0,0,0,0,120,123,127,116,96,70,45,32,31,35,33,30,31,35,34,32,43,63,97,129,141,142,146,151,148,144,148,146,145,146,147,145,147,150,144,145,147,145,149,147,149,146,144,144,146,146,144,145,145,146,154,153,146,145,147,150,152,158,156,145,132,101,43,34,26,24,27,32,42,40,35,27,18,16,54,113,153,163,0,0,0,0,0,0,0,0,0,0,0,0,0,0,0,0
0,0,0,0,0,0,0,0,0,0,0,0,0,0,0,0,0,0,123,123,119,119,94,74,45,30,30,30,28,29,40,35,29,25,36,60,91,112,121,134,144,145,148,152,144,140,147,147,144,148,149,146,146,149,148,147,147,146,145,145,146,144,146,147,146,144,143,148,145,144,146,150,154,156,150,144,110,70,40,21,22,28,32,34,42,43,39,35,31,24,42,92,136,155,0,0,0,0,0,0,0,0,0,0,0,0,0,0,0,0,0
0,0,0,0,0,0,0,0,0,0,0,0,0,0,0,0,0,0,0,126,125,130,117,104,75,40,22,29,33,36,32,34,33,28,28,28,38,55,76,112,129,136,148,157,152,146,151,152,151,152,152,149,149,150,149,148,146,146,145,147,141,138,138,141,139,137,135,146,149,158,155,154,147,136,110,69,40,23,24,25,27,31,31,33,36,29,26,25,24,46,99,149,160,0,0,0,0,0,0,0,0,0,0,0,0,0,0,0,0,0,0
0,0,0,0,0,0,0,0,0,0,0,0,0,0,0,0,0,0,0,0,120,122,121,128,107,76,43,34,37,32,28,32,32,33,30,25,22,28,47,67,88,104,120,133,139,143,148,148,150,148,148,145,150,149,150,151,150,148,148,147,150,150,148,147,149,149,153,153,152,154,151,127,109,91,65,29,22,25,25,32,31,30,34,43,39,27,24,25,40,90,152,173,0,0,0,0,0,0,0,0,0,0,0,0,0,0,0,0,0,0,0
0,0,0,0,0,0,0,0,0,0,0,0,0,0,0,0,0,0,0,0,0,116,123,129,131,112,81,56,31,24,25,27,30,36,36,36,35,27,27,30,36,48,64,84,107,131,143,151,156,154,152,148,152,151,155,152,151,151,149,150,149,153,152,153,155,158,158,159,140,119,91,62,42,21,18,23,29,34,33,34,32,34,38,35,26,21,29,54,100,149,168,136,0,0,0,0,0,0,0,0,0,0,0,0,0,0,0,0,0,0,0
0,0,0,0,0,0,0,0,0,0,0,0,0,0,0,0,0,0,0,0,0,0,116,119,128,130,118,77,55,33,24,27,31,33,30,31,33,35,34,31,29,37,43,50,72,99,110,114,126,133,136,138,141,142,149,152,157,155,156,153,147,143,144,146,141,130,117,110,92,71,43,26,20,21,23,28,36,38,34,34,35,30,27,22,19,25,62,108,152,167,0,0,0,0,0,0,0,0,0,0,0,0,0,0,0,0,0,0,0,0,0
0,0,0,0,0,0,0,0,0,0,0,0,0,0,0,0,0,0,0,0,0,0,0,113,123,137,139,115,86,55,28,25,23,25,26,28,29,35,38,39,30,29,22,15,22,32,34,52,68,81,91,105,116,119,126,126,135,133,127,127,122,118,111,111,89,62,38,30,18,19,18,19,24,33,27,38,35,34,37,36,28,25,22,18,36,76,119,146,149,0,0,0,0,0,0,0,0,0,0,0,0,0,0,0,0,0,0,0,0,0,0
0,0,0,0,0,0,0,0,0,0,0,0,0,0,0,0,0,0,0,0,0,0,0,0,0,127,132,135,119,98,79,56,37,32,30,29,29,32,37,42,34,34,27,18,17,15,15,20,33,36,41,54,71,69,72,76,77,72,71,68,61,56,48,42,29,15,15,16,17,19,29,30,38,43,34,30,32,36,34,41,27,21,25,46,78,121,152,0,0,0,0,0,0,0,0,0,0,0,0,0,0,0,0,0,0,0,0,0,0,0,0
0,0,0,0,0,0,0,0,0,0,0,0,0,0,0,0,0,0,0,0,0,0,0,0,0,0,123,133,141,136,114,92,61,36,25,26,27,29,31,32,32,35,36,38,36,32,26,26,23,21,21,20,20,21,19,20,22,18,17,15,17,15,16,19,19,20,21,27,26,33,42,42,34,35,33,30,33,32,29,23,20,27,66,115,150,157,0,0,0,0,0,0,0,0,0,0,0,0,0,0,0,0,0,0,0,0,0,0,0,0,0
0,0,0,0,0,0,0,0,0,0,0,0,0,0,0,0,0,0,0,0,0,0,0,0,0,0,0,133,136,136,123,106,89,71,55,41,27,25,29,27,28,26,30,35,32,31,31,33,32,31,28,26,20,19,19,19,20,23,23,22,25,24,25,28,32,35,33,26,27,30,29,30,30,30,27,31,27,22,22,23,45,82,127,154,158,0,0,0,0,0,0,0,0,0,0,0,0,0,0,0,0,0,0,0,0,0,0,0,0,0,0
0,0,0,0,0,0,0,0,0,0,0,0,0,0,0,0,0,0,0,0,0,0,0,0,0,0,0,0,0,125,131,133,134,126,101,70,40,23,20,25,27,25,26,27,28,33,38,39,44,39,32,26,27,28,31,30,30,34,34,33,39,37,36,32,32,31,30,29,30,31,30,36,30,24,22,17,16,15,42,77,112,146,161,0,0,0,0,0,0,0,0,0,0,0,0,0,0,0,0,0,0,0,0,0,0,0,0,0,0,0,0
0,0,0,0,0,0,0,0,0,0,0,0,0,0,0,0,0,0,0,0,0,0,0,0,0,0,0,0,0,0,129,131,142,139,120,101,83,62,39,38,31,28,30,28,26,28,29,27,29,27,33,33,37,35,36,35,33,31,29,27,30,28,28,30,30,32,34,37,33,30,28,25,22,20,20,21,41,76,108,144,161,167,0,0,0,0,0,0,0,0,0,0,0,0,0,0,0,0,0,0,0,0,0,0,0,0,0,0,0,0,0
0,0,0,0,0,0,0,0,0,0,0,0,0,0,0,0,0,0,0,0,0,0,0,0,0,0,0,0,0,0,0,0,132,132,141,148,138,119,100,66,37,22,23,24,24,25,25,28,27,25,26,28,32,35,32,30,31,29,29,29,31,32,34,36,34,34,30,27,25,22,19,16,16,16,39,90,121,149,160,0,0,0,0,0,0,0,0,0,0,0,0,0,0,0,0,0,0,0,0,0,0,0,0,0,0,0,0,0,0,0,0
0,0,0,0,0,0,0,0,0,0,0,0,0,0,0,0,0,0,0,0,0,0,0,0,0,0,0,0,0,0,0,0,0,0,134,136,133,130,128,112,91,72,53,42,33,27,26,23,22,23,25,27,29,32,30,28,29,28,28,28,26,25,27,27,26,24,23,20,18,17,19,33,63,91,119,143,161,0,0,0,0,0,0,0,0,0,0,0,0,0,0,0,0,0,0,0,0,0,0,0,0,0,0,0,0,0,0,0,0,0,0
0,0,0,0,0,0,0,0,0,0,0,0,0,0,0,0,0,0,0,0,0,0,0,0,0,0,0,0,0,0,0,0,0,0,0,0,126,132,140,149,148,137,115,98,78,53,35,21,20,18,18,20,21,23,22,25,22,23,22,22,21,20,21,22,21,19,19,23,41,62,87,110,134,147,0,0,0,0,0,0,0,0,0,0,0,0,0,0,0,0,0,0,0,0,0,0,0,0,0,0,0,0,0,0,0,0,0,0,0,0,0
0,0,0,0,0,0,0,0,0,0,0,0,0,0,0,0,0,0,0,0,0,0,0,0,0,0,0,0,0,0,0,0,0,0,0,0,0,0,131,139,145,142,135,130,122,108,96,83,75,71,63,53,28,21,21,20,18,20,20,20,21,24,29,46,54,70,82,97,120,140,151,160,0,0,0,0,0,0,0,0,0,0,0,0,0,0,0,0,0,0,0,0,0,0,0,0,0,0,0,0,0,0,0,0,0,0,0,0,0,0,0
0,0,0,0,0,0,0,0,0,0,0,0,0,0,0,0,0,0,0,0,0,0,0,0,0,0,0,0,0,0,0,0,0,0,0,0,0,0,0,0,0,0,0,0,148,146,153,153,147,144,131,118,114,105,87,77,79,88,88,89,103,110,112,144,154,161,159,0,0,0,0,0,0,0,0,0,0,0,0,0,0,0,0,0,0,0,0,0,0,0,0,0,0,0,0,0,0,0,0,0,0,0,0,0,0,0,0,0,0,0,0
0,0,0,0,0,0,0,0,0,0,0,0,0,0,0,0,0,0,0,0,0,0,0,0,0,0,0,0,0,0,0,0,0,0,0,0,0,0,0,0,0,0,0,0,0,0,0,0,0,135,135,125,136,133,125,126,133,133,138,138,152,0,0,0,0,0,0,0,0,0,0,0,0,0,0,0,0,0,0,0,0,0,0,0,0,0,0,0,0,0,0,0,0,0,0,0,0,0,0,0,0,0,0,0,0,0,0,0,0,0,0
