0,0,0,0,0,0,0,0,0,0,0,0,0,0,0,0,0,0,0,0,0,0,0,0,0,0,0,0,0,0,0,0,0,0,0,0,0,0,0,0,0,0,0,0,0,0,0,0,0,0,0,0,0,0,0,0,0,0,0,0,0,0,0,0,0,0,0,0,0,0,0,0,0,0,0,0,0,0,0,0,0,0,0,0,0,0,0,0,0,0,0,0,0,0,0,0,0,0,0,0,0,0,0,0,0,0,0,0,0,0,0,0,0,0,0,0,0,0,0,0,0,0,0,0,0,0,0,0,0,0,0,0,0,0,0,0,0,0,0,0,0,0,0,0,0,0,0,0,0,0,0,0,0,0,0,0,0,0,0,0,0,0,0,0,0,0,0,0,0,0,0,0,0,0,0,0,0,0,0,0,0,0,0,0,0,0,0,0,0,0,0,0,0,0,0,0,0,0,0,0,0,0,0,0,0,0,0,0,0,0,0,0,0,0,0,0,0,0,0,0,0,0,0,0,0,0
0,215,208,202,204,204,204,203,201,200,199,199,199,200,201,201,202,202,202,202,202,202,200,201,201,200,198,196,195,195,195,195,195,195,196,196,196,196,196,197,197,197,197,198,198,198,198,196,196,196,196,196,197,199,200,201,202,204,205,204,204,203,203,203,201,199,199,199,200,201,202,203,204,205,206,206,206,205,205,203,202,201,201,201,201,202,203,205,205,205,206,206,207,207,207,208,208,208,208,208,208,208,208,207,207,207,207,207,208,208,209,210,212,213,212,212,213,214,214,214,215,215,215,215,215,215,215,214,215,215,215,215,215,217,218,218,218,219,219,219,219,219,220,221,221,221,221,221,221,221,221,221,221,221,221,221,221,222,223,222,223,225,225,225,225,225,225,226,226,226,226,226,226,226,226,226,226,225,225,225,225,225,225,225,225,225,225,225,225,225,225,226,225,225,225,226,226,227,228,230,230,230,231,0,0,0,0,0,0,0,0,0,0,0,0,0,0,0,0,0,0,0,0,0,0,0
0,77,70,89,91,80,77,82,84,82,81,80,80,80,80,80,81,81,81,82,82,83,85,96,96,86,80,79,83,89,90,87,85,85,85,85,85,85,85,86,87,86,86,85,85,84,84,83,83,83,83,82,82,82,83,83,84,85,84,84,85,85,86,86,86,86,86,87,87,87,87,87,87,86,86,86,86,87,87,87,88,89,89,89,89,89,89,89,88,89,90,92,93,93,94,93,94,94,94,94,94,94,94,92,92,91,93,93,94,94,94,92,92,91,91,91,92,93,94,96,98,99,100,100,100,101,102,103,104,104,104,104,104,106,108,110,111,113,115,115,116,117,119,120,120,121,121,121,121,121,121,122,123,123,123,123,124,125,125,126,127,127,127,127,127,127,127,139,139,139,139,139,139,140,140,141,142,142,142,142,144,146,146,147,148,150,152,153,154,155,156,161,161,162,164,166,167,168,169,181,182,183,182,181,181,181,181,200,200,200,200,200,199,201,204,205,204,208,210,207,210,215,210,204,190,210
0,70,54,70,74,68,66,64,65,64,66,66,68,69,69,68,67,66,66,68,68,68,68,70,69,67,65,65,67,68,68,67,67,67,67,67,66,66,66,65,65,66,66,66,66,68,68,69,69,69,69,68,69,69,69,69,69,69,69,69,70,69,69,69,69,69,69,69,68,67,67,67,67,67,67,66,67,67,67,67,67,67,67,67,67,67,67,66,66,67,67,67,67,68,69,70,70,71,71,71,71,71,72,71,71,71,71,72,73,73,74,75,76,76,76,76,76,76,76,77,77,77,77,78,78,77,77,76,76,76,76,76,76,77,78,79,80,81,83,84,84,85,87,87,87,87,87,88,88,88,88,89,90,90,90,90,90,91,91,93,93,94,94,94,95,96,96,95,96,96,96,96,96,96,96,98,98,98,99,99,98,100,103,104,104,105,107,108,109,109,110,114,113,115,116,119,120,122,122,126,125,125,125,125,125,125,125,130,130,130,130,131,130,131,133,141,137,139,144,142,143,146,143,140,140,179
0,59,34,45,51,49,50,47,47,46,46,46,46,45,44,43,44,43,43,43,43,43,43,44,44,48,48,50,49,46,47,47,48,47,47,48,49,49,49,49,50,50,50,49,50,50,50,49,49,49,49,50,50,50,50,50,50,49,50,50,50,50,50,49,50,49,50,49,50,49,50,48,49,49,50,49,50,50,50,50,50,50,50,50,50,50,50,50,50,50,50,50,50,50,50,50,50,50,50,50,50,51,51,52,51,51,51,51,51,52,52,52,53,53,53,53,54,53,53,53,52,52,52,52,52,52,52,53,54,53,53,53,53,53,53,54,53,53,53,53,53,52,51,51,51,51,51,51,51,51,51,52,52,52,52,52,53,54,54,54,54,54,54,54,54,54,54,55,55,55,55,55,55,55,55,57,57,57,57,57,57,56,55,55,54,54,54,55,56,56,57,58,57,58,58,59,59,60,60,61,61,61,61,63,62,62,63,64,64,65,65,66,65,66,67,62,60,62,65,64,65,67,66,69,84,149
0,71,43,51,57,56,55,57,57,55,54,51,50,48,45,44,43,40,40,40,39,38,37,37,38,45,48,50,46,40,40,47,49,49,49,50,50,50,50,52,52,52,52,52,52,51,51,48,48,47,47,47,47,46,46,46,45,45,45,45,46,46,46,45,45,45,45,45,46,47,47,48,48,49,49,49,49,49,49,49,49,49,49,49,49,50,50,52,52,52,52,51,51,50,48,47,48,48,47,47,47,48,49,50,50,51,50,49,47,47,46,47,46,45,45,46,46,46,45,45,45,45,44,44,45,47,48,49,49,50,50,50,49,50,51,49,49,48,48,47,46,45,45,44,44,44,44,45,45,45,45,45,45,45,46,46,46,46,46,44,45,45,45,45,45,45,45,47,47,47,47,47,47,47,47,46,46,47,47,48,49,46,43,44,42,41,42,43,44,45,45,45,44,45,45,46,46,47,47,49,48,47,49,50,50,50,50,50,51,51,51,51,52,52,53,53,51,55,57,54,57,61,57,59,76,150
0,74,46,55,59,56,55,53,55,56,57,58,60,61,58,51,47,45,45,44,43,42,42,39,43,48,53,52,47,39,37,51,53,54,54,54,54,52,51,51,51,50,50,50,50,49,49,48,47,47,46,47,47,47,47,46,46,45,45,45,45,45,45,45,45,45,45,45,45,46,46,46,47,47,47,47,47,47,47,46,46,46,46,46,47,48,49,51,53,54,53,51,50,49,49,49,49,49,49,48,49,50,51,52,52,53,52,51,49,48,48,45,44,43,43,43,44,44,44,44,46,46,46,46,46,47,47,49,50,50,50,50,50,52,53,53,53,53,53,51,50,50,50,50,50,50,50,50,50,49,49,48,47,46,46,46,46,46,45,44,44,44,44,43,43,43,42,41,39,38,37,37,37,39,41,43,44,45,46,46,45,45,44,43,42,42,43,44,45,45,45,46,46,46,44,44,43,43,42,43,43,42,43,44,45,45,44,43,43,43,42,42,42,43,44,42,39,43,45,41,44,47,42,46,71,154
0,66,38,46,49,45,44,46,47,48,47,47,47,48,43,37,36,37,40,42,44,47,50,61,64,63,63,59,53,47,44,46,47,47,47,47,47,46,46,48,48,48,48,48,47,47,46,46,45,45,45,45,46,47,47,49,50,50,51,50,49,49,49,47,47,46,45,45,46,47,47,48,48,48,48,48,48,48,49,46,47,47,47,47,47,47,48,49,50,50,50,49,48,48,48,48,48,48,48,48,48,49,49,49,49,49,48,48,48,48,48,49,49,49,49,49,49,50,51,52,54,55,55,55,54,53,52,50,49,47,47,47,48,49,49,50,50,50,50,49,48,48,48,48,48,47,47,47,46,45,43,44,43,41,41,41,41,41,41,40,41,41,41,42,42,43,43,43,44,46,47,47,46,46,46,44,46,47,46,46,45,44,43,42,41,41,42,43,44,44,45,44,44,44,43,43,42,44,44,44,45,46,47,47,48,46,44,44,43,41,41,41,41,42,44,48,44,50,53,47,49,54,50,49,79,159
0,75,42,49,52,50,50,53,53,53,51,49,48,48,43,36,36,40,49,57,65,71,74,81,78,69,60,54,49,47,46,42,41,41,41,41,41,42,42,44,44,45,45,45,45,45,44,44,44,43,43,43,43,43,43,44,44,43,44,44,44,44,44,44,43,42,41,41,42,43,44,46,47,47,48,48,48,48,48,47,47,47,47,47,47,46,46,45,44,44,45,47,47,47,47,47,47,47,47,47,47,46,46,46,46,45,46,46,47,47,47,47,47,47,47,47,47,48,49,49,50,50,50,50,49,48,47,46,44,42,42,42,42,41,41,40,40,41,41,41,42,42,42,43,44,43,43,42,43,43,43,42,42,41,41,41,41,41,41,41,41,41,41,41,41,41,40,40,38,38,37,38,38,40,42,44,45,46,46,47,47,46,43,43,42,41,42,43,44,45,46,46,46,46,43,42,41,42,43,45,46,49,50,50,49,47,46,43,42,41,42,43,41,41,43,44,41,47,50,46,49,52,49,33,68,152
0,77,40,47,51,50,50,51,50,51,50,49,49,51,47,56,60,69,81,93,105,115,119,84,76,62,48,42,38,40,41,44,42,43,44,43,42,42,41,43,43,42,41,39,39,39,40,40,41,42,43,43,43,43,43,41,39,37,37,37,38,38,39,41,41,41,41,41,41,41,41,41,42,43,44,43,43,42,41,42,40,39,38,38,38,38,38,38,38,39,41,42,43,44,46,47,48,48,49,49,49,48,47,47,46,46,47,47,48,47,47,46,44,43,43,43,43,43,43,43,43,42,41,41,41,41,41,41,40,40,40,41,41,39,38,40,40,40,41,42,42,42,41,41,42,42,40,38,38,40,41,40,40,41,41,41,41,41,41,41,41,42,42,42,42,42,41,41,40,39,39,39,39,39,40,40,39,40,42,42,39,39,41,40,40,39,40,41,42,42,43,43,43,43,40,39,37,39,39,40,40,42,43,43,42,42,42,45,44,44,46,47,45,44,46,46,43,45,47,48,53,52,47,31,66,150
0,77,29,49,52,53,49,48,51,52,45,45,47,46,36,7,40,105,144,149,141,146,154,123,83,53,46,44,44,43,44,44,46,46,44,44,41,37,37,46,43,41,36,35,34,37,36,39,40,40,43,44,46,47,46,45,40,36,39,44,48,42,42,42,41,42,41,40,39,39,39,39,40,43,46,46,47,43,42,44,42,36,33,31,34,40,40,42,44,46,48,45,44,45,44,47,48,48,48,47,49,49,48,47,47,48,47,42,41,41,44,41,41,41,45,44,43,42,43,46,43,41,41,36,38,37,37,42,42,41,41,43,40,41,41,27,22,26,32,39,37,39,36,40,44,42,33,29,29,33,31,37,38,38,39,39,39,38,39,40,41,41,40,41,42,41,40,41,41,39,38,39,39,39,41,41,37,38,41,43,38,37,40,35,36,36,37,37,37,38,38,38,39,39,39,38,38,37,37,38,39,40,40,40,37,37,38,38,39,43,38,41,39,38,42,44,42,40,41,46,51,49,42,35,62,140
0,81,34,46,50,56,49,49,51,53,51,46,41,37,32,36,77,131,161,170,166,160,147,102,63,42,40,41,43,43,43,43,43,43,41,41,44,45,43,49,44,41,36,32,29,32,36,39,43,45,47,46,44,43,43,43,46,44,46,48,47,44,43,42,42,41,39,40,38,38,37,36,35,37,39,40,40,40,40,42,41,37,37,37,42,47,46,42,42,44,43,39,39,41,45,44,44,44,44,44,44,43,43,42,46,48,44,40,32,36,37,37,26,31,38,43,45,41,43,42,40,40,40,36,35,31,28,31,36,39,38,39,41,44,46,46,51,50,51,45,39,56,55,54,51,43,36,32,29,24,24,33,37,38,37,37,38,36,36,39,38,39,40,38,39,39,40,38,38,37,40,40,37,39,41,42,36,37,43,42,35,36,36,35,32,34,36,35,35,36,35,37,37,37,36,36,36,36,36,36,37,37,37,37,34,34,35,35,36,39,35,37,36,35,39,41,42,35,35,43,50,47,38,34,58,134
0,89,37,47,52,53,47,50,54,54,50,43,36,36,50,98,131,154,169,178,178,157,110,63,35,31,36,40,40,40,41,42,41,41,40,39,40,41,38,40,40,40,39,41,43,43,41,45,56,58,57,54,45,40,44,47,50,54,56,53,46,43,42,42,42,41,39,39,39,38,37,35,32,32,30,30,31,33,35,39,42,43,40,42,42,46,45,42,38,36,34,31,33,41,43,40,41,41,41,41,41,41,41,35,45,45,43,40,39,42,41,42,34,36,43,46,44,42,36,39,38,38,35,34,36,37,38,43,51,56,51,46,45,49,56,61,74,80,70,59,57,76,82,73,59,41,42,42,36,25,21,35,38,39,37,38,40,40,39,37,36,37,38,36,37,37,37,37,37,36,36,37,37,39,38,39,35,38,40,41,37,34,34,31,30,33,34,33,34,35,35,35,35,36,36,35,35,35,35,36,36,36,36,36,33,32,32,32,33,36,34,35,34,34,38,40,40,34,34,41,47,48,39,31,57,134
0,92,38,48,55,50,47,53,51,50,47,40,34,37,67,125,148,140,139,153,159,131,64,24,17,30,37,38,40,42,41,39,41,38,36,36,36,39,44,46,54,64,75,84,90,94,96,93,86,77,67,53,44,39,42,65,87,94,91,60,41,39,40,41,41,42,41,40,41,42,39,33,29,32,36,41,49,59,65,75,81,84,88,92,97,97,94,78,75,72,62,54,49,47,46,40,40,39,39,40,40,39,37,35,32,37,41,50,59,64,71,72,86,77,66,58,49,39,36,38,36,37,36,40,48,59,70,79,83,83,70,57,48,43,48,62,73,107,98,86,82,97,99,80,63,36,43,43,35,31,32,37,38,38,38,40,39,38,37,36,37,36,35,37,36,35,37,37,35,37,37,38,38,36,36,36,37,36,40,41,35,34,32,31,34,33,30,30,31,31,33,34,35,36,36,35,35,35,34,35,35,35,34,35,32,31,31,31,32,34,34,34,34,33,36,38,35,34,37,38,38,47,40,30,52,127
0,91,39,49,54,50,45,44,34,35,39,32,41,86,149,178,155,147,154,147,100,38,12,30,43,43,38,44,43,36,39,43,36,32,33,34,40,46,42,38,32,56,108,143,144,140,146,152,149,119,72,36,27,27,43,76,116,119,111,61,34,34,40,40,38,41,40,38,38,40,37,39,42,44,39,35,61,107,144,140,127,131,147,129,132,141,144,136,126,113,87,68,54,43,48,44,37,28,22,22,24,25,25,26,31,36,32,45,99,120,136,144,144,126,106,86,39,30,27,27,28,33,36,46,68,105,140,142,137,136,119,79,39,36,68,101,122,123,124,132,158,161,121,67,20,44,52,44,36,51,54,49,51,65,65,48,40,42,35,29,24,29,29,23,25,35,35,37,35,32,31,35,36,35,30,30,35,28,28,25,23,37,35,35,35,32,27,28,30,30,33,34,35,35,34,33,33,34,35,35,35,35,35,36,34,33,33,33,34,35,35,35,35,32,35,37,33,35,38,38,32,44,39,35,48,119
0,90,35,48,53,53,44,47,43,32,33,48,81,123,151,163,157,150,130,95,49,11,2,23,36,37,35,36,33,29,32,32,31,28,29,32,34,36,36,37,40,72,121,150,150,149,155,157,144,96,50,41,37,29,50,63,98,109,92,56,33,34,39,39,37,39,38,35,35,37,33,28,30,35,35,39,71,119,155,155,151,151,158,153,152,151,153,140,132,122,111,87,59,43,37,34,32,32,34,37,43,50,54,54,43,39,29,46,99,122,139,143,143,127,98,65,35,22,33,36,39,44,43,53,75,108,138,133,137,133,110,74,40,25,38,67,96,126,131,139,147,125,79,40,18,37,35,37,57,88,107,95,99,95,75,49,34,36,42,36,32,31,30,35,41,47,45,43,36,30,39,41,29,30,29,28,31,27,24,27,32,39,40,33,28,31,34,34,33,31,30,33,34,35,34,33,32,33,34,34,34,34,33,34,32,32,32,34,34,34,35,36,35,33,35,38,36,34,34,40,35,43,39,37,47,117
0,91,28,44,53,56,48,48,40,27,41,85,129,151,148,145,155,153,109,46,9,9,23,33,29,25,28,31,30,25,28,32,31,27,29,33,35,37,37,37,46,80,121,148,153,157,160,153,122,65,29,35,41,35,41,40,66,90,79,55,39,39,39,41,39,40,39,35,33,36,35,37,35,36,34,39,70,117,148,146,149,152,149,150,140,139,146,148,146,144,145,113,65,36,16,15,26,39,43,45,51,58,58,54,49,36,24,39,95,124,138,146,155,148,100,35,20,20,39,42,42,41,40,58,84,101,112,111,119,112,86,55,29,12,14,24,64,98,100,111,109,75,43,36,27,27,29,62,110,137,146,148,138,113,81,52,35,31,35,34,29,23,24,32,37,33,27,24,23,23,28,28,23,31,31,21,15,14,14,27,31,19,19,49,41,44,47,42,35,29,27,31,33,34,33,33,32,33,33,34,34,34,33,34,32,32,32,32,32,33,34,35,33,33,35,37,38,33,31,43,41,43,39,35,44,112
0,90,27,42,53,55,48,44,26,34,76,132,162,164,154,142,141,125,80,36,23,35,49,49,42,42,48,48,47,42,44,49,50,44,40,40,44,47,44,40,41,72,119,149,153,155,159,144,108,56,31,41,45,39,33,29,39,60,80,58,40,44,42,39,40,41,38,35,32,36,39,41,36,35,32,39,72,118,146,140,146,151,142,122,101,103,119,139,141,144,142,119,78,47,41,53,74,96,102,101,106,105,95,91,91,70,44,50,90,125,133,140,138,138,113,72,80,74,92,99,92,77,58,58,71,82,93,106,118,114,90,61,41,34,43,59,98,111,110,117,110,91,79,81,79,52,51,91,139,146,140,159,142,118,97,79,69,66,68,70,69,68,71,65,56,49,53,55,60,70,69,68,73,72,59,45,53,61,68,85,93,82,69,87,75,65,54,43,34,28,31,32,32,32,32,32,32,33,33,33,33,34,33,34,32,32,32,32,32,34,35,35,33,33,35,37,39,32,31,44,44,44,41,37,43,108
0,77,22,37,55,58,44,18,30,87,140,156,152,143,140,144,114,62,34,38,50,49,47,50,45,57,69,65,58,61,68,66,72,74,61,42,37,43,44,41,38,70,120,149,152,146,148,140,102,58,39,43,37,22,22,27,38,52,86,59,35,43,43,39,41,43,40,31,27,34,36,40,33,30,30,37,70,115,144,138,147,143,126,66,44,68,118,141,141,141,141,129,88,56,67,105,134,149,149,148,156,151,132,123,115,91,77,58,89,122,133,137,137,136,119,92,132,140,141,141,138,118,86,63,59,73,97,119,131,121,96,64,43,49,80,114,130,133,128,141,143,121,111,107,99,76,79,108,144,143,154,142,135,127,119,107,101,99,103,112,114,117,119,100,75,63,75,101,107,111,113,116,105,65,41,82,105,118,118,118,122,124,109,99,95,77,60,48,33,28,30,32,32,33,32,31,31,31,32,32,31,32,32,33,32,31,31,31,31,32,33,33,33,33,35,36,40,31,32,43,45,48,44,38,40,105
0,0,34,39,42,48,37,48,87,133,156,162,157,145,141,143,120,96,97,105,103,98,103,108,106,108,112,107,104,108,109,108,115,97,67,46,31,30,39,37,36,72,126,155,147,132,132,124,93,67,56,42,40,51,65,71,79,100,120,74,31,30,36,35,36,43,37,29,24,31,31,35,29,25,23,30,64,111,141,134,142,142,125,59,38,70,124,145,140,141,141,127,93,69,100,133,152,161,164,157,148,142,138,131,126,103,83,68,89,125,137,141,148,141,133,123,141,139,142,141,135,120,97,73,69,92,120,138,143,134,109,72,56,72,111,140,147,141,128,128,123,125,122,122,111,86,93,108,132,139,144,139,133,137,140,129,115,106,113,122,129,131,124,101,76,74,96,118,127,124,130,133,105,63,63,114,134,136,135,135,132,132,123,118,114,95,72,53,36,26,29,32,32,32,32,31,31,31,31,32,30,31,31,32,30,30,30,31,31,32,32,33,33,32,35,38,36,33,35,40,44,51,43,38,38,101
0,0,50,44,36,50,45,84,138,160,153,153,155,144,139,136,134,137,149,153,143,140,150,154,143,136,139,134,140,152,146,146,146,115,72,40,27,32,35,30,36,77,122,134,113,94,91,86,77,73,61,44,60,85,96,99,121,144,133,72,29,29,35,33,36,44,38,32,29,32,34,32,30,29,24,28,61,111,144,139,143,138,122,74,55,83,133,146,144,143,139,125,94,97,140,153,159,157,155,139,118,120,140,154,154,128,105,81,91,124,134,136,137,132,142,155,156,142,139,138,139,132,111,80,77,112,144,141,145,144,116,82,71,95,127,153,151,147,134,115,110,128,135,139,133,119,112,103,117,132,152,140,137,145,144,123,100,98,120,140,143,143,136,115,91,94,122,137,148,142,143,135,106,92,122,152,158,148,147,149,143,143,144,131,122,110,88,62,40,26,26,30,30,31,31,31,31,32,32,32,31,32,32,32,31,30,30,31,31,31,32,32,33,33,36,37,32,35,37,39,44,54,46,35,37,100
0,0,53,43,27,46,64,100,148,159,148,146,153,148,139,142,139,139,145,155,154,151,150,150,151,153,159,154,162,173,168,171,163,129,79,40,36,43,33,30,29,68,105,100,69,56,59,62,66,72,64,61,85,104,111,124,147,155,132,72,33,37,40,35,40,41,35,35,32,25,32,36,37,35,29,30,62,113,150,140,140,134,120,97,85,111,151,154,156,155,154,126,91,103,146,146,148,143,138,120,98,112,150,177,165,139,114,84,86,124,136,138,145,138,134,132,121,127,137,144,149,146,117,75,71,109,145,133,141,144,112,84,82,107,126,144,141,140,131,110,96,125,127,126,121,93,85,81,96,132,156,149,138,131,119,90,67,75,109,137,134,134,132,112,86,89,119,133,148,145,141,121,88,91,136,149,143,142,146,133,114,122,151,134,129,124,104,73,44,27,25,29,31,32,31,30,29,30,30,30,30,30,29,30,29,29,29,31,30,31,31,32,32,32,35,35,33,36,36,35,40,47,44,40,36,91
0,0,44,38,31,50,88,141,150,145,144,140,146,152,147,148,151,155,157,160,155,153,154,150,148,160,168,152,154,165,159,173,160,123,74,40,35,43,47,42,43,61,65,42,19,14,15,14,40,67,75,76,86,119,157,149,152,144,127,77,38,39,38,36,41,38,29,34,35,23,29,32,35,35,33,31,60,103,138,138,148,154,145,139,145,160,164,159,160,168,154,113,82,97,140,132,141,141,108,54,45,88,128,150,156,138,128,98,90,102,128,144,148,152,124,88,81,107,130,132,142,151,130,88,75,100,131,139,150,146,121,93,94,114,126,138,142,150,127,110,110,103,93,90,72,54,36,60,109,124,139,142,140,124,93,55,36,53,88,119,133,141,139,121,104,102,116,133,139,142,145,122,90,103,144,145,143,137,122,91,73,95,136,136,144,138,114,82,49,29,27,28,30,31,31,30,29,28,28,28,27,27,26,26,27,29,30,31,30,31,30,31,30,29,32,32,33,34,34,30,34,40,41,42,34,81
0,0,41,23,25,37,73,109,123,136,143,134,144,152,142,140,141,140,138,140,138,136,136,134,129,138,148,139,136,141,140,142,132,108,72,42,29,28,30,29,40,56,52,31,14,10,11,14,37,58,80,99,103,120,139,155,147,140,131,82,42,36,35,32,39,40,28,33,36,31,35,39,43,40,38,34,61,103,142,145,150,151,143,136,146,152,141,135,140,145,111,75,68,96,130,132,143,145,114,67,57,92,124,144,149,142,133,103,97,108,135,143,148,150,124,88,80,107,132,135,143,150,130,91,77,98,130,133,140,137,121,92,79,90,104,126,139,123,118,113,118,114,105,100,85,71,53,70,111,131,143,148,148,131,97,53,25,39,74,116,130,138,140,126,111,106,115,134,143,144,143,123,90,100,140,142,138,126,108,76,62,95,137,135,144,139,118,84,49,29,27,28,29,29,30,30,29,29,28,28,27,27,25,27,28,29,30,31,30,30,30,30,29,28,30,30,30,32,35,27,33,40,40,37,32,79
0,0,43,22,29,43,72,70,97,124,138,137,144,147,138,139,137,130,119,116,114,113,115,117,111,116,122,119,121,126,124,123,113,83,48,30,31,37,36,33,33,33,27,19,19,25,32,37,57,74,93,119,133,138,139,148,143,142,140,90,39,27,30,30,39,42,30,30,32,30,34,38,41,38,37,33,57,99,139,148,147,145,140,134,139,134,118,112,123,106,60,29,52,99,131,131,138,140,116,76,64,90,118,141,143,139,133,102,102,109,130,139,139,145,123,82,74,101,131,131,140,145,126,88,72,93,122,133,138,139,124,90,65,71,86,104,124,123,132,137,138,137,134,134,120,104,81,78,100,126,137,134,138,126,96,56,28,36,66,103,118,129,136,131,118,110,118,129,138,140,131,101,80,98,128,132,130,122,104,69,53,89,126,137,141,141,125,89,50,32,30,31,30,29,28,28,28,28,27,27,27,27,26,27,28,29,28,30,30,30,30,30,29,28,30,30,28,31,36,26,31,42,39,36,31,77
0,0,42,26,30,42,59,53,75,98,119,135,145,143,141,145,139,126,109,96,86,82,88,93,89,89,95,97,95,97,97,92,89,61,36,31,29,33,40,37,33,35,37,38,41,41,36,38,57,84,109,134,144,140,141,148,148,143,144,97,40,24,28,34,41,41,33,30,31,25,30,35,35,31,31,29,53,94,135,151,146,143,136,119,108,101,92,87,88,63,24,23,58,112,145,146,145,142,124,90,76,100,132,150,145,148,139,104,99,113,133,141,147,149,126,85,74,104,134,137,144,147,130,93,75,97,125,138,145,147,130,88,63,64,79,102,119,119,124,119,120,132,140,151,135,119,92,79,90,119,137,139,142,133,106,72,46,45,68,93,110,123,137,144,133,123,129,133,139,140,124,88,78,103,124,129,129,132,113,76,66,97,119,137,144,145,127,89,48,28,29,29,29,29,28,28,28,29,29,29,28,27,25,27,28,30,29,29,29,29,29,29,29,28,30,31,28,32,36,28,33,44,41,34,29,75
0,0,42,30,32,43,62,22,37,59,85,119,137,138,139,136,126,101,73,51,33,22,24,30,36,32,25,30,35,26,23,21,22,26,30,31,28,34,36,29,28,30,44,57,54,43,28,29,61,107,138,143,145,141,144,147,148,140,143,96,43,23,28,35,39,37,30,32,36,29,32,36,35,32,30,33,56,100,134,154,147,144,135,110,75,46,35,30,29,25,24,25,52,104,146,144,147,143,123,84,75,104,134,140,140,154,141,101,85,105,132,145,148,143,118,83,72,102,138,138,143,146,130,93,75,92,119,142,148,152,138,93,49,37,48,81,85,96,103,98,102,124,146,141,140,140,117,79,85,116,139,148,147,132,107,73,49,44,55,79,106,120,132,130,134,131,129,127,132,138,117,69,66,105,118,130,133,137,120,84,66,91,120,132,136,142,133,93,42,21,26,26,27,26,26,28,29,30,29,28,28,28,28,28,28,28,29,29,29,29,29,30,28,28,31,32,28,33,37,30,35,43,43,38,27,75
0,0,32,29,28,35,40,35,33,36,56,94,118,129,142,147,141,126,102,76,51,30,21,17,21,19,18,23,26,22,20,18,20,28,36,37,39,41,36,31,27,35,62,78,68,48,33,34,63,121,153,147,144,140,146,153,146,134,144,99,42,21,29,38,37,30,28,35,37,29,34,36,32,30,31,35,59,103,136,154,146,145,136,100,51,25,24,21,17,14,21,30,48,87,126,141,146,140,127,104,100,119,138,146,147,157,130,80,66,103,142,141,150,142,117,80,68,99,136,134,142,144,128,91,71,89,121,139,144,148,134,95,63,62,76,105,106,106,99,89,96,122,147,139,138,133,106,70,77,108,134,146,144,125,117,102,87,69,58,68,99,122,138,140,147,144,141,138,139,134,102,53,50,90,117,138,135,131,120,100,93,111,128,132,142,143,121,76,31,16,20,23,24,24,26,27,28,28,27,28,28,28,28,28,28,29,29,29,29,29,29,29,28,28,30,33,31,33,38,33,37,45,44,37,27,73
0,0,31,33,31,27,28,38,36,34,41,65,87,108,131,141,146,147,132,109,87,64,47,31,33,33,33,33,36,38,37,36,36,36,33,32,36,37,36,32,34,51,86,109,99,64,38,51,89,138,151,145,146,144,147,151,147,137,141,95,42,22,31,36,35,29,28,34,37,35,37,37,32,32,34,35,58,104,140,159,147,143,138,97,40,16,24,33,31,25,30,33,36,61,98,132,143,144,144,136,132,139,147,149,146,144,103,52,56,108,147,148,159,147,123,87,74,106,143,139,148,150,134,96,73,92,131,144,145,145,132,99,81,92,112,131,136,130,119,118,127,140,151,149,144,130,94,60,74,111,141,154,156,139,140,138,123,90,58,46,79,114,133,133,137,135,139,147,151,138,98,52,44,71,104,134,136,134,130,126,126,137,141,142,152,140,97,49,22,19,23,27,26,25,26,26,26,27,26,27,28,28,27,28,28,28,28,28,29,28,28,28,28,29,30,34,36,30,32,38,41,40,42,40,23,69
0,0,40,30,35,24,34,43,39,38,36,43,63,92,118,124,134,143,144,130,109,85,61,46,43,44,42,37,35,37,36,35,36,37,35,35,35,28,23,29,38,62,98,125,118,75,41,61,107,134,131,130,134,134,130,137,139,135,122,78,40,22,29,36,36,34,31,30,33,37,35,33,28,28,30,32,54,100,137,145,125,117,118,90,41,22,29,30,34,32,35,32,27,41,72,101,122,132,140,142,141,140,135,138,131,118,73,32,50,105,135,135,138,127,106,69,56,89,127,129,136,136,118,83,61,79,116,134,129,124,109,81,66,80,103,125,137,129,119,127,137,135,134,130,125,105,61,31,58,104,132,124,133,130,131,136,122,81,41,20,58,104,125,124,125,125,133,136,142,118,71,38,34,50,83,106,120,128,132,133,134,139,136,140,145,122,69,29,23,27,26,29,28,25,24,24,23,24,25,26,27,28,28,28,29,29,28,28,28,28,28,28,28,29,31,34,36,28,27,38,44,35,41,41,20,65
0,0,52,23,37,34,47,47,38,34,37,42,34,42,71,104,129,146,155,153,141,120,89,62,43,38,38,38,39,37,35,35,31,35,36,39,42,42,40,37,41,59,84,100,92,67,53,81,102,104,99,101,102,104,100,98,100,99,84,56,35,26,30,36,34,33,33,31,31,35,33,29,26,26,30,35,50,81,107,115,99,91,92,72,38,25,30,28,31,30,36,34,28,32,49,69,89,105,119,124,121,121,116,106,89,63,35,23,50,86,101,106,108,99,71,39,43,80,107,105,107,103,89,66,56,68,91,110,104,96,83,59,42,49,70,96,109,109,111,118,126,121,120,97,80,57,29,20,46,81,102,97,114,118,114,116,100,64,27,22,58,101,115,111,114,112,115,117,118,83,35,21,28,41,72,83,102,116,123,126,126,130,127,119,105,74,32,18,29,31,25,28,27,25,25,24,23,23,24,26,27,28,28,29,30,29,27,27,27,27,27,27,27,28,29,32,31,30,31,35,42,40,42,37,20,62
0,0,55,21,34,43,50,45,37,37,37,37,37,42,58,85,108,126,142,146,137,124,104,91,69,57,47,43,42,38,37,35,31,34,34,35,34,35,37,41,39,46,55,62,58,55,57,64,64,58,58,64,64,64,62,58,58,57,50,39,32,33,33,33,32,31,32,34,32,33,34,30,28,29,34,37,41,52,62,68,61,59,58,44,23,17,22,25,28,28,30,30,28,28,32,43,58,70,77,78,78,78,73,56,44,21,14,24,46,57,60,67,72,67,40,21,39,66,73,72,70,62,52,48,51,57,61,67,64,60,56,43,28,29,42,60,63,74,88,88,89,87,86,62,43,28,23,29,42,53,64,71,84,84,84,79,63,43,25,24,48,75,79,72,75,76,76,76,72,48,26,25,29,35,56,57,71,83,88,90,91,96,95,84,58,29,13,20,35,35,29,28,27,25,26,26,25,25,25,26,27,27,27,28,28,28,27,26,26,27,28,27,26,27,28,29,28,31,37,35,39,47,42,35,22,59
0,0,56,27,31,41,43,41,40,41,34,34,36,35,38,58,80,106,136,157,164,159,145,131,105,76,50,44,44,40,37,36,33,31,30,34,34,34,38,39,37,34,34,37,37,34,30,29,28,26,25,26,27,27,28,30,28,28,28,26,29,35,34,33,33,33,32,34,33,32,33,32,29,31,34,32,30,32,33,19,18,22,29,30,27,26,28,24,27,30,28,27,29,29,26,26,27,29,31,30,27,24,21,20,24,21,20,25,31,30,31,24,25,26,19,15,21,25,24,32,29,21,18,21,28,28,23,23,21,21,26,22,16,15,19,26,21,27,36,30,26,26,24,21,22,25,24,26,26,24,26,25,25,20,28,29,23,19,22,20,25,35,38,30,27,30,32,25,21,18,22,27,22,21,29,24,28,34,35,34,35,38,38,40,23,13,20,28,29,29,30,28,27,25,25,25,25,26,26,26,26,26,26,27,27,27,27,26,25,26,28,27,26,27,28,28,29,30,36,37,38,46,42,36,23,56
0,0,57,34,28,33,36,39,41,42,33,33,34,30,32,38,51,71,98,121,134,135,128,119,98,70,45,40,39,39,39,36,35,35,36,35,35,37,39,41,40,33,29,27,31,31,28,29,31,33,33,26,26,32,34,29,21,22,21,21,27,32,33,34,31,33,33,34,34,34,34,33,30,32,35,29,24,24,21,16,16,23,30,33,33,32,33,32,31,32,31,33,36,38,35,31,28,25,24,24,22,19,18,19,23,26,31,36,37,32,26,21,23,27,32,31,30,24,23,24,23,19,19,26,29,28,25,27,20,21,31,31,26,23,26,28,22,22,24,24,22,20,15,16,21,35,38,35,28,21,18,37,25,18,21,24,24,23,34,30,23,22,28,23,19,23,27,25,18,19,28,31,28,30,30,24,21,23,23,23,25,26,23,20,14,13,28,31,22,25,31,28,27,25,25,26,26,27,27,26,25,25,26,27,27,27,27,27,25,26,28,27,26,27,28,30,30,32,35,36,37,43,42,36,21,54
0,0,57,28,27,28,37,42,41,39,36,37,35,28,29,27,30,44,70,99,117,121,117,105,91,70,47,40,40,39,39,37,38,40,39,39,37,36,37,39,39,37,33,30,34,36,32,30,29,36,33,28,28,34,35,29,26,25,24,23,25,29,31,33,32,33,35,36,35,32,34,34,34,34,34,32,28,26,28,25,25,28,33,34,35,36,34,33,30,29,28,32,34,33,33,31,30,27,23,22,21,22,23,26,33,33,34,35,37,34,28,24,22,29,33,34,32,28,26,27,27,30,29,30,32,29,28,29,28,25,28,29,29,28,28,30,29,27,24,21,17,22,19,18,25,35,32,29,31,29,24,25,22,17,17,21,21,27,35,33,23,21,27,22,20,26,26,26,22,28,32,29,27,27,28,28,21,24,27,17,21,26,21,17,17,23,30,29,24,24,29,28,27,24,25,26,25,26,25,25,25,24,26,25,25,25,28,28,25,26,27,26,25,26,28,31,35,35,35,35,36,39,40,35,20,52
0,0,67,23,34,33,41,44,39,39,40,39,35,34,36,34,34,38,51,71,88,91,85,73,67,57,42,37,37,37,39,38,36,41,38,39,37,30,30,32,33,34,34,32,33,37,36,33,31,34,34,35,35,35,34,35,34,34,32,32,34,34,35,33,31,33,34,36,34,32,35,36,33,31,32,33,33,32,33,34,35,35,33,32,32,33,34,35,33,32,33,36,35,35,35,33,30,27,26,26,26,27,29,34,39,34,28,28,34,37,35,35,32,35,37,34,32,35,35,33,33,34,34,34,33,28,28,29,32,30,31,29,28,29,30,32,33,30,25,24,27,29,30,32,32,37,36,31,32,32,31,26,32,25,21,22,27,31,32,28,27,26,25,28,31,30,28,28,29,31,29,26,26,28,30,30,27,30,31,25,27,30,26,23,25,29,29,27,27,27,29,28,27,25,25,26,26,25,25,25,25,25,26,24,25,25,28,28,26,25,27,25,26,26,26,30,34,33,32,30,30,36,37,35,20,50
0,0,74,25,41,35,43,43,39,41,45,43,36,40,47,46,43,36,29,28,31,30,24,22,25,31,34,37,37,36,37,37,36,38,36,35,30,29,30,29,29,29,31,32,32,33,34,32,32,29,32,35,35,31,30,31,29,29,29,31,33,33,35,32,30,33,33,36,34,31,36,38,31,28,28,33,33,32,30,31,31,29,26,27,28,26,27,27,30,29,31,31,29,29,30,31,31,30,28,26,26,28,29,31,36,31,24,23,27,31,32,31,31,31,33,28,24,31,33,31,30,29,30,32,31,27,26,26,29,28,30,28,28,29,27,29,31,28,23,22,26,25,30,33,31,31,33,28,26,26,28,29,35,28,25,25,28,30,31,29,30,30,25,30,35,32,31,29,32,29,26,27,29,31,32,32,29,31,31,30,29,28,23,25,26,28,27,27,28,28,30,28,26,25,24,26,26,26,26,25,25,26,26,24,25,25,27,29,27,25,26,26,27,27,28,30,34,29,29,33,27,29,37,42,23,47
0,0,70,27,37,38,39,42,40,41,47,49,38,36,40,37,35,30,23,19,20,21,21,20,24,31,33,35,37,36,35,36,35,34,31,32,29,34,38,36,34,32,33,35,34,32,31,34,35,32,32,34,33,33,32,32,28,26,28,30,32,32,32,32,29,32,33,37,34,29,37,35,28,26,27,32,34,33,29,25,23,22,23,27,29,25,25,22,29,29,28,25,25,24,26,30,32,32,29,28,29,30,31,31,35,34,32,31,29,27,28,26,31,31,33,31,24,26,28,30,28,25,28,32,33,33,29,26,25,24,25,26,27,29,29,32,33,32,29,25,25,22,29,35,31,23,22,22,19,20,28,32,33,29,30,28,24,24,31,30,27,31,27,30,33,34,35,36,35,27,24,25,28,32,32,32,28,27,29,31,28,24,21,25,30,29,24,24,28,30,28,26,24,25,25,26,26,24,26,26,25,26,26,25,25,25,24,28,30,27,23,27,29,28,29,31,36,30,30,35,28,29,38,45,23,49
0,0,64,30,29,35,34,37,46,42,33,33,37,39,39,37,36,32,27,23,23,26,28,28,23,24,27,27,24,28,36,31,29,32,32,36,34,28,29,35,35,33,32,33,33,30,29,29,31,30,29,27,26,31,30,33,33,36,35,31,33,37,34,28,23,26,29,32,29,24,34,31,24,22,24,28,30,28,26,22,21,22,23,26,28,26,25,28,32,32,29,26,26,25,27,28,29,26,24,27,27,26,28,29,30,29,30,33,29,26,26,29,36,37,36,33,27,26,28,26,24,22,25,27,29,31,26,25,23,27,26,26,25,28,31,32,30,30,29,25,22,23,28,32,29,25,26,29,23,23,30,32,28,23,23,25,24,23,29,28,24,27,26,25,26,29,30,31,30,25,22,21,22,26,26,25,24,23,25,26,24,22,22,25,30,27,22,20,23,28,28,26,25,27,28,28,26,23,26,27,25,27,27,26,26,26,24,24,32,29,22,28,30,29,28,32,36,34,32,31,30,35,39,37,23,53
0,0,0,27,28,36,34,35,39,39,36,35,41,43,41,36,36,35,32,29,30,34,36,38,36,36,36,37,35,35,37,38,37,35,35,41,40,35,34,34,35,35,33,34,35,32,30,30,32,35,34,31,32,37,34,32,34,40,40,32,33,39,37,33,28,29,34,35,33,29,38,38,32,30,30,32,32,27,25,26,27,28,29,30,32,32,30,31,29,29,28,26,25,23,25,30,33,31,29,31,31,30,31,33,31,28,29,34,33,30,29,31,35,35,32,27,26,27,29,30,28,27,27,27,29,31,29,27,26,32,31,31,27,28,31,31,30,31,31,30,29,32,32,30,26,27,30,32,27,28,31,33,31,28,25,27,30,31,31,30,30,29,26,25,25,27,27,27,28,29,28,26,26,28,25,23,28,28,26,24,24,25,29,29,32,30,28,25,23,29,32,30,29,29,30,29,26,24,27,25,23,26,26,25,25,27,26,25,29,27,23,28,28,27,29,33,35,36,34,32,34,39,41,35,27,53
0,0,0,23,32,45,38,36,40,48,47,43,46,49,44,43,41,40,38,38,39,40,39,42,39,38,39,42,39,35,34,37,41,36,38,43,41,39,39,40,40,40,39,40,41,38,37,39,40,44,45,41,45,47,45,42,38,40,43,39,38,41,39,39,36,37,40,42,40,37,42,42,39,38,39,38,37,31,31,32,34,32,33,36,35,35,35,35,32,32,33,33,31,30,31,33,39,41,38,38,40,40,39,37,35,34,35,40,39,36,34,35,35,33,31,27,29,30,33,36,35,34,33,33,33,34,35,35,35,34,34,35,34,35,34,32,32,34,36,36,37,40,38,33,32,34,33,32,32,29,26,35,40,40,38,33,32,35,35,35,36,34,31,32,33,35,35,36,36,37,36,34,35,35,33,29,37,36,29,30,28,28,34,34,37,38,35,32,31,31,30,30,31,29,29,28,25,26,28,27,25,29,30,27,27,30,30,28,28,28,29,29,27,27,30,30,32,36,37,34,35,37,44,44,27,45
0,0,0,30,41,46,40,41,45,54,49,47,53,56,48,45,43,43,44,43,43,45,46,49,47,45,45,49,48,48,49,51,55,54,54,58,57,49,50,49,48,48,48,48,48,47,48,51,51,56,58,53,57,57,57,57,54,55,57,53,52,55,52,51,49,51,52,54,51,50,52,50,50,50,51,48,47,42,45,47,48,44,46,47,42,44,48,47,47,47,49,49,46,48,45,48,49,51,51,49,50,51,49,42,40,42,46,51,51,49,49,48,49,44,43,44,44,43,45,43,44,44,44,45,42,39,42,47,50,43,44,46,48,49,44,41,41,43,44,45,46,48,49,46,51,52,46,46,52,45,39,44,47,42,44,38,37,44,45,44,42,42,42,41,42,44,46,46,46,48,47,45,44,43,44,40,47,44,37,42,36,33,40,42,38,42,43,43,42,36,35,37,39,38,37,37,35,36,36,28,25,29,30,27,27,29,28,32,33,34,37,32,32,30,29,35,38,46,47,37,40,45,53,58,35,45
0,0,0,0,0,0,0,0,0,0,0,0,0,0,0,0,0,0,0,0,0,0,0,0,0,0,0,0,0,0,0,0,0,0,0,0,0,0,0,0,0,0,0,0,0,0,0,0,0,0,0,0,0,0,0,0,0,0,0,0,0,0,0,0,0,0,0,0,0,0,65,66,66,65,67,71,71,71,74,74,72,73,73,71,71,70,68,66,64,65,65,64,65,65,62,58,60,61,58,60,58,56,57,61,63,64,68,65,63,63,60,60,60,59,62,69,66,62,65,67,68,64,62,63,72,71,66,64,63,69,67,58,60,60,56,49,49,50,52,54,55,55,53,51,51,52,51,50,49,50,53,58,57,56,53,55,55,53,55,57,58,55,49,49,50,49,51,54,55,55,53,52,51,51,52,51,54,55,51,51,47,46,48,49,48,49,58,50,57,52,47,44,46,47,47,46,46,45,44,43,40,39,37,38,39,39,38,44,48,48,49,47,46,50,47,40,40,47,49,42,47,51,57,42,24,53
0,0,0,0,0,0,0,0,0,0,0,0,0,0,0,0,0,0,0,0,0,0,0,0,0,0,0,0,0,0,0,0,0,0,0,0,0,0,0,0,0,0,0,0,0,0,0,0,0,0,0,0,0,0,0,0,0,0,0,0,0,0,0,0,0,0,0,0,0,0,0,0,0,0,0,0,0,0,0,0,0,0,0,0,0,0,0,0,0,0,0,0,0,0,0,0,0,0,0,0,0,0,0,0,0,0,0,0,0,0,0,0,0,0,0,0,0,0,0,0,0,0,0,0,0,0,0,0,0,0,0,0,0,0,0,0,0,0,0,0,0,0,0,0,66,69,70,68,64,62,64,70,73,70,65,62,63,68,69,70,70,70,68,67,67,65,64,63,62,63,65,65,64,63,62,63,64,64,63,61,55,57,61,62,59,59,67,63,71,67,60,63,68,67,63,64,65,67,67,63,60,59,58,61,63,59,59,59,58,58,57,56,61,65,62,59,54,57,60,55,69,62,62,62,53,61
0,0,0,0,0,0,0,0,0,0,0,0,0,0,0,0,0,0,0,0,0,0,0,0,0,0,0,0,0,0,0,0,0,0,0,0,0,0,0,0,0,0,0,0,0,0,0,0,0,0,0,0,0,0,0,0,0,0,0,0,0,0,0,0,0,0,0,0,0,0,0,0,0,0,0,0,0,0,0,0,0,0,0,0,0,0,0,0,0,0,0,0,0,0,0,0,0,0,0,0,0,0,0,0,0,0,0,0,0,0,0,0,0,0,0,0,0,0,0,0,0,0,0,0,0,0,0,0,0,0,0,0,0,0,0,0,0,0,0,0,0,0,0,0,0,0,0,0,0,0,0,0,0,0,0,0,0,0,0,0,0,0,0,0,0,0,0,0,0,0,0,0,0,0,0,0,0,0,0,0,0,0,0,0,0,0,0,0,0,0,0,0,0,0,0,0,0,0,0,0,0,0,0,0,0,0,0,0,0,0,0,0,0,0,0,0,0,0,71,68,84,76,72,77,74,71
