0,0,0,0,0,0,0,0,0,0,0,0,0,0,0,0,0,0,0,0,0,0,0,0,0,0,0,0,0,0,0,0,0,0,0,0,0,0,0,0,0,0,0,0,0,0,0,0,0,0,0,0,0,0,0,0,0,0,0,0,0,0,0,0,0,0,0,0,0,0,0,0,0,0,0,0,0,0,0,0,0,0,0,0,0,0,0,0,0,0,0,0,0,0,0,0,0,0,0,0,0,0,0,0,0,0,0,0,0,0,0,0,0,0,0,0,0,0,0,0,0,0,0,0,0,0,0,0,0,0,0,0,0,0,0,0,0,0,0,0,0,0,0,0,0,0,0,0,0,0,0,0,0,0,0,0,0,0,0,0,0,0,0,0,0,0,0,0,0,0,0,0,0,0,0,0,0,0,0,0,0,0,0,0,0,0,0,0,0,0,0,0,0,0,0,0,0,0,0,0,0,0,0,0,0,0,0,0,0,0,0,0
0,91,101,120,135,141,144,147,142,144,149,142,142,145,141,141,140,140,142,140,140,140,137,134,140,142,135,134,136,130,131,136,138,146,153,156,159,159,159,153,154,137,127,122,124,117,111,111,0,0,0,0,0,0,0,0,0,0,0,0,0,0,0,0,0,0,0,0,0,0,0,0,0,0,0,0,0,0,0,0,0,0,0,0,0,0,0,0,0,0,0,0,0,0,0,0,0,0,0,0,0,0,0,0,0,0,0,0,0,0,0,0,0,0,0,0,0,0,0,0,0,0,0,0,0,0,0,0,0,0,0,0,0,0,0,0,0,0,0,0,0,0,0,0,0,0,0,0,0,0,0,0,0,0,0,0,0,0,0,0,0,0,0,0,0,0,0,0,0,0,0,0,0,0,0,0,0,0,0,0,0,0,0,0,0,0,0,0,0,0,0,0,0,0,0,0,0,0,0,0,0,0,0,0,0,0,0,0,0,0,0,0
0,96,104,111,112,104,108,114,111,111,123,121,115,117,120,121,120,117,122,129,127,125,128,132,134,131,128,126,123,121,123,123,130,134,136,138,147,164,176,192,201,197,197,199,202,202,198,199,197,196,194,194,194,192,191,188,190,188,184,189,187,187,186,185,184,185,186,187,180,179,176,167,164,145,147,129,122,121,133,145,139,126,123,122,121,123,129,132,129,127,126,126,126,127,127,128,125,120,124,129,126,0,0,0,0,0,0,0,0,0,0,0,0,0,0,0,0,0,0,0,0,0,0,0,0,0,0,0,0,0,0,0,0,0,0,0,0,0,0,0,0,0,0,0,0,0,0,0,0,0,0,0,0,0,0,0,0,0,0,0,0,0,0,0,0,0,0,0,0,0,0,0,0,0,0,0,0,0,0,0,0,0,0,0,0,0,0,0,0,0,0,0,0,0,0,0,0,0,0,0,0,0,0,0,0,0,0,0,0,0,0,0
0,114,116,106,84,50,34,31,27,27,38,45,44,46,48,47,45,38,41,50,52,52,55,80,68,63,62,58,53,57,60,59,62,64,69,76,84,108,141,185,203,217,224,227,225,225,223,227,228,229,230,232,232,231,230,230,233,233,229,228,224,229,232,231,229,228,229,230,227,227,227,220,212,184,169,139,117,107,105,105,107,104,106,108,106,105,108,110,112,110,111,116,119,120,116,118,116,115,119,124,125,120,123,126,124,127,136,147,160,180,201,205,205,204,204,209,209,205,204,202,196,192,195,198,192,184,178,175,179,178,177,181,182,183,183,182,185,187,189,182,175,158,140,125,129,119,121,133,134,143,138,129,125,124,0,0,0,0,0,0,0,0,0,0,0,0,0,0,0,0,0,0,0,0,0,0,0,0,0,0,0,0,0,0,0,0,0,0,0,0,0,0,0,0,0,0,0,0,0,0,0,0,0,0,0,0,0,0,0,0,0,0
0,147,143,136,116,80,40,20,13,13,11,11,6,6,3,3,1,3,2,2,3,4,2,4,3,3,3,3,3,2,2,1,2,2,3,4,19,52,97,141,169,201,220,229,229,225,223,225,226,228,229,230,230,228,228,229,230,235,236,235,231,233,232,229,232,231,231,230,232,232,234,228,220,220,176,134,85,48,32,39,47,55,48,48,47,42,45,44,39,44,49,52,51,49,49,55,58,55,53,53,56,55,56,58,59,65,83,115,150,183,211,229,233,237,229,227,236,235,233,236,232,229,229,230,230,229,227,230,234,233,234,237,236,233,231,230,230,227,230,232,233,217,194,159,136,106,90,91,95,107,100,94,95,98,97,100,102,94,97,98,102,100,104,108,117,120,122,126,132,129,125,122,115,106,101,104,131,160,180,185,186,189,194,198,194,187,189,195,186,177,181,185,182,180,180,180,177,175,174,169,167,162,154,154,154,154,0,0,0,0,0,0
0,162,171,170,150,119,80,50,20,20,18,19,13,10,10,11,11,11,13,8,12,13,5,10,8,6,4,4,5,5,7,8,7,5,6,5,9,17,49,94,134,178,205,221,229,224,223,221,218,218,218,219,222,223,223,224,228,229,227,228,228,228,227,228,230,232,233,230,233,232,233,230,226,222,206,168,119,61,29,21,23,32,46,41,23,16,10,7,6,7,5,4,3,2,3,2,5,9,7,3,2,1,2,1,8,4,18,53,92,141,189,224,232,229,229,232,234,236,236,235,239,243,243,236,235,236,235,236,236,235,238,239,238,234,231,230,234,230,230,238,239,230,216,186,147,98,58,32,29,27,26,30,37,39,38,38,36,36,48,47,46,42,41,37,34,38,40,38,46,44,42,45,50,56,66,78,112,153,192,216,229,236,239,235,233,228,229,237,236,231,232,232,233,232,232,235,234,232,231,228,231,229,223,225,226,227,225,217,212,207,179,158
0,178,202,207,190,163,129,91,46,25,18,22,25,28,32,22,22,23,27,25,19,19,23,19,18,16,14,15,15,14,17,18,15,16,17,15,16,16,23,56,93,141,179,205,222,222,225,222,219,217,215,215,216,217,218,220,221,222,221,224,224,224,222,223,225,229,230,227,231,230,232,231,229,222,218,196,165,131,84,38,21,30,38,49,54,48,34,24,21,21,15,9,9,10,14,12,10,10,8,5,3,2,7,12,8,6,11,16,40,81,129,174,208,227,236,229,224,231,236,236,236,232,231,230,228,228,230,232,232,231,234,236,235,231,230,230,229,228,229,237,242,231,227,208,181,138,81,35,19,12,11,16,13,10,9,10,5,4,11,6,1,2,8,9,3,8,8,5,3,3,4,4,5,5,9,19,61,111,159,189,212,228,234,236,236,239,233,234,241,237,233,237,238,240,241,242,241,242,243,241,244,241,237,243,244,241,242,239,225,218,193,159
0,174,205,218,216,197,168,127,84,48,29,24,19,19,25,19,20,20,25,22,19,19,20,16,15,14,15,14,14,15,15,15,13,16,18,17,20,21,15,25,53,94,142,182,208,219,226,225,224,221,219,218,217,218,219,220,218,218,221,223,223,223,222,222,222,223,224,223,227,228,231,230,228,224,233,218,191,161,117,72,33,29,29,39,45,42,36,34,40,40,32,24,23,23,21,20,14,14,15,17,20,24,27,23,15,18,26,19,19,40,81,128,174,204,223,228,224,225,225,224,226,227,223,220,220,220,222,226,225,223,225,228,228,227,225,225,224,224,227,226,230,230,229,225,204,183,128,75,39,20,16,28,19,18,17,17,15,11,15,17,16,18,23,26,26,32,29,24,18,9,10,13,7,3,2,3,20,45,91,145,187,216,229,229,236,230,221,220,224,229,227,223,227,231,233,234,234,236,238,236,235,232,230,234,234,230,235,235,222,205,187,144
0,175,205,220,224,211,184,148,123,83,46,30,21,20,22,21,21,21,21,21,19,16,17,16,15,18,20,17,19,20,16,16,15,17,20,22,21,23,23,21,30,54,100,146,181,205,221,227,228,224,223,223,223,223,221,220,222,217,219,224,223,224,225,224,222,220,223,222,224,225,228,227,223,224,228,229,219,196,171,128,67,35,24,25,25,27,28,31,32,32,26,22,25,25,18,17,15,12,16,20,20,19,19,14,13,16,20,17,14,21,41,78,135,181,211,226,228,230,229,229,231,230,230,228,223,225,230,228,225,222,224,228,229,229,227,227,225,224,224,226,230,224,228,225,221,216,185,141,93,34,17,20,20,23,22,17,17,18,21,22,22,21,22,23,27,40,43,40,25,22,21,20,23,23,19,18,13,10,32,77,126,177,213,226,237,228,221,220,220,229,227,220,226,226,225,224,224,226,227,226,228,228,226,223,223,224,230,226,204,178,159,125
0,172,199,216,222,217,203,187,172,131,79,42,26,21,21,23,23,20,21,22,21,18,16,15,14,17,17,15,15,16,19,18,16,19,20,20,20,20,20,22,21,26,53,96,142,182,206,217,225,227,228,228,225,224,221,220,222,219,216,223,224,223,223,225,224,224,226,224,225,225,227,224,222,221,222,224,219,211,194,154,118,65,34,24,20,22,21,27,30,29,23,21,23,23,16,10,15,15,13,12,15,16,15,16,14,14,14,16,16,13,15,43,92,139,175,205,224,233,230,226,227,224,225,227,227,227,226,227,226,226,227,228,229,230,229,229,225,223,222,227,230,223,225,230,232,223,208,181,143,83,34,22,21,26,25,21,18,21,18,18,20,21,22,22,23,28,27,26,25,22,22,21,19,15,17,21,23,16,21,43,84,137,185,214,232,223,220,220,221,226,227,222,232,227,223,226,225,225,224,224,225,230,229,226,235,233,229,229,206,194,167,130
0,172,196,215,224,222,221,217,202,172,125,77,42,24,17,17,16,18,17,21,23,20,17,17,12,15,16,15,15,16,19,18,19,17,18,20,19,19,24,27,25,21,31,60,98,142,181,205,222,231,233,230,227,224,221,221,218,220,220,222,221,223,224,224,225,226,228,226,225,224,224,221,220,221,211,223,228,230,217,193,158,111,51,27,19,23,30,27,25,24,22,22,24,25,21,21,19,21,19,16,16,17,18,22,17,16,16,20,20,17,13,20,52,95,145,188,211,226,227,221,221,222,224,224,224,225,225,224,224,225,227,229,228,230,230,226,226,224,224,227,228,223,225,232,230,229,223,208,175,131,77,38,27,21,27,27,16,17,21,12,14,15,16,16,15,18,17,16,16,15,15,16,17,17,19,22,15,8,11,13,34,87,147,193,219,227,229,225,222,226,226,223,231,230,224,222,224,223,220,223,228,230,228,226,222,212,213,224,215,208,169,137
0,172,196,214,220,218,223,225,216,195,162,113,73,45,28,28,25,21,21,22,21,17,14,14,14,16,17,15,16,16,18,17,18,17,18,17,16,21,28,27,23,20,18,30,57,103,151,184,210,226,230,228,226,222,221,220,220,220,222,222,222,224,226,226,226,227,227,227,225,225,223,221,218,216,225,227,227,230,228,216,193,147,102,54,31,26,23,23,21,25,21,16,18,20,18,22,23,27,26,21,19,21,22,20,26,21,19,18,13,14,15,13,15,42,94,147,187,218,226,224,226,225,228,227,225,224,223,224,224,226,226,228,228,228,229,227,225,224,223,224,227,229,227,227,225,227,229,222,207,168,131,79,41,20,27,37,23,24,36,26,28,25,25,24,22,19,18,18,16,15,16,20,22,21,18,15,24,24,16,9,12,41,98,152,191,218,230,228,219,218,219,222,229,232,225,221,226,225,222,224,227,223,215,203,180,166,173,195,204,211,175,0
0,166,191,216,226,223,225,229,222,207,188,162,134,91,41,20,20,22,22,22,22,24,28,20,19,19,20,18,18,17,18,18,17,19,20,17,15,22,27,22,21,22,17,17,32,68,111,148,186,211,222,227,226,223,222,221,220,218,223,225,225,225,224,225,222,221,220,222,221,221,221,220,220,222,218,221,222,228,222,221,208,192,160,109,59,29,23,23,23,22,21,18,14,12,11,15,16,13,16,21,20,19,20,19,19,17,19,17,15,20,24,19,18,22,45,87,139,184,214,239,232,227,226,223,223,225,225,226,226,227,226,228,230,226,225,228,227,230,232,228,223,223,221,222,222,225,229,223,209,201,171,118,66,31,20,20,20,18,23,20,22,16,16,19,20,16,16,17,15,15,15,18,18,18,16,16,21,22,18,10,12,26,55,95,151,189,216,230,229,230,227,227,224,229,228,222,221,220,223,224,220,211,192,167,137,127,136,155,190,186,161,0
0,162,186,209,220,221,223,225,222,215,203,188,167,120,66,37,34,33,31,25,22,23,18,14,18,19,19,18,18,18,18,18,19,19,20,20,19,22,23,20,19,21,21,20,23,37,64,103,152,188,207,220,225,225,224,224,222,221,223,224,224,226,226,226,224,220,218,221,220,221,221,222,221,219,227,228,229,227,226,223,223,215,195,150,101,50,29,27,25,26,22,20,27,31,22,20,18,16,18,22,23,20,17,15,16,14,19,20,17,15,18,24,30,18,25,52,98,151,188,202,226,230,229,221,218,224,227,227,227,227,228,229,231,227,223,226,228,228,228,227,225,225,222,225,226,229,227,226,228,221,203,164,117,73,33,24,27,29,26,25,23,18,18,20,21,16,16,16,16,14,13,16,17,19,21,23,22,25,22,19,17,11,23,62,108,159,202,224,224,227,227,225,225,223,227,226,220,224,230,224,213,200,175,145,121,117,127,145,175,184,160,0
0,166,191,207,215,221,224,223,217,220,224,216,193,165,123,75,41,27,22,25,26,24,24,24,20,19,19,18,18,17,17,18,19,19,19,20,21,21,21,20,19,22,27,26,21,18,29,61,109,154,182,205,223,230,227,225,228,225,222,220,223,228,228,228,224,220,218,221,221,221,221,222,223,219,224,219,218,220,221,224,227,228,218,195,153,108,56,28,25,22,24,29,29,26,19,18,18,22,17,11,12,16,15,16,17,18,21,21,23,26,22,21,17,14,16,27,56,103,159,200,211,227,230,222,217,224,229,229,227,225,228,229,229,230,227,226,226,227,227,226,225,224,223,225,227,226,228,225,226,230,219,201,157,120,63,30,26,24,17,23,21,21,21,20,21,18,18,16,13,10,9,13,15,16,15,16,20,19,20,28,26,15,11,13,52,100,153,196,220,238,238,230,224,220,226,228,221,225,231,221,209,196,168,135,111,106,124,153,175,186,168,0
0,167,191,209,217,217,218,217,217,225,227,224,212,189,151,114,69,36,25,23,23,28,27,25,23,21,21,20,20,19,18,18,17,17,18,19,19,20,20,19,20,23,29,26,17,11,13,29,63,107,147,182,210,226,229,225,227,227,222,222,224,226,225,224,224,221,220,222,222,222,222,222,221,225,223,222,221,219,222,221,223,222,222,215,188,152,106,62,31,25,22,27,30,27,18,18,19,22,20,18,18,16,14,17,17,18,17,16,16,20,21,21,22,19,14,12,24,59,111,162,195,218,226,228,225,227,227,225,224,223,225,227,228,230,229,226,224,226,225,225,227,224,223,223,226,230,226,222,222,226,222,221,194,167,117,68,34,24,19,22,22,24,23,21,23,20,19,18,17,17,17,19,20,20,20,21,21,19,23,26,23,21,15,19,13,50,102,154,196,222,230,231,231,224,222,225,226,227,224,215,212,202,172,136,111,104,123,161,174,185,173,0
0,171,194,212,218,217,219,220,219,223,222,220,216,210,185,154,118,71,38,25,23,25,22,22,20,19,21,21,22,20,18,17,17,16,18,19,18,19,20,18,18,21,27,26,19,14,13,16,31,66,113,153,184,207,224,226,224,230,227,225,223,223,222,223,222,221,221,221,221,222,223,222,224,224,224,223,223,220,221,224,227,229,228,227,209,179,145,99,55,30,18,20,23,23,16,19,24,22,23,25,22,19,19,20,21,21,17,18,15,18,23,24,23,23,20,18,23,36,67,113,156,193,217,232,232,229,226,223,220,221,220,225,228,228,227,225,225,225,223,225,228,223,223,225,228,226,226,223,224,227,224,223,212,192,159,118,66,30,18,21,25,26,24,23,25,21,20,20,17,16,16,16,18,19,20,19,20,23,22,22,17,19,17,12,13,24,51,99,162,207,226,236,232,228,218,220,227,227,220,217,219,211,182,151,135,131,142,175,189,193,180,0
0,171,199,216,219,215,216,219,219,220,221,221,226,223,206,184,156,118,78,46,28,25,21,23,19,20,23,22,21,20,17,18,18,16,16,15,18,18,19,19,18,18,25,26,20,19,20,21,25,31,66,108,150,187,215,226,226,231,227,221,219,223,222,223,222,220,221,222,222,224,223,223,224,224,226,226,224,226,225,229,233,227,228,231,226,215,195,172,106,54,30,29,22,19,18,20,23,22,20,20,20,16,18,18,19,22,19,19,15,14,22,23,22,21,23,18,19,25,42,84,112,157,194,217,233,230,227,222,217,217,223,224,226,224,226,224,225,225,224,223,227,224,222,224,226,225,224,224,224,224,224,224,224,216,194,156,106,64,36,25,21,25,24,20,23,22,20,19,19,19,16,15,16,18,20,20,21,24,24,18,19,21,16,11,13,16,35,62,119,165,194,227,236,226,220,222,226,224,222,225,225,222,212,193,181,181,191,212,211,202,169,0
0,174,201,217,218,214,215,218,218,219,220,220,223,224,219,208,186,152,111,69,37,28,27,32,20,22,23,22,22,20,18,17,17,15,16,16,18,18,18,19,17,19,22,22,19,23,27,25,20,16,36,70,112,154,193,216,222,229,229,224,221,222,221,222,223,221,221,222,222,224,223,223,225,224,225,226,226,227,226,228,231,224,228,233,227,221,210,189,150,95,51,32,24,22,22,28,23,20,16,16,21,18,16,17,19,20,22,16,16,10,18,21,17,20,24,18,21,12,17,44,70,113,160,194,228,228,231,227,220,218,222,224,221,221,225,226,224,225,224,222,227,223,222,225,225,223,222,223,223,223,224,224,228,229,220,192,152,107,59,29,20,25,27,24,21,21,19,16,19,18,15,15,16,18,21,20,21,23,24,20,19,19,15,9,9,9,17,28,70,121,173,208,233,230,227,227,223,219,219,226,227,226,224,217,211,211,214,227,224,199,164,0
0,178,203,216,214,212,213,217,218,215,214,218,223,227,223,218,208,189,157,117,75,43,29,25,22,27,23,21,20,19,20,18,17,16,16,16,17,18,17,20,20,22,21,19,20,25,31,27,19,16,22,39,71,114,159,193,211,227,225,227,226,220,222,223,222,221,222,222,222,225,225,224,225,225,228,226,225,224,224,226,227,221,227,232,227,227,225,212,182,140,90,54,32,25,21,25,22,16,16,18,20,19,19,19,18,15,22,24,18,14,17,21,20,18,20,18,20,10,11,19,30,64,116,159,209,220,233,234,229,222,225,229,221,221,224,227,224,226,224,222,227,224,222,225,225,224,223,223,223,223,223,223,227,230,230,212,189,153,97,51,32,27,26,28,23,19,16,14,18,18,17,16,16,16,18,20,19,18,18,17,15,17,21,19,18,20,17,11,26,65,124,171,212,224,231,229,223,220,217,227,228,228,229,229,228,227,225,227,224,199,163,0
0,177,201,213,212,211,212,215,216,213,212,218,222,223,218,215,218,210,187,157,119,74,41,29,22,25,22,22,22,20,21,19,19,18,17,16,17,18,18,20,22,22,20,19,20,22,24,22,18,19,20,26,40,70,115,161,197,216,225,229,230,227,220,222,221,222,222,222,222,223,224,224,225,225,227,226,226,224,222,222,223,220,227,230,226,229,234,229,206,180,134,87,49,32,23,24,25,21,25,24,20,19,20,20,21,15,16,22,15,18,16,19,22,16,16,28,23,24,21,15,14,29,69,114,169,201,222,229,231,225,226,229,222,224,225,226,224,227,224,222,228,224,222,225,225,224,223,223,223,223,223,223,225,227,229,223,215,195,149,99,58,36,25,24,22,23,22,18,18,18,17,17,16,15,16,18,17,16,16,16,16,20,27,27,29,36,26,11,11,29,60,112,171,202,227,230,227,230,222,227,223,225,225,225,223,223,222,222,223,198,163,0
0,174,198,213,216,214,213,216,217,215,214,218,219,218,216,217,217,215,203,186,157,115,73,44,27,24,23,25,25,23,21,20,20,19,18,15,18,18,19,19,20,19,21,20,20,20,18,18,17,20,20,18,19,34,75,127,172,199,217,229,231,230,223,222,224,223,222,221,221,221,223,223,224,225,227,226,226,224,223,223,221,218,224,226,222,227,235,232,222,210,172,125,82,52,32,28,26,27,29,26,23,22,19,18,15,19,21,19,18,19,17,17,15,19,22,22,25,17,23,25,21,17,40,71,115,163,199,219,228,230,230,228,224,225,224,223,224,226,224,221,227,224,221,224,224,223,223,223,223,223,223,224,223,223,226,228,228,219,191,147,95,58,33,25,23,26,27,23,20,18,16,17,18,18,17,18,19,19,17,17,17,20,25,26,25,35,26,13,12,15,22,57,125,168,209,227,228,235,228,224,222,225,223,220,220,220,220,219,215,194,168,0
0,172,194,212,220,216,214,217,218,217,216,217,217,216,216,218,221,220,218,208,185,151,108,66,39,29,25,25,25,24,21,21,20,19,20,17,19,19,20,19,20,20,22,21,19,20,19,19,22,23,21,18,14,18,45,85,125,172,197,221,229,226,224,223,224,223,222,223,224,223,224,223,223,225,227,226,225,224,224,225,224,217,222,225,220,226,234,229,223,224,201,165,127,85,48,30,26,25,26,25,22,22,20,18,19,15,14,19,22,17,16,18,17,20,22,26,26,22,24,24,22,14,26,41,70,116,164,198,221,230,231,230,228,226,227,229,225,227,224,221,227,225,222,224,223,223,222,223,223,223,223,224,225,223,223,229,229,226,214,186,140,94,54,32,24,25,29,28,22,20,19,20,21,19,17,17,18,19,17,16,17,19,22,22,19,23,18,18,19,16,18,27,75,127,174,212,227,230,224,217,217,219,218,213,215,215,216,215,205,189,164,0
0,173,193,209,218,215,214,215,216,218,219,217,215,214,215,217,221,220,220,216,205,185,153,115,70,46,30,26,23,24,22,21,19,17,19,20,20,20,21,20,20,20,21,20,18,18,20,20,24,20,19,21,21,17,23,43,78,126,167,199,222,229,225,226,224,223,223,225,226,224,224,223,225,225,225,225,224,225,225,225,228,220,223,226,222,228,235,230,226,229,220,200,170,127,82,48,31,25,22,24,20,20,20,18,17,20,25,28,20,18,18,18,19,20,23,25,26,23,23,25,27,21,19,21,36,71,123,168,205,222,227,230,228,223,225,228,225,227,224,221,227,225,223,224,224,223,223,223,223,223,223,224,226,223,223,230,229,226,223,211,182,141,95,54,28,25,29,30,24,23,23,21,20,18,16,17,17,16,17,18,19,21,21,21,20,15,10,20,24,20,22,15,38,79,129,183,212,224,226,220,217,217,220,217,219,218,222,223,207,191,161,0
0,176,196,208,217,216,215,214,215,218,219,215,215,215,216,217,219,220,223,225,224,208,178,145,111,74,44,30,23,22,23,21,18,15,18,21,20,20,20,21,21,20,20,22,20,17,20,20,21,20,20,21,27,27,22,23,41,75,121,165,201,224,231,225,226,224,224,225,224,220,222,222,224,225,225,225,223,224,225,227,227,221,222,225,224,229,234,230,229,228,231,227,205,168,124,77,37,29,20,20,22,21,21,23,22,22,25,25,20,18,18,20,20,20,24,25,24,21,23,25,28,29,20,16,18,35,79,127,172,202,219,230,231,229,228,226,223,225,223,220,225,224,223,224,224,223,223,223,223,223,223,223,225,222,223,230,228,225,225,224,211,178,137,91,47,27,24,29,27,24,21,19,18,18,17,18,18,16,18,18,18,20,20,20,21,18,12,23,25,22,24,18,18,35,82,140,176,210,229,227,227,220,224,224,230,230,232,229,209,188,154,0
0,177,200,212,216,216,217,217,215,216,216,213,216,217,218,218,220,218,221,222,222,216,203,182,151,108,67,41,29,24,23,23,18,16,18,17,21,21,21,21,20,20,21,20,18,17,18,19,19,21,21,22,26,25,21,23,32,36,78,126,166,199,217,232,229,227,226,223,221,219,219,220,224,225,226,224,222,223,225,226,224,224,222,222,224,223,223,225,227,226,233,234,220,197,161,119,78,42,27,28,28,25,24,23,21,20,24,20,20,20,19,20,18,21,23,25,24,23,22,25,28,30,24,16,10,15,42,77,136,168,194,221,235,238,231,224,216,219,220,220,223,226,224,223,223,223,223,223,223,223,223,224,224,220,225,228,223,223,227,225,217,201,178,141,87,43,28,27,25,24,18,18,17,21,21,21,17,16,19,20,18,19,20,17,20,21,17,23,24,22,25,22,21,22,42,89,140,180,213,231,229,219,219,223,223,226,224,219,211,187,155,0
0,176,200,213,215,215,217,218,213,213,214,214,216,218,222,222,221,220,222,221,222,223,221,211,176,144,103,63,34,27,26,24,21,19,20,19,20,21,22,21,21,21,20,18,17,18,18,18,19,22,22,21,23,23,21,24,24,19,53,89,127,172,202,220,229,232,227,222,215,216,219,220,224,225,225,224,222,223,225,226,223,225,222,220,224,222,221,226,230,230,229,233,231,217,194,158,118,71,38,29,25,22,22,23,21,21,23,18,17,18,18,20,20,22,23,23,24,20,18,19,25,26,23,20,15,14,24,40,80,124,171,208,227,233,231,226,220,222,221,219,220,224,224,223,223,223,223,223,223,223,223,223,223,221,224,226,223,223,227,227,226,219,203,177,134,83,41,26,19,23,22,21,21,23,22,21,16,16,19,20,18,20,20,17,18,20,20,23,21,18,19,22,25,28,24,36,85,139,183,218,228,224,217,216,214,219,228,228,211,188,158,0
0,172,194,209,214,214,215,214,212,210,213,216,217,218,221,221,219,219,220,220,222,224,225,220,205,184,148,103,61,39,29,26,21,20,20,20,21,22,22,20,21,19,18,18,18,17,17,18,19,21,22,22,22,19,18,23,23,19,33,46,78,127,169,193,208,226,227,223,218,221,219,221,225,225,225,223,222,223,226,227,223,225,222,220,224,222,221,225,227,228,224,226,229,227,218,194,160,118,72,42,28,24,23,25,24,22,20,18,16,16,17,21,20,22,24,24,24,18,15,16,21,23,23,24,23,19,15,16,35,80,136,179,202,214,224,226,227,228,226,220,219,222,223,223,223,223,223,223,223,223,223,223,223,224,224,224,225,225,226,227,228,228,217,200,176,132,75,35,19,25,29,28,26,23,22,23,16,15,20,19,18,21,19,17,19,18,20,23,24,23,19,23,29,30,18,11,48,95,140,192,218,230,229,223,216,217,224,224,214,189,156,0
0,173,193,209,215,215,215,215,213,211,214,218,217,217,217,217,218,218,217,218,219,221,222,221,221,211,185,144,98,61,34,26,25,26,22,21,23,24,21,21,21,19,17,18,18,18,17,17,17,20,22,21,20,17,16,22,26,27,23,21,39,78,130,165,190,217,226,225,224,227,222,222,224,224,223,221,220,222,224,226,224,222,223,222,223,221,222,222,223,221,224,224,224,231,230,220,199,169,121,71,36,28,26,26,28,24,23,20,14,14,18,17,23,24,26,25,20,16,16,19,21,22,23,23,23,21,16,13,17,38,81,131,175,201,220,229,230,232,229,221,217,220,222,222,222,222,222,222,222,222,222,221,222,224,221,221,224,224,222,223,227,229,226,216,202,174,125,73,33,28,28,28,28,25,22,19,14,13,17,16,17,21,19,17,18,16,18,21,23,22,19,23,28,23,19,14,25,51,90,149,181,217,233,227,223,223,223,221,210,189,154,0
0,176,195,212,219,217,215,216,215,214,215,217,218,216,215,216,217,220,219,219,218,218,221,224,224,222,208,179,143,102,57,33,30,28,25,24,23,24,21,23,23,21,18,16,18,20,19,15,16,20,21,18,17,18,18,22,28,27,19,18,20,40,88,134,166,199,216,226,230,230,226,225,224,223,221,220,220,222,222,223,223,220,222,223,222,222,223,222,222,220,224,223,223,231,232,231,217,196,162,117,67,38,29,28,26,30,24,15,19,19,19,21,21,24,29,31,22,17,15,16,19,21,21,21,21,20,19,19,18,16,36,83,145,184,209,224,227,231,230,222,218,220,222,221,222,222,222,221,222,222,222,221,221,223,219,217,222,223,220,222,228,229,232,229,218,197,170,127,73,41,26,23,26,27,25,17,14,13,17,14,15,19,17,16,17,18,18,18,18,17,17,22,24,21,26,24,18,23,46,98,142,185,212,223,231,229,221,219,211,183,149,0
0,176,196,214,220,217,214,214,215,215,215,216,219,217,215,216,217,220,221,220,219,217,219,221,221,221,216,203,183,148,99,63,34,26,24,26,21,22,22,22,22,22,20,19,18,18,17,16,17,19,20,17,18,19,19,22,27,23,22,25,23,22,46,92,125,177,202,220,233,229,228,227,226,222,219,218,220,223,223,223,222,221,222,223,221,222,223,223,224,225,223,223,223,224,225,229,229,216,192,156,106,58,33,29,25,26,27,22,22,20,19,18,22,26,28,29,20,18,16,16,19,20,21,20,22,21,22,23,24,15,16,41,97,146,179,202,217,225,231,227,222,222,221,220,221,222,222,221,221,222,221,221,221,222,220,219,222,222,220,223,225,227,230,230,225,213,200,173,120,72,37,23,20,26,28,21,17,19,21,18,16,18,15,16,18,19,17,17,17,17,17,20,19,24,28,29,24,18,19,48,86,148,193,216,231,232,222,210,207,185,150,0
0,176,199,216,217,215,214,215,215,215,215,216,219,216,215,216,218,220,220,219,220,218,220,221,222,221,219,216,203,176,141,108,58,33,26,25,20,23,22,21,23,22,22,22,19,15,15,17,17,18,18,18,19,18,18,21,23,23,24,27,28,20,23,53,86,144,176,200,222,225,227,228,226,222,217,217,220,223,223,222,222,220,222,224,219,222,224,223,225,228,224,225,225,222,224,228,230,225,210,186,152,103,58,36,23,19,24,28,27,20,17,19,21,26,26,26,22,21,17,17,21,21,21,20,21,21,21,22,27,21,13,19,52,95,136,172,204,217,230,230,225,222,220,218,219,220,220,220,220,220,220,220,220,221,221,221,221,221,221,221,221,225,228,228,230,229,222,203,160,118,72,35,24,26,26,20,19,22,24,22,20,19,16,16,16,18,18,19,17,17,18,20,20,26,24,24,27,21,13,22,56,105,152,190,218,229,224,214,206,187,151,0
0,176,198,215,216,215,216,215,216,214,215,216,219,216,216,217,219,220,222,220,220,218,220,221,226,224,222,225,215,196,173,140,96,55,33,25,21,24,23,22,27,25,22,21,19,17,16,16,17,17,17,17,18,18,18,21,22,24,24,21,23,22,20,29,53,98,138,174,203,220,228,230,225,222,220,220,221,222,221,220,222,218,222,226,217,221,226,222,225,224,221,223,223,222,223,224,229,225,221,211,192,153,98,49,37,24,21,24,25,22,16,18,22,27,25,22,23,22,18,20,19,21,21,20,21,21,21,23,26,23,19,16,22,43,84,136,197,213,229,231,225,222,220,218,219,220,221,220,220,221,221,220,222,220,220,221,220,221,222,222,220,222,223,223,227,236,233,220,189,164,119,63,31,27,21,16,16,20,22,22,23,21,18,17,19,18,18,18,17,18,18,20,20,25,22,22,25,22,17,14,26,50,98,155,200,222,221,219,215,190,148,0
0,177,198,216,217,215,217,216,216,216,215,216,217,216,217,217,217,221,221,220,218,218,220,222,224,223,224,224,223,213,199,175,149,105,61,35,27,27,22,21,24,24,23,22,21,19,18,18,18,18,17,17,18,19,19,20,20,22,20,21,26,27,23,21,29,54,98,146,177,200,221,224,222,222,222,225,226,221,224,221,221,221,222,224,214,220,225,223,222,221,220,221,222,220,221,222,224,227,227,224,217,196,161,116,73,38,20,19,19,17,16,24,28,28,22,19,21,20,19,19,19,22,20,18,21,21,20,22,23,23,21,20,20,30,59,104,156,181,205,218,219,217,221,222,221,223,221,218,220,223,221,217,220,221,221,221,220,221,221,222,222,222,222,221,221,225,226,223,217,196,165,126,76,36,23,21,16,22,15,11,22,23,21,21,17,17,18,18,18,18,17,19,21,20,21,23,25,24,22,14,13,15,49,109,164,198,215,222,223,195,149,0
0,177,199,214,216,218,217,217,216,216,215,216,217,216,217,217,217,220,220,219,218,218,219,221,222,224,225,224,223,221,216,201,177,145,102,56,33,28,25,26,19,20,23,25,25,24,21,20,18,18,17,17,18,18,18,19,21,25,16,22,27,27,26,21,20,30,55,101,140,178,214,227,218,225,226,226,228,221,224,217,218,226,223,218,223,221,217,221,219,218,217,219,220,220,221,220,223,225,228,227,225,217,195,158,111,58,31,25,19,20,18,22,26,26,22,20,21,20,19,20,20,22,20,17,20,21,20,22,23,22,22,22,17,15,30,65,108,150,185,209,217,221,228,226,223,224,219,214,217,223,221,216,220,221,221,220,220,220,221,221,222,221,222,222,222,222,223,223,229,220,198,164,115,66,33,25,14,19,18,10,19,21,19,23,18,17,18,18,18,17,17,19,19,19,19,20,22,23,22,15,11,10,25,61,109,159,196,218,215,194,157,0
0,176,200,213,217,220,217,217,217,216,215,216,216,216,217,217,217,219,218,219,218,218,219,220,221,222,224,223,223,226,224,218,202,177,141,94,57,38,28,30,26,24,22,21,21,20,20,19,18,18,18,18,18,18,17,18,16,21,11,22,26,27,29,25,24,27,34,57,91,139,184,203,212,224,221,223,225,221,227,218,216,227,222,211,228,220,214,222,221,220,221,223,225,226,226,224,220,223,225,221,224,224,212,191,157,107,70,36,16,16,20,22,24,25,22,21,21,20,19,19,20,22,20,19,21,21,19,20,21,21,23,25,21,15,16,33,49,98,149,188,205,216,228,228,227,224,218,214,216,220,221,219,221,221,220,220,220,220,221,221,222,222,224,226,225,223,221,222,225,224,214,191,153,113,66,37,18,23,26,17,15,11,13,20,19,18,18,18,17,17,18,20,18,17,18,18,21,22,20,18,15,13,13,27,61,108,161,194,205,189,150,0
0,176,200,213,218,221,217,217,217,217,216,216,216,216,217,217,217,219,218,218,218,218,218,219,221,222,225,226,223,224,223,224,223,205,176,137,95,56,34,29,26,24,21,18,18,18,18,19,18,18,18,18,19,18,17,18,15,19,14,22,24,26,27,27,26,30,30,25,47,93,141,170,199,214,215,220,221,221,229,221,219,223,219,214,225,221,217,223,221,221,223,223,222,224,225,222,218,219,217,215,221,229,229,213,182,151,110,53,22,24,25,23,23,24,22,20,20,20,21,20,20,21,21,20,22,21,18,18,20,21,23,26,23,19,17,18,17,51,104,154,184,204,217,224,224,223,220,220,219,218,219,219,221,221,220,220,220,220,221,221,221,222,223,223,224,223,221,221,222,227,224,215,195,159,98,48,28,28,25,18,16,9,8,15,18,18,18,17,17,17,18,20,21,15,14,17,20,20,16,17,22,18,14,14,27,57,115,158,177,173,143,0
0,177,199,214,218,220,217,217,216,216,216,216,216,216,217,217,217,219,218,218,218,218,218,218,218,218,221,222,221,222,222,225,227,223,205,179,147,107,66,36,15,15,18,20,22,22,21,20,19,19,18,17,18,18,18,19,20,21,20,22,22,22,24,26,28,30,27,16,24,49,93,137,172,194,215,220,222,223,227,222,222,219,217,224,221,225,221,220,220,222,224,222,219,221,224,224,223,224,219,223,229,224,223,225,214,199,168,119,70,35,17,21,24,25,20,15,16,18,19,19,19,19,19,19,20,20,19,18,21,22,23,27,24,22,24,19,15,23,55,105,151,180,201,215,219,222,224,226,223,219,219,219,221,221,221,220,220,220,221,222,222,222,220,219,220,222,223,223,224,225,229,229,216,198,167,123,75,44,25,20,19,25,20,11,17,17,18,18,17,18,18,20,20,20,22,22,20,17,15,21,23,24,26,22,20,27,60,103,130,126,114,0
0,177,199,214,217,218,216,216,216,216,216,216,216,216,217,217,217,219,218,218,218,218,218,218,217,216,217,218,218,223,223,225,230,232,219,198,176,141,89,40,16,16,17,18,19,20,20,19,19,19,18,18,18,18,18,20,20,21,21,21,21,20,25,27,28,30,25,23,20,22,55,105,146,177,216,219,224,225,225,223,223,217,216,227,221,228,222,220,220,223,225,222,219,220,223,224,224,223,219,223,226,222,224,221,219,216,194,152,103,52,20,20,20,22,16,13,15,18,18,18,18,16,18,20,19,19,21,19,22,24,23,25,24,27,33,27,19,18,21,58,112,152,187,212,218,220,223,226,222,217,219,221,221,221,221,221,220,220,221,222,222,222,221,220,220,221,223,224,223,228,231,231,228,219,197,156,107,53,25,18,14,23,18,11,16,17,18,18,18,18,17,18,19,20,20,21,22,21,18,19,21,20,20,19,16,14,16,58,97,103,103,0
0,178,200,214,215,215,216,215,216,216,216,216,216,216,217,217,217,219,218,218,218,218,218,218,218,218,220,220,218,220,224,227,227,227,219,198,167,125,76,38,21,19,17,15,15,16,17,18,19,19,18,18,19,18,18,20,20,21,23,22,22,21,27,27,29,28,22,25,23,25,55,101,153,187,214,219,224,225,224,224,221,219,218,223,224,227,221,222,223,225,226,223,220,221,221,220,221,222,219,220,221,219,223,223,224,217,191,148,96,51,23,17,15,18,14,13,18,20,20,21,18,15,19,21,18,19,22,20,23,24,21,20,23,28,32,29,23,21,23,50,101,146,185,212,220,220,219,221,218,214,218,221,221,221,221,221,221,220,221,222,222,222,222,222,222,222,222,222,221,226,228,224,224,224,208,168,113,56,27,20,11,17,20,16,17,17,18,18,18,18,17,17,17,19,19,21,22,23,22,22,22,20,16,17,18,16,14,45,76,87,92,0
0,179,201,213,212,214,215,215,215,216,216,216,216,216,217,217,217,219,218,218,218,218,218,218,217,216,217,218,216,216,220,224,221,214,205,179,134,85,49,37,16,14,15,17,19,20,20,19,19,19,18,18,18,18,18,21,22,22,27,24,21,20,22,23,23,17,17,24,39,58,94,137,181,211,215,222,225,224,224,222,220,222,223,219,226,224,220,223,222,223,223,220,220,222,222,221,220,220,221,222,221,223,223,216,217,198,165,117,68,41,27,19,20,21,16,15,20,19,18,20,18,15,18,20,17,19,23,21,23,22,21,21,25,27,28,32,33,37,53,81,126,171,201,220,222,223,222,220,216,216,221,221,221,221,221,221,221,221,221,221,222,222,223,223,223,224,224,221,220,227,227,220,219,207,176,132,71,44,27,23,12,10,19,18,17,16,16,16,16,17,17,17,16,17,15,20,21,23,23,22,28,27,15,15,19,32,53,82,113,121,119,0
0,180,201,211,213,215,214,215,215,216,215,216,216,217,217,219,219,219,218,218,218,218,218,218,212,209,212,217,216,216,220,226,211,196,165,117,69,51,36,30,20,18,14,14,18,19,20,19,20,19,20,19,18,19,18,19,15,16,20,19,17,21,22,23,25,26,22,34,66,106,151,194,208,227,227,229,227,224,222,222,220,222,223,222,225,220,221,223,222,223,223,221,220,222,223,221,221,222,223,227,225,228,228,217,187,152,104,58,31,27,25,27,24,22,18,18,20,20,20,19,18,16,17,18,18,21,23,22,23,25,21,19,27,28,24,22,29,51,89,136,182,209,218,221,223,224,223,221,220,220,220,220,221,219,220,220,218,219,220,220,223,222,222,222,221,227,229,223,217,228,228,218,199,165,111,58,33,26,23,25,20,14,15,17,19,16,15,16,16,16,18,18,15,15,12,13,15,17,20,20,24,25,18,18,22,41,90,150,182,181,144,0
0,180,201,212,215,216,215,216,215,215,215,216,216,217,217,219,218,219,218,218,218,218,218,218,214,209,209,214,218,219,220,219,190,161,118,69,45,36,27,27,20,19,15,14,16,17,19,19,19,19,19,19,19,19,18,19,21,21,20,15,16,21,23,23,27,27,40,66,107,148,182,211,224,233,228,229,227,223,220,222,221,221,222,222,223,220,223,223,224,223,222,223,225,225,221,220,221,221,223,230,228,228,224,200,148,92,51,35,25,28,26,25,24,23,19,18,19,19,20,19,17,16,17,17,18,21,24,24,26,28,23,19,21,23,22,30,51,99,140,178,206,222,224,224,222,224,223,221,221,222,221,220,221,219,220,221,219,219,221,221,220,220,223,223,222,227,227,220,218,224,222,204,163,111,58,36,24,23,22,25,21,18,18,18,17,17,16,16,16,17,18,18,16,18,18,13,16,18,22,18,16,17,16,24,54,98,149,184,202,179,131,0
0,181,204,214,217,218,215,216,215,215,215,216,216,217,217,219,219,219,218,218,219,219,218,218,221,217,214,216,219,216,207,190,154,110,68,44,31,28,21,22,18,20,18,16,15,15,18,20,19,19,19,18,19,19,17,19,15,16,22,24,27,31,28,22,26,35,70,111,157,195,215,226,223,227,227,228,228,224,220,222,223,221,222,223,220,218,225,225,223,220,219,223,228,228,221,222,223,218,224,229,227,216,191,162,102,51,29,25,19,22,23,23,20,20,18,18,19,20,20,20,19,19,18,17,17,19,21,22,21,24,25,22,19,19,28,49,83,140,187,214,224,223,223,221,221,222,220,219,221,221,218,218,221,219,220,220,219,219,220,219,221,220,221,217,213,220,228,226,227,216,197,166,111,54,31,26,22,23,17,15,15,18,20,20,17,16,15,15,16,16,16,19,20,21,23,24,21,17,19,19,16,15,21,44,96,156,198,207,208,172,127,0
0,182,206,215,217,219,216,217,215,215,215,216,216,217,217,219,219,219,218,218,219,219,218,218,217,215,216,216,218,212,195,162,110,68,46,36,28,27,22,20,15,19,20,18,15,15,17,20,20,19,19,18,19,19,18,19,21,21,26,23,22,25,24,23,41,65,117,158,191,214,224,225,221,223,226,225,226,225,221,222,222,220,221,223,219,218,227,227,227,224,222,225,227,227,219,223,228,229,224,223,216,189,145,99,56,35,27,24,19,19,16,15,20,20,19,17,18,20,20,20,21,21,20,18,18,18,19,21,24,23,25,18,15,24,57,101,137,181,215,225,225,221,222,221,219,219,218,220,223,220,219,221,221,220,220,220,219,219,219,219,217,218,222,222,218,225,231,226,221,199,164,122,66,36,22,23,26,27,20,15,15,17,19,18,18,16,16,18,18,19,19,19,21,21,21,23,18,17,16,17,20,33,59,93,142,195,220,217,215,184,141,0
0,183,205,212,215,219,218,217,215,214,215,216,216,218,217,219,219,219,218,218,219,219,219,219,221,220,220,216,205,185,153,110,69,45,33,30,27,25,19,17,15,19,21,19,16,15,16,19,20,19,19,19,19,19,20,20,22,25,28,21,21,22,21,32,69,105,155,189,211,224,230,228,224,223,225,222,224,226,223,221,219,219,220,222,220,219,225,225,224,222,221,220,218,218,213,218,227,230,225,215,188,140,94,54,29,28,26,27,28,25,21,21,21,20,18,16,15,17,18,18,19,20,20,20,20,18,19,25,27,24,23,16,20,44,94,147,187,215,223,227,224,222,220,223,221,220,220,221,222,220,219,223,221,220,220,220,220,220,220,220,218,219,224,224,222,229,234,227,195,161,113,63,33,25,21,22,20,17,10,13,22,25,20,14,15,15,17,17,18,21,20,16,14,15,21,20,18,13,14,16,19,51,98,149,195,222,223,213,198,174,146,0
0,183,202,208,213,218,220,217,215,214,215,216,216,217,217,219,219,219,219,218,219,219,219,219,215,215,217,210,188,154,112,69,43,33,26,31,28,28,17,15,15,18,20,20,19,17,16,17,19,18,19,19,19,19,19,20,16,18,27,28,29,27,37,63,105,145,185,210,225,230,231,227,220,221,223,223,223,224,222,220,218,217,219,222,221,219,220,220,220,221,221,220,219,222,221,225,228,223,213,190,149,94,52,37,24,28,27,28,27,22,20,20,19,17,17,16,16,18,19,19,19,19,21,22,20,17,19,25,21,20,21,27,48,88,134,175,215,227,227,232,229,222,222,219,220,222,222,221,219,217,217,219,220,220,220,220,220,220,220,220,223,222,225,225,222,225,222,210,163,114,61,38,25,26,23,22,15,15,12,17,20,20,18,15,16,15,17,17,17,19,18,17,16,14,19,23,21,14,17,33,50,99,150,187,216,225,223,215,193,173,140,0
0,182,201,209,213,216,220,216,215,213,215,216,215,217,216,217,219,219,218,218,219,219,218,218,218,216,208,187,153,113,73,44,31,25,25,28,25,17,16,16,16,16,18,20,22,20,16,16,18,19,19,18,19,19,18,21,29,23,27,27,23,25,59,102,149,189,216,228,229,225,218,216,219,222,223,222,221,222,223,220,217,217,220,222,220,219,217,218,216,217,219,219,220,225,227,227,220,216,189,147,99,56,34,29,21,23,25,28,27,23,22,19,16,16,17,18,19,21,22,22,20,19,21,23,21,17,18,22,24,21,22,43,84,138,181,209,231,230,225,222,217,217,227,220,218,221,222,220,217,216,216,216,218,220,220,220,219,219,219,219,221,222,229,234,231,219,193,165,119,63,34,26,25,25,18,15,16,17,17,19,16,14,15,15,17,16,16,15,15,15,14,19,20,19,18,21,18,16,22,49,86,136,182,214,229,224,222,218,194,170,130,0
0,181,201,211,215,216,220,215,215,213,215,215,214,216,215,217,217,217,217,217,219,219,217,217,215,210,189,151,111,77,49,35,28,28,26,27,20,13,15,19,18,16,16,19,22,21,16,15,18,21,19,17,20,19,18,22,28,23,25,31,40,56,102,148,184,214,226,229,227,224,217,217,219,224,221,221,221,224,224,217,217,216,222,223,219,219,218,220,221,220,221,220,221,226,228,223,206,187,154,102,56,38,25,23,21,19,22,26,25,21,20,21,17,16,17,18,18,20,21,23,20,18,19,22,23,21,19,21,22,29,50,87,139,183,211,221,229,225,222,225,219,219,221,221,219,220,222,220,215,212,212,211,216,219,220,219,218,218,219,220,223,224,229,231,225,207,172,137,73,40,24,23,25,25,19,20,19,20,20,18,10,9,16,20,16,18,19,16,16,15,15,22,23,19,16,12,14,19,50,97,140,176,200,221,226,221,217,215,194,171,122,0
0,178,199,213,212,215,216,215,215,215,215,215,215,214,215,217,215,214,214,215,217,217,213,214,214,182,141,103,61,40,29,27,24,19,22,25,21,16,17,22,20,18,16,17,19,19,17,16,16,23,18,15,24,18,16,23,19,17,20,34,66,119,162,192,210,221,225,223,223,220,217,218,221,223,223,218,218,224,224,220,219,219,222,223,221,219,218,221,221,223,221,222,222,221,222,218,189,151,99,51,32,28,25,26,22,19,20,23,21,20,17,17,16,16,15,16,18,20,22,22,18,18,16,19,19,19,15,24,22,40,86,135,186,209,227,224,223,220,218,221,221,217,218,220,220,219,219,219,219,219,218,217,216,215,221,220,217,220,216,221,224,224,222,217,201,167,114,60,27,27,26,24,18,15,20,21,18,18,18,18,15,15,16,16,14,18,20,17,16,17,19,23,26,25,15,15,17,43,93,147,174,212,227,221,216,215,212,206,188,175,124,0
0,178,200,213,213,215,214,214,215,214,215,215,214,214,215,215,214,212,212,215,217,216,209,205,189,150,104,61,39,30,25,29,25,19,21,25,23,18,16,19,19,15,15,18,18,17,17,16,15,23,19,17,25,20,17,27,25,27,38,68,108,149,185,210,225,226,223,219,218,217,217,220,221,223,222,218,217,222,223,220,219,220,223,223,221,220,220,220,221,221,222,223,224,223,216,194,149,104,56,33,23,26,24,26,22,19,19,22,21,21,18,16,15,15,15,17,19,20,22,22,19,19,22,26,22,23,13,23,48,86,136,180,205,221,226,223,222,217,216,221,221,216,216,220,220,219,218,219,219,219,218,217,216,216,221,220,216,221,215,223,226,227,214,196,160,113,73,42,26,24,22,21,21,20,21,19,18,16,16,16,16,16,16,16,17,21,20,15,13,19,23,26,22,22,16,21,47,94,148,191,200,213,217,219,216,211,212,215,188,173,122,0
0,177,197,212,216,216,211,213,214,214,216,215,213,213,214,215,215,214,217,219,218,214,203,186,151,107,64,41,27,26,25,26,23,20,22,23,22,20,17,15,18,12,14,18,17,17,18,18,20,25,22,18,21,17,13,20,27,36,64,111,155,185,208,222,222,222,220,217,217,219,221,219,219,221,221,219,217,220,223,220,219,219,222,223,221,222,222,220,215,217,222,224,225,218,197,153,97,60,35,26,20,21,24,24,22,19,19,22,23,24,20,18,16,16,15,17,19,19,20,20,17,17,24,23,20,18,15,40,92,132,175,209,212,225,226,220,219,217,217,220,220,217,217,218,219,218,218,219,219,219,219,218,219,220,220,218,218,220,216,222,228,219,200,165,112,59,42,33,25,22,17,18,22,23,21,16,16,15,15,16,16,16,16,15,11,15,15,16,16,21,18,16,14,15,22,43,89,142,188,216,224,217,215,218,211,204,206,211,196,173,122,0
0,176,196,210,217,217,212,211,213,214,216,215,212,211,212,216,215,215,220,219,212,205,188,155,106,62,43,34,25,29,29,27,21,21,21,19,19,21,18,13,18,16,18,19,17,17,19,18,17,21,21,19,19,21,21,28,37,62,108,151,185,205,214,216,217,217,217,216,218,221,221,218,217,220,221,221,218,219,222,220,219,217,220,222,221,221,221,220,220,222,222,214,206,192,162,110,57,39,29,29,25,26,25,23,24,21,20,22,23,24,20,16,16,16,16,17,19,18,18,18,15,20,22,18,15,28,40,77,139,168,199,222,220,224,222,218,219,219,219,219,218,218,218,218,218,218,219,219,219,218,219,220,221,222,216,215,222,221,219,220,219,197,166,123,65,38,30,34,23,20,16,18,23,24,21,17,16,16,16,16,16,16,16,16,17,17,18,22,24,26,18,12,14,17,42,87,142,182,209,223,212,207,209,212,207,206,213,218,199,175,127,0
0,174,195,215,223,219,214,212,212,215,216,215,214,211,210,215,217,216,217,212,202,188,160,119,60,40,31,31,26,26,28,25,22,21,19,17,18,22,20,16,20,21,23,22,19,17,17,16,23,26,27,22,14,15,21,38,68,112,161,192,208,216,215,213,217,217,217,218,220,220,219,220,218,220,221,221,218,218,220,219,219,216,218,222,221,220,221,221,225,227,223,210,188,153,105,53,35,26,23,24,30,24,22,21,23,19,18,19,22,22,19,14,15,15,16,18,19,18,17,20,21,20,26,22,18,31,82,138,179,203,214,216,221,226,224,221,219,219,219,219,218,218,218,218,218,219,219,218,218,217,218,218,220,221,216,215,223,224,219,216,200,162,118,71,39,28,21,22,21,20,18,18,21,21,19,18,18,18,17,16,16,16,16,18,19,16,11,10,14,16,14,15,18,40,84,138,183,205,216,221,214,214,215,212,205,203,207,209,191,174,152,0
0,176,197,216,225,221,216,213,213,214,215,215,215,212,210,212,214,214,212,204,188,159,116,77,39,30,28,33,27,29,22,23,21,23,22,17,16,21,21,19,19,21,23,24,22,18,16,17,15,18,23,21,15,19,43,76,99,149,187,210,221,221,218,216,216,218,219,219,220,219,219,219,220,220,220,219,218,218,219,218,220,216,218,222,222,220,222,222,216,215,210,196,160,110,62,35,26,25,21,25,24,22,17,21,20,16,16,18,21,21,18,15,16,17,17,17,17,18,18,21,28,22,18,26,47,83,137,178,207,221,221,219,222,220,217,217,218,219,220,217,217,220,220,219,218,218,218,218,218,218,218,218,217,219,216,216,218,223,211,202,167,117,67,44,28,30,22,23,20,20,19,19,19,19,18,18,18,18,16,16,16,16,16,17,22,18,14,16,20,17,15,22,42,84,137,186,211,215,216,218,212,214,211,206,203,207,212,212,196,182,148,0
0,181,202,212,217,218,219,213,214,214,215,214,213,213,211,210,209,207,202,187,158,119,75,46,28,25,23,25,24,21,21,18,19,23,23,16,14,19,21,19,17,18,20,22,22,20,19,21,22,20,23,24,18,30,67,106,144,179,200,216,223,219,214,213,216,219,220,218,217,218,218,218,220,220,220,218,218,218,218,218,218,218,219,222,222,221,222,221,230,213,189,154,100,51,30,27,23,24,20,19,20,18,16,18,16,15,17,19,19,17,15,14,18,19,19,17,19,22,20,19,18,15,19,36,85,132,181,208,223,228,227,222,217,213,214,214,217,220,221,216,217,222,222,219,218,218,218,218,218,218,218,218,216,221,221,221,220,218,198,170,119,70,38,27,23,23,23,22,20,20,20,20,19,19,19,19,17,17,16,16,17,16,15,16,16,14,12,19,22,15,19,42,86,133,178,214,224,219,216,215,208,210,209,207,207,208,212,209,204,181,138,0
0,181,201,212,216,216,218,215,215,214,215,213,210,212,213,209,204,194,181,153,111,77,50,37,26,29,24,21,18,20,21,19,19,20,19,15,15,19,18,16,17,17,18,19,20,20,21,23,19,13,21,31,34,62,113,149,174,194,208,218,221,218,215,216,217,217,219,220,218,217,218,218,219,220,220,218,218,219,216,218,217,219,221,222,221,220,220,217,206,183,153,111,63,36,25,26,28,25,18,16,17,17,18,18,10,11,18,20,19,15,14,15,18,20,20,19,25,28,22,16,16,17,40,79,132,173,206,226,223,222,219,217,216,211,212,214,217,219,220,217,217,221,221,219,217,219,220,219,217,216,216,216,215,221,222,222,219,203,175,126,68,42,27,23,24,25,22,23,20,19,20,20,18,18,18,19,17,17,17,16,16,16,16,18,23,21,13,14,16,22,49,94,131,175,205,223,222,215,213,213,211,209,206,208,209,207,215,219,201,172,132,0
0,178,201,214,217,215,212,211,214,212,213,213,208,212,215,206,195,178,147,105,66,45,34,32,25,24,21,16,17,21,21,18,19,16,17,17,15,16,19,16,15,20,16,15,16,13,17,21,18,16,21,31,61,104,150,190,210,219,217,211,216,220,216,214,217,218,217,218,217,217,217,217,219,219,220,218,217,217,217,217,219,222,224,221,214,212,217,213,185,151,100,59,37,28,26,29,27,25,20,15,14,20,20,17,14,11,14,20,19,14,14,19,20,19,19,23,28,27,18,14,22,37,77,126,177,206,218,223,221,217,214,215,218,216,216,218,217,220,220,217,219,222,222,219,217,218,219,217,213,210,210,211,210,214,217,217,203,171,128,61,38,28,23,25,22,23,20,21,19,18,20,20,19,19,19,19,17,16,16,15,17,18,16,15,32,27,16,20,17,26,72,123,175,204,220,213,211,213,212,210,215,216,209,209,209,207,216,218,203,161,135,0
0,172,195,216,219,214,208,211,214,211,211,216,209,211,211,202,181,150,107,66,41,32,30,33,29,24,18,16,20,22,20,17,16,15,16,16,14,15,18,16,17,21,20,21,22,17,18,21,23,23,39,68,107,142,175,207,220,221,215,209,212,216,214,212,216,218,217,217,217,217,217,217,217,220,220,217,217,217,215,217,220,221,225,222,212,209,210,197,153,107,61,35,24,25,27,28,26,25,21,15,12,16,18,17,16,14,17,21,21,17,17,20,23,22,22,23,21,21,17,20,50,88,127,164,197,222,219,216,214,214,215,217,218,216,216,218,217,220,220,217,219,222,223,219,216,217,218,217,214,213,214,215,215,218,216,197,169,127,74,41,27,26,25,25,22,21,18,19,19,18,19,20,19,19,19,19,21,21,22,21,20,22,23,27,34,28,21,28,49,79,123,165,201,214,219,214,206,208,212,208,214,218,216,214,212,209,216,215,194,158,128,0
0,172,196,217,219,215,211,214,215,211,211,216,209,207,202,185,148,108,70,42,24,24,26,27,28,26,19,16,18,20,21,18,18,18,16,15,13,15,18,18,21,27,26,21,18,16,13,15,17,36,66,107,153,189,210,224,222,217,211,209,212,215,215,213,216,218,217,217,217,217,216,217,216,220,220,217,217,216,214,218,220,221,223,222,214,204,190,159,110,63,33,24,19,19,20,23,24,23,20,16,13,16,18,17,18,17,18,20,20,18,19,23,18,17,22,21,19,14,17,29,69,124,176,206,220,225,219,213,213,217,220,221,221,217,217,217,217,220,220,218,219,222,222,218,214,214,216,217,217,219,222,223,221,215,203,179,130,76,37,29,22,24,23,19,19,22,22,19,20,18,19,19,18,19,18,18,19,20,22,20,17,18,22,28,21,17,17,23,68,127,174,209,221,219,215,212,205,207,213,211,212,217,217,217,214,211,215,211,194,167,133,0
0,177,202,215,221,219,216,214,211,211,211,211,208,200,185,154,104,68,45,36,23,23,23,23,23,26,22,16,15,17,21,20,19,19,16,16,17,18,20,21,25,29,30,25,19,15,15,25,37,72,111,149,183,204,213,214,219,212,208,211,214,216,216,216,217,219,217,218,217,217,217,217,217,219,218,216,216,214,214,218,222,220,220,221,212,190,154,105,69,39,24,25,27,24,19,23,22,21,17,15,15,19,18,17,16,16,18,20,19,16,16,20,21,16,17,21,19,22,38,73,114,162,206,223,230,221,219,215,218,222,223,224,223,219,220,220,219,219,220,219,220,221,221,217,214,212,213,217,221,225,227,227,214,200,174,134,82,44,26,28,25,27,23,18,16,21,25,19,20,19,19,19,18,18,18,18,20,20,21,21,18,18,20,21,19,21,50,83,131,174,197,212,226,221,212,209,208,208,211,215,216,215,214,217,217,216,217,210,190,171,131,0
0,179,204,215,221,217,213,211,212,214,212,206,201,184,155,115,65,43,28,26,22,22,18,20,23,24,21,19,18,16,17,20,20,20,17,18,21,19,17,18,19,19,20,19,15,14,18,34,61,101,145,187,209,214,216,221,218,213,211,214,216,214,214,216,217,216,216,217,214,215,216,214,216,217,217,216,215,215,216,216,220,216,214,210,191,158,112,63,37,28,20,21,26,23,20,22,22,20,15,13,15,19,19,18,18,19,20,20,20,19,18,19,15,8,10,12,20,30,66,118,173,210,226,226,223,214,212,217,218,219,217,219,220,217,221,222,221,219,220,220,220,219,218,217,215,211,211,217,223,225,223,220,204,183,130,70,34,24,21,25,24,28,26,21,14,16,21,22,20,19,19,19,18,18,18,20,23,21,22,23,24,24,21,17,15,25,79,138,182,213,224,224,221,220,215,210,214,212,211,218,219,213,211,215,219,220,220,210,201,178,128,0
0,181,203,216,219,217,212,212,213,217,210,199,183,152,107,69,43,32,22,21,20,21,20,22,22,21,19,19,20,16,15,18,21,21,17,17,20,17,14,15,19,21,23,21,19,26,43,70,109,149,183,207,218,220,218,216,216,215,215,216,216,213,212,215,215,214,214,215,211,212,215,212,215,217,219,217,216,219,220,214,216,215,208,193,160,113,66,37,27,27,23,23,21,17,16,18,21,20,16,15,16,18,18,19,21,22,21,18,19,24,25,20,13,10,13,25,44,69,110,161,194,215,221,225,222,217,219,226,222,220,215,218,221,218,223,224,223,220,220,221,221,217,216,217,216,212,212,217,223,221,212,204,174,134,82,44,25,21,27,24,20,24,22,21,18,16,17,22,20,19,19,19,19,18,18,20,21,19,17,19,22,23,21,17,31,67,121,168,198,219,223,218,214,216,218,214,216,215,212,216,217,213,211,213,217,221,220,207,194,170,123,0
0,181,200,213,217,222,219,215,214,215,202,182,154,110,62,39,28,24,19,20,19,20,23,23,19,18,16,14,16,16,14,18,20,20,16,15,18,17,16,18,21,22,21,19,18,34,69,112,154,187,205,212,218,223,220,213,212,213,216,217,215,213,213,215,215,214,214,216,212,214,216,214,214,217,219,218,216,220,221,214,213,211,193,160,112,68,34,25,24,25,25,26,22,17,14,15,18,18,16,17,17,18,17,18,18,19,19,15,17,25,25,16,15,13,19,33,70,112,161,199,224,219,215,217,216,213,222,225,222,221,215,218,220,216,222,222,224,220,220,221,221,216,215,217,217,216,215,218,223,216,200,186,129,72,44,33,23,25,26,23,21,20,19,21,23,19,16,19,20,19,19,19,19,19,18,20,20,18,14,14,17,22,28,30,65,121,176,213,230,228,219,213,213,217,220,218,216,214,211,212,215,214,215,214,216,221,220,208,188,162,125,0
0,181,201,212,217,224,224,218,210,205,182,148,116,71,37,28,24,26,18,19,23,21,21,23,19,16,13,10,13,16,14,19,19,21,18,15,17,17,17,18,24,23,18,19,32,66,112,155,178,195,204,215,221,219,215,217,212,214,217,217,213,212,214,214,214,214,214,215,214,215,216,215,214,216,217,216,215,216,219,215,212,195,165,117,58,36,27,25,23,24,26,25,24,22,18,18,17,16,14,15,17,18,16,16,18,19,18,14,14,22,23,14,14,25,44,69,110,158,195,215,224,222,221,220,212,210,217,219,217,217,213,217,219,215,220,221,223,221,220,221,221,217,216,218,220,220,219,220,222,212,191,174,84,49,31,30,23,28,28,21,18,14,18,21,22,18,16,18,19,18,18,18,19,19,18,21,23,22,17,14,17,25,40,51,109,153,191,214,223,221,220,219,215,219,218,218,216,215,213,213,214,215,218,216,216,220,220,210,184,156,124,0
0,181,201,215,219,220,220,216,209,185,146,104,66,42,27,22,19,20,15,18,22,21,18,21,18,16,14,11,14,16,17,19,19,22,20,15,16,18,16,15,15,15,17,33,73,115,153,181,205,213,219,220,215,215,215,213,214,214,216,216,215,214,214,213,214,214,213,217,216,216,218,218,215,211,215,219,217,216,217,208,177,148,91,52,38,30,24,26,23,23,23,21,21,21,20,18,16,15,14,12,15,17,19,18,18,19,20,18,13,16,21,17,16,26,59,109,164,203,222,225,222,220,217,220,215,211,218,220,217,217,212,216,220,213,219,219,221,219,220,220,220,219,220,219,223,225,226,221,208,180,127,66,48,34,26,25,24,26,29,24,19,15,17,20,20,18,15,16,18,15,13,16,17,18,17,23,25,23,15,14,16,32,76,123,162,201,223,229,222,218,216,217,218,218,219,217,216,215,213,215,213,215,220,214,213,218,216,209,184,160,124,0
0,185,202,214,218,219,214,208,188,156,112,70,43,33,25,28,22,20,16,15,18,21,21,18,19,15,13,11,13,15,17,19,16,22,22,17,17,18,15,13,15,18,31,65,114,151,178,198,210,215,217,215,210,211,213,212,212,212,215,215,214,214,214,214,215,216,215,216,217,217,217,217,215,217,218,221,226,221,209,196,157,113,59,35,31,30,26,27,24,23,20,17,18,21,19,15,15,15,15,14,15,17,21,20,18,19,22,22,17,14,15,15,30,66,114,161,194,211,217,218,219,217,216,218,215,210,216,217,217,215,213,217,220,212,218,219,219,219,220,219,221,219,220,223,222,222,216,209,188,146,90,44,33,26,25,25,21,21,24,22,19,18,19,20,18,17,17,19,19,17,15,16,18,20,14,23,23,21,15,14,29,68,117,167,193,218,226,224,218,217,218,219,218,218,219,218,216,215,216,217,215,217,220,217,216,218,217,211,190,154,117,0
0,193,210,220,221,221,209,192,153,111,65,39,26,23,23,23,21,20,21,17,12,14,21,18,18,16,17,15,12,12,15,16,19,24,22,16,15,17,16,17,18,32,61,104,152,181,196,206,212,213,212,211,209,210,211,211,211,211,214,214,212,215,216,216,216,218,218,216,217,217,216,217,222,227,223,223,227,215,190,164,103,62,35,27,23,25,25,27,24,21,17,15,16,18,19,19,18,17,18,17,17,19,23,22,18,18,21,23,18,15,18,31,59,108,158,196,216,222,219,219,217,216,217,219,217,212,218,222,220,215,213,215,216,211,216,219,212,213,216,216,218,217,217,220,226,226,216,192,144,85,43,30,23,22,24,23,19,18,21,22,21,21,21,20,21,21,22,24,25,23,22,22,25,26,17,21,19,15,17,25,67,119,162,203,217,224,221,218,214,214,217,220,216,216,217,217,214,213,216,215,214,215,215,217,218,218,219,212,192,154,111,0
0,186,203,217,223,215,189,161,107,64,39,28,21,25,24,25,24,20,19,18,16,16,19,16,16,15,18,15,10,12,16,16,16,19,19,17,16,18,20,25,32,63,104,146,181,201,208,211,213,212,210,213,212,211,211,212,210,211,213,212,211,216,217,217,217,219,221,217,218,217,215,217,224,226,225,223,215,191,153,111,72,46,33,33,28,24,20,22,21,17,15,15,16,17,19,21,19,18,17,16,15,15,16,15,17,16,19,21,15,17,33,64,108,154,192,214,220,222,220,224,218,217,218,219,218,215,219,220,218,213,212,214,214,215,217,219,213,210,214,216,217,217,219,219,215,207,187,148,97,53,34,33,23,23,24,24,25,22,20,19,20,21,21,21,22,21,20,21,22,19,18,17,18,16,14,13,14,17,33,67,119,165,198,218,225,223,219,218,218,216,216,217,213,215,215,214,213,211,212,210,210,209,209,215,218,218,219,210,191,165,117,0
0,179,200,210,205,190,158,111,64,36,23,21,21,24,27,22,21,19,17,19,18,15,15,16,16,16,18,16,13,15,17,13,10,13,15,19,20,22,29,45,67,104,147,180,201,212,216,216,214,213,211,212,212,211,211,211,209,211,212,209,211,215,216,217,218,218,220,218,219,218,215,216,217,215,216,212,191,158,113,64,36,27,21,23,25,21,16,18,16,15,14,15,17,18,17,16,17,17,16,15,15,15,15,16,21,16,17,20,23,36,64,105,156,192,217,225,221,217,217,222,220,218,216,218,221,221,222,218,216,215,216,217,215,219,216,213,212,210,215,220,220,221,222,218,218,198,151,95,43,30,24,27,25,22,22,25,30,26,21,17,18,19,20,21,19,14,12,14,15,16,16,17,14,9,8,11,20,38,71,116,162,200,223,221,218,218,220,220,220,217,215,212,213,217,215,213,214,213,212,209,209,207,210,215,217,218,217,207,185,171,128,0
0,177,195,200,185,160,119,63,39,28,28,29,26,23,19,20,23,21,16,19,21,21,16,15,16,17,19,15,14,15,15,12,11,13,14,18,19,21,36,64,106,144,182,202,210,215,216,212,212,215,213,211,211,213,214,212,211,213,214,209,213,215,214,216,218,219,222,222,220,220,221,221,216,213,208,189,154,113,73,40,31,29,27,29,23,20,19,17,16,16,16,17,17,15,14,15,13,16,14,13,14,15,16,19,21,15,16,24,42,73,113,153,188,209,221,225,224,222,225,227,223,220,215,220,224,222,224,222,221,220,220,219,215,220,215,211,210,212,215,220,222,222,219,211,185,150,103,51,30,25,27,30,27,21,18,19,23,22,20,19,18,18,19,21,20,16,13,12,18,20,21,22,20,15,9,21,36,73,118,158,192,220,231,219,217,218,223,224,221,219,218,217,218,221,219,215,219,219,217,216,213,212,218,220,220,220,217,207,194,172,130,0
0,173,181,174,147,104,65,45,25,23,27,36,35,29,25,25,22,20,17,21,20,22,20,17,17,17,17,13,13,14,16,17,21,23,22,28,33,41,64,101,148,180,207,216,214,215,215,211,214,220,219,216,216,219,220,218,216,219,219,213,220,218,213,217,221,222,225,227,223,223,226,223,218,211,191,152,107,66,40,30,25,21,23,25,15,17,23,18,19,18,19,19,17,14,15,18,17,19,17,17,16,17,16,19,16,17,26,43,73,118,162,194,212,221,221,223,227,229,233,234,230,228,221,228,227,223,226,227,227,226,225,224,221,226,225,225,224,225,223,224,223,220,212,192,144,93,47,31,27,34,27,23,32,25,21,19,19,18,20,22,22,23,24,27,29,29,27,22,22,20,18,20,20,16,19,42,71,123,167,196,216,227,230,224,222,221,225,227,224,223,223,225,225,227,226,222,224,224,223,222,219,222,225,226,226,224,221,213,204,168,117,0
0,157,163,152,114,69,40,35,26,26,25,28,22,23,24,26,25,23,23,27,24,26,27,24,21,21,20,18,20,19,18,19,22,25,27,38,53,74,108,153,190,207,218,219,211,210,215,215,218,224,223,221,220,222,223,221,221,225,225,219,227,222,215,218,221,221,223,227,224,225,224,215,216,197,158,109,70,41,30,30,29,29,29,29,20,20,22,20,19,20,20,19,18,18,18,19,20,20,19,20,19,20,19,19,18,25,43,69,110,160,196,212,224,228,222,223,227,227,226,225,227,229,222,227,226,223,226,225,226,224,224,224,223,226,228,230,231,229,226,224,217,209,193,159,94,48,30,27,28,31,33,29,32,28,28,28,26,24,26,27,29,33,36,38,40,43,44,38,35,31,31,34,35,29,49,78,107,162,192,210,223,221,218,216,215,215,218,220,220,223,224,225,220,220,221,217,216,215,213,213,213,217,217,217,220,217,213,208,190,152,99,0
