0,0,0,0,0,0,0,0,0,0,0,0,0,0,0,0,0,0,0,0,0,0,0,0,0,0,0,0,0,0,0,0,0,0,0,0,0,0,0,0,0,0,0,0,0,0,0,0,0,0,0,0,0,0,0,0,0,0,0,0,0,0,0,0,0,0,0,0,0,0,0,0,0,0,0,0,0,0,0,0,0,0,0,0,0,0,0,0,0,0,0,0,0,0,0,0,0,0,0,0,0,0,0,0,0,0,0,0,0,0,0,0,0,0,0,0,0,0,0,0,0,0,0,0,0,0,0,0,0,0,0,0,0,0,0,0,0,0,0,0,0,0,0,0,0,0,0,0,0,0,0,0,0,0,0,0,0,0,0,0,0,0,0,0,0,0,0,0,0,0,0,0,0,0,0,0,0,0,0,0,0,0,0,0,0,0,0,0,0,0,0,0,0,0,0,0,0
0,0,0,0,0,0,0,0,0,0,0,0,0,0,0,0,0,0,0,0,0,0,0,0,0,0,0,0,0,0,0,0,0,0,0,0,0,0,0,0,0,0,0,0,0,0,0,0,0,0,0,0,0,0,0,0,0,0,0,0,0,0,0,0,0,0,0,0,0,0,0,0,0,0,0,0,0,0,0,0,0,0,0,0,0,0,0,0,0,0,0,0,0,0,0,0,0,0,0,0,0,241,0,0,0,0,0,0,0,0,0,0,0,0,0,0,0,0,0,0,0,0,0,0,0,0,0,0,0,0,0,0,0,0,0,0,0,0,0,0,0,0,0,0,0,0,0,0,0,0,0,0,0,0,0,0,0,0,0,0,0,0,0,0,0,0,0,0,0,0,0,0,0,0,0,0,0,0,0,0,0,0,0,0,0,0,0,0,0,0,0,0,0,0,0,0,0
0,0,0,0,0,0,0,0,0,0,0,0,0,0,0,0,0,0,0,0,0,0,0,0,0,0,0,0,0,0,0,0,0,0,0,0,0,0,0,0,0,0,0,0,0,0,0,0,0,0,0,0,0,0,0,0,0,0,0,0,0,0,0,0,0,0,0,0,0,0,0,0,0,0,0,0,0,0,0,0,0,0,0,0,0,0,0,0,0,0,0,0,0,0,0,0,0,0,0,0,236,238,240,0,0,0,0,0,0,0,0,0,0,0,0,0,0,0,0,0,0,0,0,0,0,0,0,0,0,0,0,0,0,0,0,0,0,0,0,0,0,0,0,0,0,0,0,0,0,0,0,0,0,0,0,0,0,0,0,0,0,0,0,0,0,0,0,0,0,0,0,0,0,0,0,0,0,0,0,0,0,0,0,0,0,0,0,0,0,0,0,0,0,0,0,0,0
0,0,0,0,0,0,0,0,0,0,0,0,0,0,0,0,0,0,0,0,0,0,0,0,0,0,0,0,0,0,0,0,0,0,0,0,0,0,0,0,0,0,0,0,0,0,0,0,0,0,0,0,0,0,0,0,0,0,0,0,0,0,0,0,0,0,0,0,0,0,0,0,0,0,0,0,0,0,0,0,0,0,0,0,0,0,0,0,0,0,0,0,0,0,0,0,0,0,0,0,234,235,237,0,0,0,0,0,0,0,0,0,0,0,0,0,0,0,0,0,0,0,0,0,0,0,0,0,0,0,0,0,0,0,0,0,0,0,0,0,0,0,0,0,0,0,0,0,0,0,0,0,0,0,0,0,0,0,0,0,0,0,0,0,0,0,0,0,0,0,0,0,0,0,0,0,0,0,0,0,0,0,0,0,0,0,0,0,0,0,0,0,0,0,0,0,0
0,0,0,0,0,0,0,0,0,0,0,0,0,0,0,0,0,0,0,0,0,0,0,0,0,0,0,0,0,0,0,0,0,0,0,0,0,0,0,0,0,0,0,0,0,0,0,0,0,0,0,0,0,0,0,0,0,0,0,0,0,0,0,0,0,0,0,0,0,0,0,0,0,0,0,0,0,0,0,0,0,0,0,0,0,0,0,0,0,0,0,0,0,0,0,0,0,0,0,227,228,229,231,231,0,0,0,0,0,0,0,0,0,0,0,0,0,0,0,0,0,0,0,0,0,0,0,0,0,0,0,0,0,0,0,0,0,0,0,0,0,0,0,0,0,0,0,0,0,0,0,0,0,0,0,0,0,0,0,0,0,0,0,0,0,0,0,0,0,0,0,0,0,0,0,0,0,0,0,0,0,0,0,0,0,0,0,0,0,0,0,0,0,0,0,0,0
0,0,0,0,0,0,0,0,0,0,0,0,0,0,0,0,0,0,0,0,0,0,0,0,0,0,0,0,0,0,0,0,0,0,0,0,0,0,0,0,0,0,0,0,0,0,0,0,0,0,0,0,0,0,0,0,0,0,0,0,0,0,0,0,0,0,0,0,0,0,0,0,0,0,0,0,0,0,0,0,0,0,0,0,0,0,0,0,0,0,0,0,0,0,0,0,0,0,0,229,230,230,231,232,0,0,0,0,0,0,0,0,0,0,0,0,0,0,0,0,0,0,0,0,0,0,0,0,0,0,0,0,0,0,0,0,0,0,0,0,0,0,0,0,0,0,0,0,0,0,0,0,0,0,0,0,0,0,0,0,0,0,0,0,0,0,0,0,0,0,0,0,0,0,0,0,0,0,0,0,0,0,0,0,0,0,0,0,0,0,0,0,0,0,0,0,0
0,0,0,0,0,0,0,0,0,0,0,0,0,0,0,0,0,0,0,0,0,0,0,0,0,0,0,0,0,0,0,0,0,0,0,0,0,0,0,0,0,0,0,0,0,0,0,0,0,0,0,0,0,0,0,0,0,0,0,0,0,0,0,0,0,0,0,0,0,0,0,0,0,0,0,0,0,0,0,0,0,0,0,0,0,0,0,0,0,0,0,0,0,0,0,0,0,0,225,226,226,226,227,227,229,0,0,0,0,0,0,0,0,0,0,0,0,0,0,0,0,0,0,0,0,0,0,0,0,0,0,0,0,0,0,0,0,0,0,0,0,0,0,0,0,0,0,0,0,0,0,0,0,0,0,0,0,0,0,0,0,0,0,0,0,0,0,0,0,0,0,0,0,0,0,0,0,0,0,0,0,0,0,0,0,0,0,0,0,0,0,0,0,0,0,0,0
0,0,0,0,0,0,0,0,0,0,0,0,0,0,0,0,0,0,0,0,0,0,0,0,0,0,0,0,0,0,0,0,0,0,0,0,0,0,0,0,0,0,0,0,0,0,0,0,0,0,0,0,0,0,0,0,0,0,0,0,0,0,0,0,0,0,0,0,0,0,0,0,0,0,0,0,0,0,0,0,0,0,0,0,0,0,0,0,0,0,0,0,0,0,0,0,0,0,218,220,222,222,223,222,223,0,0,0,0,0,0,0,0,0,0,0,0,0,0,0,0,0,0,0,0,0,0,0,0,0,0,0,0,0,0,0,0,0,0,0,0,0,0,0,0,0,0,0,0,0,0,0,0,0,0,0,0,0,0,0,0,0,0,0,0,0,0,0,0,0,0,0,0,0,0,0,0,0,0,0,0,0,0,0,0,0,0,0,0,0,0,0,0,0,0,0,0
0,0,0,0,0,0,0,0,0,0,0,0,0,0,0,0,0,0,0,0,0,0,0,0,0,0,0,0,0,0,0,0,0,0,0,0,0,0,0,0,0,0,0,0,0,0,0,0,0,0,0,0,0,0,0,0,0,0,0,0,0,0,0,0,0,0,0,0,0,0,0,0,0,0,0,0,0,0,0,0,0,0,0,0,0,0,0,0,0,0,0,0,0,0,0,0,0,142,161,171,175,169,161,164,171,174,0,0,0,0,0,0,0,0,0,0,0,0,0,0,0,0,0,0,0,0,0,0,0,0,0,0,0,0,0,0,0,0,0,0,0,0,0,0,0,0,0,0,0,0,0,0,0,0,0,0,0,0,0,0,0,0,0,0,0,0,0,0,0,0,0,0,0,0,0,0,0,0,0,0,0,0,0,0,0,0,0,0,0,0,0,0,0,0,0,0,0
0,0,0,0,0,0,0,0,0,0,0,0,0,0,0,0,0,0,0,0,0,0,0,0,0,0,0,0,0,0,0,0,0,0,0,0,0,0,0,0,0,0,0,0,0,0,0,0,0,0,0,0,0,0,0,0,0,0,0,0,0,0,0,0,0,0,0,0,0,0,0,0,0,0,0,0,0,0,0,0,0,0,0,0,0,0,0,0,0,0,0,0,0,0,0,0,97,97,109,115,117,107,100,104,111,113,0,0,0,0,0,0,0,0,0,0,0,0,0,0,0,0,0,0,0,0,0,0,0,0,0,0,0,0,0,0,0,0,0,0,0,0,0,0,0,0,0,0,0,0,0,0,0,0,0,0,0,0,0,0,0,0,0,0,0,0,0,0,0,0,0,0,0,0,0,0,0,0,0,0,0,0,0,0,0,0,0,0,0,0,0,0,0,0,0,0,0
0,0,0,0,0,0,0,0,0,0,0,0,0,0,0,0,0,0,0,0,0,0,0,0,0,0,0,0,0,0,0,0,0,0,0,0,0,0,0,0,0,0,0,0,0,0,0,0,0,0,0,0,0,0,0,0,0,0,0,0,0,0,0,0,0,0,0,0,0,0,0,0,0,0,0,0,0,0,0,0,0,0,0,0,0,0,0,0,0,0,0,0,0,0,0,0,87,77,70,63,64,57,55,61,65,67,65,0,0,0,0,0,0,0,0,0,0,0,0,0,0,0,0,0,0,0,0,0,0,0,0,0,0,0,0,0,0,0,0,0,0,0,0,0,0,0,0,0,0,0,0,0,0,0,0,0,0,0,0,0,0,0,0,0,0,0,0,0,0,0,0,0,0,0,0,0,0,0,0,0,0,0,0,0,0,0,0,0,0,0,0,0,0,0,0,0,0
0,0,0,0,0,0,0,0,0,0,0,0,0,0,0,0,0,0,0,0,0,0,0,0,0,0,0,0,0,0,0,0,0,0,0,0,0,0,0,0,0,0,0,0,0,0,0,0,0,0,0,0,0,0,0,0,0,0,0,0,0,0,0,0,0,0,0,0,0,0,0,0,0,0,0,0,0,0,0,0,0,0,0,0,0,0,0,0,0,0,0,0,0,0,0,91,98,79,63,49,48,47,46,49,49,57,61,0,0,0,0,0,0,0,0,0,0,0,0,0,0,0,0,0,0,0,0,0,0,0,0,0,0,0,0,0,0,0,0,0,0,0,0,0,0,0,0,0,0,0,0,0,0,0,0,0,0,0,0,0,0,0,0,0,0,0,0,0,0,0,0,0,0,0,0,0,0,0,0,0,0,0,0,0,0,0,0,0,0,0,0,0,0,0,0,0,0
0,0,0,0,0,0,0,0,0,0,0,0,0,0,0,0,0,0,0,0,0,0,0,0,0,0,0,0,0,0,0,0,0,0,0,0,0,0,0,0,0,0,0,0,0,0,0,0,0,0,0,0,0,0,0,0,0,0,0,0,0,0,0,0,0,0,0,0,0,0,0,0,0,0,0,0,0,0,0,0,0,0,0,0,0,0,0,0,0,0,0,0,0,0,0,104,106,77,57,40,36,41,46,48,50,62,70,76,0,0,0,0,0,0,0,0,0,0,0,0,0,0,0,0,0,0,0,0,0,0,0,0,0,0,0,0,0,0,0,0,0,0,0,0,0,0,0,0,0,0,0,0,0,0,0,0,0,0,0,0,0,0,0,0,0,0,0,0,0,0,0,0,0,0,0,0,0,0,0,0,0,0,0,0,0,0,0,0,0,0,0,0,0,0,0,0,0
0,0,0,0,0,0,0,0,0,0,0,0,0,0,0,0,0,0,0,0,0,0,0,0,0,0,0,0,0,0,0,0,0,0,0,0,0,0,0,0,0,0,0,0,0,0,0,0,0,0,0,0,0,0,0,0,0,0,0,0,0,0,0,0,0,0,0,0,0,0,0,0,0,0,0,0,0,0,0,0,0,0,0,0,0,0,0,0,0,0,0,0,0,0,102,95,85,56,41,30,27,33,38,37,44,57,71,81,0,0,0,0,0,0,0,0,0,0,0,0,0,0,0,0,0,0,0,0,0,0,0,0,0,0,0,0,0,0,0,0,0,0,0,0,0,0,0,0,0,0,0,0,0,0,0,0,0,0,0,0,0,0,0,0,0,0,0,0,0,0,0,0,0,0,0,0,0,0,0,0,0,0,0,0,0,0,0,0,0,0,0,0,0,0,0,0,0
0,0,0,0,0,0,0,0,0,0,0,0,0,0,0,0,0,0,0,0,0,0,0,0,0,0,0,0,0,0,0,0,0,0,0,0,0,0,0,0,0,0,0,0,0,0,0,0,0,0,0,0,0,0,0,0,0,0,0,0,0,0,0,0,0,0,0,0,0,0,0,0,0,0,0,0,0,0,0,0,0,0,0,0,0,0,0,0,0,0,0,0,0,0,95,77,56,35,29,27,28,34,35,31,39,49,64,72,72,0,0,0,0,0,0,0,0,0,0,0,0,0,0,0,0,0,0,0,0,0,0,0,0,0,0,0,0,0,0,0,0,0,0,0,0,0,0,0,0,0,0,0,0,0,0,0,0,0,0,0,0,0,0,0,0,0,0,0,0,0,0,0,0,0,0,0,0,0,0,0,0,0,0,0,0,0,0,0,0,0,0,0,0,0,0,0,0
0,0,0,0,0,0,0,0,0,0,0,0,0,0,0,0,0,0,0,0,0,0,0,0,0,0,0,0,0,0,0,0,0,0,0,0,0,0,0,0,0,0,0,0,0,0,0,0,0,0,0,0,0,0,0,0,0,0,0,0,0,0,0,0,0,0,0,0,0,0,0,0,0,0,0,0,0,0,0,0,0,0,0,0,0,0,0,0,0,0,0,0,0,97,89,68,48,39,36,37,39,47,43,37,40,50,62,66,67,76,0,0,0,0,0,0,0,0,0,0,0,0,0,0,0,0,0,0,0,0,0,0,0,0,0,0,0,0,0,0,0,0,0,0,0,0,0,0,0,0,0,0,0,0,0,0,0,0,0,0,0,0,0,0,0,0,0,0,0,0,0,0,0,0,0,0,0,0,0,0,0,0,0,0,0,0,0,0,0,0,0,0,0,0,0,0,0
0,0,0,0,0,0,0,0,0,0,0,0,0,0,0,0,0,0,0,0,0,0,0,0,0,0,0,0,0,0,0,0,0,0,0,0,0,0,0,0,0,0,0,0,0,0,0,0,0,0,0,0,0,0,0,0,0,0,0,0,0,0,0,0,0,0,0,0,0,0,0,0,0,0,0,0,0,0,0,0,0,0,0,0,0,0,0,0,0,0,0,0,87,86,75,53,36,39,35,37,40,43,41,38,39,38,42,51,61,73,0,0,0,0,0,0,0,0,0,0,0,0,0,0,0,0,0,0,0,0,0,0,0,0,0,0,0,0,0,0,0,0,0,0,0,0,0,0,0,0,0,0,0,0,0,0,0,0,0,0,0,0,0,0,0,0,0,0,0,0,0,0,0,0,0,0,0,0,0,0,0,0,0,0,0,0,0,0,0,0,0,0,0,0,0,0,0
0,0,0,0,0,0,0,0,0,0,0,0,0,0,0,0,0,0,0,0,0,0,0,0,0,0,0,0,0,0,0,0,0,0,0,0,0,0,0,0,0,0,0,0,0,0,0,0,0,0,0,0,0,0,0,0,0,0,0,0,0,0,0,0,0,0,0,0,0,0,0,0,0,0,0,0,0,0,0,0,0,0,0,0,0,0,0,0,0,0,0,0,88,75,54,37,31,41,35,33,35,36,36,37,37,33,34,42,55,68,80,0,0,0,0,0,0,0,0,0,0,0,0,0,0,0,0,0,0,0,0,0,0,0,0,0,0,0,0,0,0,0,0,0,0,0,0,0,0,0,0,0,0,0,0,0,0,0,0,0,0,0,0,0,0,0,0,0,0,0,0,0,0,0,0,0,0,0,0,0,0,0,0,0,0,0,0,0,0,0,0,0,0,0,0,0,0
0,0,0,0,0,0,0,0,0,0,0,0,0,0,0,0,0,0,0,0,0,0,0,0,0,0,0,0,0,0,0,0,0,0,0,0,0,0,0,0,0,0,0,0,0,0,0,0,0,0,0,0,0,0,0,0,0,0,0,0,0,0,0,0,0,0,0,0,0,0,0,0,0,0,0,0,0,0,0,0,0,0,0,0,0,0,0,0,0,0,0,89,81,64,42,27,26,37,34,35,33,33,33,37,37,31,31,40,51,61,75,0,0,0,0,0,0,0,0,0,0,0,0,0,0,0,0,0,0,0,0,0,0,0,0,0,0,0,0,0,0,0,0,0,0,0,0,0,0,0,0,0,0,0,0,0,0,0,0,0,0,0,0,0,0,0,0,0,0,0,0,0,0,0,0,0,0,0,0,0,0,0,0,0,0,0,0,0,0,0,0,0,0,0,0,0,0
0,0,0,0,0,0,0,0,0,0,0,0,0,0,0,0,0,0,0,0,0,0,0,0,0,0,0,0,0,0,0,0,0,0,0,0,0,0,0,0,0,0,0,0,0,0,0,0,0,0,0,0,0,0,0,0,0,0,0,0,0,0,0,0,0,0,0,0,0,0,0,0,0,0,0,0,0,0,0,0,0,0,0,0,0,0,0,0,0,0,0,80,68,52,38,27,24,31,32,34,33,33,34,36,36,32,32,40,50,60,73,94,0,0,0,0,0,0,0,0,0,0,0,0,0,0,0,0,0,0,0,0,0,0,0,0,0,0,0,0,0,0,0,0,0,0,0,0,0,0,0,0,0,0,0,0,0,0,0,0,0,0,0,0,0,0,0,0,0,0,0,0,0,0,0,0,0,0,0,0,0,0,0,0,0,0,0,0,0,0,0,0,0,0,0,0,0
0,0,0,0,0,0,0,0,0,0,0,0,0,0,0,0,0,0,0,0,0,0,0,0,0,0,0,0,0,0,0,0,0,0,0,0,0,0,0,0,0,0,0,0,0,0,0,0,0,0,0,0,0,0,0,0,0,0,0,0,0,0,0,0,0,0,0,0,0,0,0,0,0,0,0,0,0,0,0,0,0,0,0,0,0,0,0,0,0,0,79,70,52,40,37,29,25,27,30,31,34,35,36,35,34,32,32,38,48,58,69,88,0,0,0,0,0,0,0,0,0,0,0,0,0,0,0,0,0,0,0,0,0,0,0,0,0,0,0,0,0,0,0,0,0,0,0,0,0,0,0,0,0,0,0,0,0,0,0,0,0,0,0,0,0,0,0,0,0,0,0,0,0,0,0,0,0,0,0,0,0,0,0,0,0,0,0,0,0,0,0,0,0,0,0,0,0
0,0,0,0,0,0,0,0,0,0,0,0,0,0,0,0,0,0,0,0,0,0,0,0,0,0,0,0,0,0,0,0,0,0,0,0,0,0,0,0,0,0,0,0,0,0,0,0,0,0,0,0,0,0,0,0,0,0,0,0,0,0,0,0,0,0,0,0,0,0,0,0,0,0,0,0,0,0,0,0,0,0,0,0,0,0,0,0,0,0,73,59,39,32,36,30,25,25,29,30,33,35,34,32,31,34,33,37,44,54,64,78,92,0,0,0,0,0,0,0,0,0,0,0,0,0,0,0,0,0,0,0,0,0,0,0,0,0,0,0,0,0,0,0,0,0,0,0,0,0,0,0,0,0,0,0,0,0,0,0,0,0,0,0,0,0,0,0,0,0,0,0,0,0,0,0,0,0,0,0,0,0,0,0,0,0,0,0,0,0,0,0,0,0,0,0,0
0,0,0,0,0,0,0,0,0,0,0,0,0,0,0,0,0,0,0,0,0,0,0,0,0,0,0,0,0,0,0,0,0,0,0,0,0,0,0,0,0,0,0,0,0,0,0,0,0,0,0,0,0,0,0,0,0,0,0,0,0,0,0,0,0,0,0,0,0,0,0,0,0,0,0,0,0,0,0,0,0,0,0,0,0,0,0,0,0,82,65,48,33,27,31,28,25,27,28,29,30,32,30,28,29,34,33,35,43,50,57,68,83,0,0,0,0,0,0,0,0,0,0,0,0,0,0,0,0,0,0,0,0,0,0,0,0,0,0,0,0,0,0,0,0,0,0,0,0,0,0,0,0,0,0,0,0,0,0,0,0,0,0,0,0,0,0,0,0,0,0,0,0,0,0,0,0,0,0,0,0,0,0,0,0,0,0,0,0,0,0,0,0,0,0,0,0
0,0,0,0,0,0,0,0,0,0,0,0,0,0,0,0,0,0,0,0,0,0,0,0,0,0,0,0,0,0,0,0,0,0,0,0,0,0,0,0,0,0,0,0,0,0,0,0,0,0,0,0,0,0,0,0,0,0,0,0,0,0,0,0,0,0,0,0,0,0,0,0,0,0,0,0,0,0,0,0,0,0,0,0,0,0,0,0,84,77,58,42,32,28,29,28,27,30,30,32,30,30,28,28,29,35,31,32,39,45,50,58,73,90,0,0,0,0,0,0,0,0,0,0,0,0,0,0,0,0,0,0,0,0,0,0,0,0,0,0,0,0,0,0,0,0,0,0,0,0,0,0,0,0,0,0,0,0,0,0,0,0,0,0,0,0,0,0,0,0,0,0,0,0,0,0,0,0,0,0,0,0,0,0,0,0,0,0,0,0,0,0,0,0,0,0,0
0,0,0,0,0,0,0,0,0,0,0,0,0,0,0,0,0,0,0,0,0,0,0,0,0,0,0,0,0,0,0,0,0,0,0,0,0,0,0,0,0,0,0,0,0,0,0,0,0,0,0,0,0,0,0,0,0,0,0,0,0,0,0,0,0,0,0,0,0,0,0,0,0,0,0,0,0,0,0,0,0,0,0,0,0,0,0,0,76,62,42,35,32,30,29,31,31,31,32,31,30,30,29,29,30,32,30,31,35,41,47,51,67,84,0,0,0,0,0,0,0,0,0,0,0,0,0,0,0,0,0,0,0,0,0,0,0,0,0,0,0,0,0,0,0,0,0,0,0,0,0,0,0,0,0,0,0,0,0,0,0,0,0,0,0,0,0,0,0,0,0,0,0,0,0,0,0,0,0,0,0,0,0,0,0,0,0,0,0,0,0,0,0,0,0,0,0
0,0,0,0,0,0,0,0,0,0,0,0,0,0,0,0,0,0,0,0,0,0,0,0,0,0,0,0,0,0,0,0,0,0,0,0,0,0,0,0,0,0,0,0,0,0,0,0,0,0,0,0,0,0,0,0,0,0,0,0,0,0,0,0,0,0,0,0,0,0,0,0,0,0,0,0,0,0,0,0,0,0,0,0,0,0,0,83,77,55,37,31,28,27,26,26,26,27,27,27,25,25,25,25,25,26,26,28,31,37,41,43,60,79,90,0,0,0,0,0,0,0,0,0,0,0,0,0,0,0,0,0,0,0,0,0,0,0,0,0,0,0,0,0,0,0,0,0,0,0,0,0,0,0,0,0,0,0,0,0,0,0,0,0,0,0,0,0,0,0,0,0,0,0,0,0,0,0,0,0,0,0,0,0,0,0,0,0,0,0,0,0,0,0,0,0,0
0,0,0,0,0,0,0,0,0,0,0,0,0,0,0,0,0,0,0,0,0,0,0,0,0,0,0,0,0,0,0,0,0,0,0,0,0,0,0,0,0,0,0,0,0,0,0,0,0,0,0,0,0,0,0,0,0,0,0,0,0,0,0,0,0,0,0,0,0,0,0,0,0,0,0,0,0,0,0,0,0,0,0,0,0,0,0,82,76,50,30,27,27,27,26,25,25,26,26,26,25,25,25,25,25,25,25,28,32,36,37,39,49,62,77,0,0,0,0,0,0,0,0,0,0,0,0,0,0,0,0,0,0,0,0,0,0,0,0,0,0,0,0,0,0,0,0,0,0,0,0,0,0,0,0,0,0,0,0,0,0,0,0,0,0,0,0,0,0,0,0,0,0,0,0,0,0,0,0,0,0,0,0,0,0,0,0,0,0,0,0,0,0,0,0,0,0
0,0,0,0,0,0,0,0,0,0,0,0,0,0,0,0,0,0,0,0,0,0,0,0,0,0,0,0,0,0,0,0,0,0,0,0,0,0,0,0,0,0,0,0,0,0,0,0,0,0,0,0,0,0,0,0,0,0,0,0,0,0,0,0,0,0,0,0,0,0,0,0,0,0,0,0,0,0,0,0,0,0,0,0,0,0,88,76,70,45,23,24,28,30,30,29,30,30,30,30,31,31,31,31,31,31,31,33,34,36,36,37,38,46,64,88,0,0,0,0,0,0,0,0,0,0,0,0,0,0,0,0,0,0,0,0,0,0,0,0,0,0,0,0,0,0,0,0,0,0,0,0,0,0,0,0,0,0,0,0,0,0,0,0,0,0,0,0,0,0,0,0,0,0,0,0,0,0,0,0,0,0,0,0,0,0,0,0,0,0,0,0,0,0,0,0,0
0,0,0,0,0,0,0,0,0,0,0,0,0,0,0,0,0,0,0,0,0,0,0,0,0,0,0,0,0,0,0,0,0,0,0,0,0,0,0,0,0,0,0,0,0,0,0,0,0,0,0,0,0,0,0,0,0,0,0,0,0,0,0,0,0,0,0,0,0,0,0,0,0,0,0,0,0,0,0,0,0,0,0,0,0,0,85,66,59,37,19,21,25,28,29,28,28,28,28,29,30,31,31,31,31,31,32,33,34,36,37,37,36,48,64,82,0,0,0,0,0,0,0,0,0,0,0,0,0,0,0,0,0,0,0,0,0,0,0,0,0,0,0,0,0,0,0,0,0,0,0,0,0,0,0,0,0,0,0,0,0,0,0,0,0,0,0,0,0,0,0,0,0,0,0,0,0,0,0,0,0,0,0,0,0,0,0,0,0,0,0,0,0,0,0,0,0
0,0,0,0,0,0,0,0,0,0,0,0,0,0,0,0,0,0,0,0,0,0,0,0,0,0,0,0,0,0,0,0,0,0,0,0,0,0,0,0,0,0,0,0,0,0,0,0,0,0,0,0,0,0,0,0,0,0,0,0,0,0,0,0,0,0,0,0,0,0,0,0,0,0,0,0,0,0,0,0,0,0,0,0,0,89,76,59,52,34,20,17,19,21,22,21,21,21,22,23,23,24,25,25,25,25,28,29,30,32,35,36,36,49,60,70,94,0,0,0,0,0,0,0,0,0,0,0,0,0,0,0,0,0,0,0,0,0,0,0,0,0,0,0,0,0,0,0,0,0,0,0,0,0,0,0,0,0,0,0,0,0,0,0,0,0,0,0,0,0,0,0,0,0,0,0,0,0,0,0,0,0,0,0,0,0,0,0,0,0,0,0,0,0,0,0,0
0,0,0,0,0,0,0,0,0,0,0,0,0,0,0,0,0,0,0,0,0,0,0,0,0,0,0,0,0,0,0,0,0,0,0,0,0,0,0,0,0,0,0,0,0,0,0,0,0,0,0,0,0,0,0,0,0,0,0,0,0,0,0,0,0,0,0,0,0,0,0,0,0,0,0,0,0,0,0,0,0,0,0,0,102,83,60,44,39,33,28,22,20,20,20,20,20,20,21,22,23,24,25,25,25,25,28,29,30,32,35,36,36,43,50,58,78,0,0,0,0,0,0,0,0,0,0,0,0,0,0,0,0,0,0,0,0,0,0,0,0,0,0,0,0,0,0,0,0,0,0,0,0,0,0,0,0,0,0,0,0,0,0,0,0,0,0,0,0,0,0,0,0,0,0,0,0,0,0,0,0,0,0,0,0,0,0,0,0,0,0,0,0,0,0,0,0
0,0,0,0,0,0,0,0,0,0,0,0,0,0,0,0,0,0,0,0,0,0,0,0,0,0,0,0,0,0,0,0,0,0,0,0,0,0,0,0,0,0,0,0,0,0,0,0,0,0,0,0,0,0,0,0,0,0,0,0,0,0,0,0,0,0,0,0,0,0,0,0,0,0,0,0,0,0,0,0,0,0,0,0,92,70,51,36,30,34,32,25,24,23,23,23,23,23,25,25,28,28,29,30,30,28,32,32,30,32,34,34,34,39,43,50,65,90,0,0,0,0,0,0,0,0,0,0,0,0,0,0,0,0,0,0,0,0,0,0,0,0,0,0,0,0,0,0,0,0,0,0,0,0,0,0,0,0,0,0,0,0,0,0,0,0,0,0,0,0,0,0,0,0,0,0,0,0,0,0,0,0,0,0,0,0,0,0,0,0,0,0,0,0,0,0,0
0,0,0,0,0,0,0,0,0,0,0,0,0,0,0,0,0,0,0,0,0,0,0,0,0,0,0,0,0,0,0,0,0,0,0,0,0,0,0,0,0,0,0,0,0,0,0,0,0,0,0,0,0,0,0,0,0,0,0,0,0,0,0,0,0,0,0,0,0,0,0,0,0,0,0,0,0,0,0,0,0,0,0,87,85,61,47,36,29,31,28,27,25,24,24,24,24,24,25,25,28,28,29,29,29,29,31,32,32,33,34,34,35,36,39,47,56,78,0,0,0,0,0,0,0,0,0,0,0,0,0,0,0,0,0,0,0,0,0,0,0,0,0,0,0,0,0,0,0,0,0,0,0,0,0,0,0,0,0,0,0,0,0,0,0,0,0,0,0,0,0,0,0,0,0,0,0,0,0,0,0,0,0,0,0,0,0,0,0,0,0,0,0,0,0,0,0
0,0,0,0,0,0,0,0,0,0,0,0,0,0,0,0,0,0,0,0,0,0,0,0,0,0,0,0,0,0,0,0,0,0,0,0,0,0,0,0,0,0,0,0,0,0,0,0,0,0,0,0,0,0,0,0,0,0,0,0,0,0,0,0,0,0,0,0,0,0,0,0,0,0,0,0,0,0,0,0,0,0,0,76,67,48,42,32,29,28,28,26,25,24,24,24,24,24,25,26,27,27,28,27,28,28,29,30,32,33,34,34,34,33,37,46,52,66,101,0,0,0,0,0,0,0,0,0,0,0,0,0,0,0,0,0,0,0,0,0,0,0,0,0,0,0,0,0,0,0,0,0,0,0,0,0,0,0,0,0,0,0,0,0,0,0,0,0,0,0,0,0,0,0,0,0,0,0,0,0,0,0,0,0,0,0,0,0,0,0,0,0,0,0,0,0,0
0,0,0,0,0,0,0,0,0,0,0,0,0,0,0,0,0,0,0,0,0,0,0,0,0,0,0,0,0,0,0,0,0,0,0,0,0,0,0,0,0,0,0,0,0,0,0,0,0,0,0,0,0,0,0,0,0,0,0,0,0,0,0,0,0,0,0,0,0,0,0,0,0,0,0,0,0,0,0,0,0,0,95,72,55,36,34,29,28,26,27,23,26,25,24,24,24,24,25,25,27,27,28,28,29,28,29,29,29,30,30,30,29,28,33,42,46,50,77,116,0,0,0,0,0,0,0,0,0,0,0,0,0,0,0,0,0,0,0,0,0,0,0,0,0,0,0,0,0,0,0,0,0,0,0,0,0,0,0,0,0,0,0,0,0,0,0,0,0,0,0,0,0,0,0,0,0,0,0,0,0,0,0,0,0,0,0,0,0,0,0,0,0,0,0,0,0
0,0,0,0,0,0,0,0,0,0,0,0,0,0,0,0,0,0,0,0,0,0,0,0,0,0,0,0,0,0,0,0,0,0,0,0,0,0,0,0,0,0,0,0,0,0,0,0,0,0,0,0,0,0,0,0,0,0,0,0,0,0,0,0,0,0,0,0,0,0,0,0,0,0,0,0,0,0,0,0,0,0,92,65,45,30,29,31,26,25,27,28,27,25,24,24,24,24,25,25,27,27,28,28,29,28,28,28,28,28,28,27,26,27,32,40,41,41,57,92,0,0,0,0,0,0,0,0,0,0,0,0,0,0,0,0,0,0,0,0,0,0,0,0,0,0,0,0,0,0,0,0,0,0,0,0,0,0,0,0,0,0,0,0,0,0,0,0,0,0,0,0,0,0,0,0,0,0,0,0,0,0,0,0,0,0,0,0,0,0,0,0,0,0,0,0,0
0,0,0,0,0,0,0,0,0,0,0,0,0,0,0,0,0,0,0,0,0,0,0,0,0,0,0,0,0,0,0,0,0,0,0,0,0,0,0,0,0,0,0,0,0,0,0,0,0,0,0,0,0,0,0,0,0,0,0,0,0,0,0,0,0,0,0,0,0,0,0,0,0,0,0,0,0,0,0,0,0,97,83,51,36,29,31,34,24,23,27,29,26,25,24,24,24,24,25,25,27,27,28,28,28,27,28,28,29,28,26,25,27,30,35,38,42,44,54,80,112,0,0,0,0,0,0,0,0,0,0,0,0,0,0,0,0,0,0,0,0,0,0,0,0,0,0,0,0,0,0,0,0,0,0,0,0,0,0,0,0,0,0,0,0,0,0,0,0,0,0,0,0,0,0,0,0,0,0,0,0,0,0,0,0,0,0,0,0,0,0,0,0,0,0,0,0
0,0,0,0,0,0,0,0,0,0,0,0,0,0,0,0,0,0,0,0,0,0,0,0,0,0,0,0,0,0,0,0,0,0,0,0,0,0,0,0,0,0,0,0,0,0,0,0,0,0,0,0,0,0,0,0,0,0,0,0,0,0,0,0,0,0,0,0,0,0,0,0,0,0,0,0,0,0,0,0,97,90,70,39,27,27,35,34,23,21,26,26,26,25,24,24,24,24,24,25,28,27,28,28,28,27,28,28,29,27,24,25,30,35,37,36,38,43,52,64,95,0,0,0,0,0,0,0,0,0,0,0,0,0,0,0,0,0,0,0,0,0,0,0,0,0,0,0,0,0,0,0,0,0,0,0,0,0,0,0,0,0,0,0,0,0,0,0,0,0,0,0,0,0,0,0,0,0,0,0,0,0,0,0,0,0,0,0,0,0,0,0,0,0,0,0,0
0,0,0,0,0,0,0,0,0,0,0,0,0,0,0,0,0,0,0,0,0,0,0,0,0,0,0,0,0,0,0,0,0,0,0,0,0,0,0,0,0,0,0,0,0,0,0,0,0,0,0,0,0,0,0,0,0,0,0,0,0,0,0,0,0,0,0,0,0,0,0,0,0,0,0,0,0,0,0,0,95,75,56,35,21,25,34,32,22,20,27,29,27,26,24,24,24,24,25,25,27,27,28,28,29,28,28,28,29,28,26,27,31,35,37,35,36,43,48,51,76,119,0,0,0,0,0,0,0,0,0,0,0,0,0,0,0,0,0,0,0,0,0,0,0,0,0,0,0,0,0,0,0,0,0,0,0,0,0,0,0,0,0,0,0,0,0,0,0,0,0,0,0,0,0,0,0,0,0,0,0,0,0,0,0,0,0,0,0,0,0,0,0,0,0,0,0
0,0,0,0,0,0,0,0,0,0,0,0,0,0,0,0,0,0,0,0,0,0,0,0,0,0,0,0,0,0,0,0,0,0,0,0,0,0,0,0,0,0,0,0,0,0,0,0,0,0,0,0,0,0,0,0,0,0,0,0,0,0,0,0,0,0,0,0,0,0,0,0,0,0,0,0,0,0,0,100,85,61,44,37,27,27,30,30,21,21,26,28,27,26,24,23,23,24,26,27,27,27,28,29,31,30,30,29,30,30,28,29,30,32,34,34,35,44,44,43,61,95,0,0,0,0,0,0,0,0,0,0,0,0,0,0,0,0,0,0,0,0,0,0,0,0,0,0,0,0,0,0,0,0,0,0,0,0,0,0,0,0,0,0,0,0,0,0,0,0,0,0,0,0,0,0,0,0,0,0,0,0,0,0,0,0,0,0,0,0,0,0,0,0,0,0,0
0,0,0,0,0,0,0,0,0,0,0,0,0,0,0,0,0,0,0,0,0,0,0,0,0,0,0,0,0,0,0,0,0,0,0,0,0,0,0,0,0,0,0,0,0,0,0,0,0,0,0,0,0,0,0,0,0,0,0,0,0,0,0,0,0,0,0,0,0,0,0,0,0,0,0,0,0,0,0,94,69,53,40,35,30,28,28,28,23,22,25,27,27,27,26,22,20,24,27,35,44,56,65,53,41,37,35,30,31,31,34,32,29,32,35,35,36,43,45,41,55,85,119,0,0,0,0,0,0,0,0,0,0,0,0,0,0,0,0,0,0,0,0,0,0,0,0,0,0,0,0,0,0,0,0,0,0,0,0,0,0,0,0,0,0,0,0,0,0,0,0,0,0,0,0,0,0,0,0,0,0,0,0,0,0,0,0,0,0,0,0,0,0,0,0,0,0
0,0,0,0,0,0,0,0,0,0,0,0,0,0,0,0,0,0,0,0,0,0,0,0,0,0,0,0,0,0,0,0,0,0,0,0,0,0,0,0,0,0,0,0,0,0,0,0,0,0,0,0,0,0,0,0,0,0,0,0,0,0,0,0,0,0,0,0,0,0,0,0,0,0,0,0,0,0,113,82,58,44,34,32,31,29,26,25,24,23,23,24,24,25,27,26,21,24,30,44,61,86,83,62,58,42,37,28,28,33,38,34,26,26,30,33,35,42,42,38,44,66,100,0,0,0,0,0,0,0,0,0,0,0,0,0,0,0,0,0,0,0,0,0,0,0,0,0,0,0,0,0,0,0,0,0,0,0,0,0,0,0,0,0,0,0,0,0,0,0,0,0,0,0,0,0,0,0,0,0,0,0,0,0,0,0,0,0,0,0,0,0,0,0,0,0,0
0,0,0,0,0,0,0,0,0,0,0,0,0,0,0,0,0,0,0,0,0,0,0,0,0,0,0,0,0,0,0,0,0,0,0,0,0,0,0,0,0,0,0,0,0,0,0,0,0,0,0,0,0,0,0,0,0,0,0,0,0,0,0,0,0,0,0,0,0,0,0,0,0,0,0,0,0,0,86,70,59,40,27,27,28,28,25,24,26,25,21,21,20,22,29,30,22,25,33,52,79,105,94,70,68,46,41,27,28,34,40,35,24,22,26,30,35,40,40,39,39,52,85,130,0,0,0,0,0,0,0,0,0,0,0,0,0,0,0,0,0,0,0,0,0,0,0,0,0,0,0,0,0,0,0,0,0,0,0,0,0,0,0,0,0,0,0,0,0,0,0,0,0,0,0,0,0,0,0,0,0,0,0,0,0,0,0,0,0,0,0,0,0,0,0,0,0
0,0,0,0,0,0,0,0,0,0,0,0,0,0,0,0,0,0,0,0,0,0,0,0,0,0,0,0,0,0,0,0,0,0,0,0,0,0,0,0,0,0,0,0,0,0,0,0,0,0,0,0,0,0,0,0,0,0,0,0,0,0,0,0,0,0,0,0,0,0,0,0,0,0,0,0,0,98,60,51,47,35,26,26,24,26,25,24,24,23,22,22,21,23,24,21,19,34,52,80,103,118,107,85,79,60,51,37,31,32,35,32,25,22,25,30,33,37,39,41,39,47,69,104,0,0,0,0,0,0,0,0,0,0,0,0,0,0,0,0,0,0,0,0,0,0,0,0,0,0,0,0,0,0,0,0,0,0,0,0,0,0,0,0,0,0,0,0,0,0,0,0,0,0,0,0,0,0,0,0,0,0,0,0,0,0,0,0,0,0,0,0,0,0,0,0,0
0,0,0,0,0,0,0,0,0,0,0,0,0,0,0,0,0,0,0,0,0,0,0,0,0,0,0,0,0,0,0,0,0,0,0,0,0,0,0,0,0,0,0,0,0,0,0,0,0,0,0,0,0,0,0,0,0,0,0,0,0,0,0,0,0,0,0,0,0,0,0,0,0,0,0,0,112,78,47,35,33,29,27,26,24,24,25,23,22,22,22,22,22,26,25,21,23,42,62,91,112,120,109,92,87,69,55,40,33,28,28,29,27,26,28,33,33,35,36,37,38,46,55,73,113,0,0,0,0,0,0,0,0,0,0,0,0,0,0,0,0,0,0,0,0,0,0,0,0,0,0,0,0,0,0,0,0,0,0,0,0,0,0,0,0,0,0,0,0,0,0,0,0,0,0,0,0,0,0,0,0,0,0,0,0,0,0,0,0,0,0,0,0,0,0,0,0
0,0,0,0,0,0,0,0,0,0,0,0,0,0,0,0,0,0,0,0,0,0,0,0,0,0,0,0,0,0,0,0,0,0,0,0,0,0,0,0,0,0,0,0,0,0,0,0,0,0,0,0,0,0,0,0,0,0,0,0,0,0,0,0,0,0,0,0,0,0,0,0,0,0,0,0,92,65,42,33,32,28,25,23,26,23,25,23,23,23,22,22,23,26,25,25,33,54,77,107,115,121,113,101,98,80,64,42,33,25,24,29,29,28,29,34,36,35,35,35,36,43,47,61,79,0,0,0,0,0,0,0,0,0,0,0,0,0,0,0,0,0,0,0,0,0,0,0,0,0,0,0,0,0,0,0,0,0,0,0,0,0,0,0,0,0,0,0,0,0,0,0,0,0,0,0,0,0,0,0,0,0,0,0,0,0,0,0,0,0,0,0,0,0,0,0,0
0,0,0,0,0,0,0,0,0,0,0,0,0,0,0,0,0,0,0,0,0,0,0,0,0,0,0,0,0,0,0,0,0,0,0,0,0,0,0,0,0,0,0,0,0,0,0,0,0,0,0,0,0,0,0,0,0,0,0,0,0,0,0,0,0,0,0,0,0,0,0,0,0,0,0,103,77,56,40,33,31,28,24,21,25,23,25,25,25,25,23,22,22,24,22,29,43,68,93,116,119,120,117,108,106,92,75,48,38,27,25,29,29,27,27,31,35,34,35,36,35,38,41,50,64,109,0,0,0,0,0,0,0,0,0,0,0,0,0,0,0,0,0,0,0,0,0,0,0,0,0,0,0,0,0,0,0,0,0,0,0,0,0,0,0,0,0,0,0,0,0,0,0,0,0,0,0,0,0,0,0,0,0,0,0,0,0,0,0,0,0,0,0,0,0,0,0
0,0,0,0,0,0,0,0,0,0,0,0,0,0,0,0,0,0,0,0,0,0,0,0,0,0,0,0,0,0,0,0,0,0,0,0,0,0,0,0,0,0,0,0,0,0,0,0,0,0,0,0,0,0,0,0,0,0,0,0,0,0,0,0,0,0,0,0,0,0,0,0,0,0,0,87,70,48,35,32,32,27,24,23,25,24,26,25,26,24,23,22,21,22,24,37,58,84,105,118,119,118,116,110,111,102,84,62,45,32,26,28,27,25,25,29,31,34,35,35,37,40,42,44,52,79,0,0,0,0,0,0,0,0,0,0,0,0,0,0,0,0,0,0,0,0,0,0,0,0,0,0,0,0,0,0,0,0,0,0,0,0,0,0,0,0,0,0,0,0,0,0,0,0,0,0,0,0,0,0,0,0,0,0,0,0,0,0,0,0,0,0,0,0,0,0,0
0,0,0,0,0,0,0,0,0,0,0,0,0,0,0,0,0,0,0,0,0,0,0,0,0,0,0,0,0,0,0,0,0,0,0,0,0,0,0,0,0,0,0,0,0,0,0,0,0,0,0,0,0,0,0,0,0,0,0,0,0,0,0,0,0,0,0,0,0,0,0,0,0,0,105,87,63,41,28,29,30,28,28,26,25,24,27,25,26,26,23,23,21,24,28,46,72,95,110,119,118,116,113,111,111,104,88,70,55,38,28,27,26,23,23,26,27,30,31,35,37,40,41,42,45,77,107,0,0,0,0,0,0,0,0,0,0,0,0,0,0,0,0,0,0,0,0,0,0,0,0,0,0,0,0,0,0,0,0,0,0,0,0,0,0,0,0,0,0,0,0,0,0,0,0,0,0,0,0,0,0,0,0,0,0,0,0,0,0,0,0,0,0,0,0,0,0
0,0,0,0,0,0,0,0,0,0,0,0,0,0,0,0,0,0,0,0,0,0,0,0,0,0,0,0,0,0,0,0,0,0,0,0,0,0,0,0,0,0,0,0,0,0,0,0,0,0,0,0,0,0,0,0,0,0,0,0,0,0,0,0,0,0,0,0,0,0,0,0,0,0,86,72,52,34,24,27,29,29,29,28,25,23,27,26,26,26,23,23,20,28,33,58,90,113,114,119,117,117,115,113,113,107,97,84,69,50,35,28,23,23,25,25,27,29,31,35,38,40,36,37,46,64,84,0,0,0,0,0,0,0,0,0,0,0,0,0,0,0,0,0,0,0,0,0,0,0,0,0,0,0,0,0,0,0,0,0,0,0,0,0,0,0,0,0,0,0,0,0,0,0,0,0,0,0,0,0,0,0,0,0,0,0,0,0,0,0,0,0,0,0,0,0,0
0,0,0,0,0,0,0,0,0,0,0,0,0,0,0,0,0,0,0,0,0,0,0,0,0,0,0,0,0,0,0,0,0,0,0,0,0,0,0,0,0,0,0,0,0,0,0,0,0,0,0,0,0,0,0,0,0,0,0,0,0,0,0,0,0,0,0,0,0,0,0,0,0,107,72,54,39,29,26,28,29,28,28,29,24,23,28,26,25,25,22,23,27,32,39,66,100,123,119,117,117,119,120,115,115,108,100,88,80,60,42,30,22,24,28,27,28,30,33,35,36,35,30,32,40,50,70,96,0,0,0,0,0,0,0,0,0,0,0,0,0,0,0,0,0,0,0,0,0,0,0,0,0,0,0,0,0,0,0,0,0,0,0,0,0,0,0,0,0,0,0,0,0,0,0,0,0,0,0,0,0,0,0,0,0,0,0,0,0,0,0,0,0,0,0,0,0
0,0,0,0,0,0,0,0,0,0,0,0,0,0,0,0,0,0,0,0,0,0,0,0,0,0,0,0,0,0,0,0,0,0,0,0,0,0,0,0,0,0,0,0,0,0,0,0,0,0,0,0,0,0,0,0,0,0,0,0,0,0,0,0,0,0,0,0,0,0,0,0,119,86,62,42,35,29,28,29,30,29,27,26,24,25,28,25,25,24,21,24,17,44,77,98,109,111,114,116,114,117,116,108,110,111,111,104,88,67,50,37,24,21,24,26,29,33,36,34,31,29,28,34,36,38,57,75,103,0,0,0,0,0,0,0,0,0,0,0,0,0,0,0,0,0,0,0,0,0,0,0,0,0,0,0,0,0,0,0,0,0,0,0,0,0,0,0,0,0,0,0,0,0,0,0,0,0,0,0,0,0,0,0,0,0,0,0,0,0,0,0,0,0,0,0,0
0,0,0,0,0,0,0,0,0,0,0,0,0,0,0,0,0,0,0,0,0,0,0,0,0,0,0,0,0,0,0,0,0,0,0,0,0,0,0,0,0,0,0,0,0,0,0,0,0,0,0,0,0,0,0,0,0,0,0,0,0,0,0,0,0,0,0,0,0,0,0,0,90,73,56,40,33,29,28,28,29,29,26,24,24,28,29,24,23,21,18,26,25,54,83,100,113,111,117,118,114,118,118,110,112,112,112,106,95,77,61,45,29,21,21,22,28,35,37,33,26,24,30,40,41,36,45,59,83,0,0,0,0,0,0,0,0,0,0,0,0,0,0,0,0,0,0,0,0,0,0,0,0,0,0,0,0,0,0,0,0,0,0,0,0,0,0,0,0,0,0,0,0,0,0,0,0,0,0,0,0,0,0,0,0,0,0,0,0,0,0,0,0,0,0,0,0
0,0,0,0,0,0,0,0,0,0,0,0,0,0,0,0,0,0,0,0,0,0,0,0,0,0,0,0,0,0,0,0,0,0,0,0,0,0,0,0,0,0,0,0,0,0,0,0,0,0,0,0,0,0,0,0,0,0,0,0,0,0,0,0,0,0,0,0,0,0,0,117,81,66,50,39,32,28,27,25,25,27,26,26,27,31,31,24,22,21,21,33,36,65,92,110,117,116,120,116,115,117,116,113,114,112,111,107,102,90,72,53,38,27,21,21,26,33,34,30,23,22,30,39,42,41,39,47,68,104,0,0,0,0,0,0,0,0,0,0,0,0,0,0,0,0,0,0,0,0,0,0,0,0,0,0,0,0,0,0,0,0,0,0,0,0,0,0,0,0,0,0,0,0,0,0,0,0,0,0,0,0,0,0,0,0,0,0,0,0,0,0,0,0,0,0,0
0,0,0,0,0,0,0,0,0,0,0,0,0,0,0,0,0,0,0,0,0,0,0,0,0,0,0,0,0,0,0,0,0,0,0,0,0,0,0,0,0,0,0,0,0,0,0,0,0,0,0,0,0,0,0,0,0,0,0,0,0,0,0,0,0,0,0,0,0,0,0,95,71,56,45,39,33,28,25,23,24,28,27,26,30,32,31,23,20,23,29,45,49,76,100,114,117,116,121,118,113,115,114,113,115,112,111,110,109,102,83,61,47,35,24,22,26,29,31,28,22,21,26,32,38,43,36,39,63,95,0,0,0,0,0,0,0,0,0,0,0,0,0,0,0,0,0,0,0,0,0,0,0,0,0,0,0,0,0,0,0,0,0,0,0,0,0,0,0,0,0,0,0,0,0,0,0,0,0,0,0,0,0,0,0,0,0,0,0,0,0,0,0,0,0,0,0
0,0,0,0,0,0,0,0,0,0,0,0,0,0,0,0,0,0,0,0,0,0,0,0,0,0,0,0,0,0,0,0,0,0,0,0,0,0,0,0,0,0,0,0,0,0,0,0,0,0,0,0,0,0,0,0,0,0,0,0,0,0,0,0,0,0,0,0,0,0,96,75,58,43,39,36,34,29,28,25,24,27,28,28,30,31,29,22,17,24,35,53,66,90,106,112,118,116,115,114,113,116,115,113,113,112,111,111,110,108,90,67,55,42,27,25,26,26,29,27,22,22,22,27,30,38,34,34,57,83,101,0,0,0,0,0,0,0,0,0,0,0,0,0,0,0,0,0,0,0,0,0,0,0,0,0,0,0,0,0,0,0,0,0,0,0,0,0,0,0,0,0,0,0,0,0,0,0,0,0,0,0,0,0,0,0,0,0,0,0,0,0,0,0,0,0,0
0,0,0,0,0,0,0,0,0,0,0,0,0,0,0,0,0,0,0,0,0,0,0,0,0,0,0,0,0,0,0,0,0,0,0,0,0,0,0,0,0,0,0,0,0,0,0,0,0,0,0,0,0,0,0,0,0,0,0,0,0,0,0,0,0,0,0,0,0,0,81,63,50,37,33,35,31,30,30,26,24,27,28,28,28,28,24,22,16,21,33,54,87,102,105,110,120,118,111,115,113,115,114,113,114,113,111,112,112,110,94,71,61,46,32,27,26,26,28,27,23,21,23,25,30,35,35,32,37,56,83,0,0,0,0,0,0,0,0,0,0,0,0,0,0,0,0,0,0,0,0,0,0,0,0,0,0,0,0,0,0,0,0,0,0,0,0,0,0,0,0,0,0,0,0,0,0,0,0,0,0,0,0,0,0,0,0,0,0,0,0,0,0,0,0,0,0
0,0,0,0,0,0,0,0,0,0,0,0,0,0,0,0,0,0,0,0,0,0,0,0,0,0,0,0,0,0,0,0,0,0,0,0,0,0,0,0,0,0,0,0,0,0,0,0,0,0,0,0,0,0,0,0,0,0,0,0,0,0,0,0,0,0,0,0,0,94,64,54,43,34,32,31,31,30,29,24,23,28,30,28,26,24,23,20,17,23,38,63,93,105,106,109,120,118,112,115,113,115,114,113,114,113,112,113,115,112,97,77,67,53,38,31,27,26,27,26,22,23,24,26,28,32,34,30,31,45,66,100,0,0,0,0,0,0,0,0,0,0,0,0,0,0,0,0,0,0,0,0,0,0,0,0,0,0,0,0,0,0,0,0,0,0,0,0,0,0,0,0,0,0,0,0,0,0,0,0,0,0,0,0,0,0,0,0,0,0,0,0,0,0,0,0,0
0,0,0,0,0,0,0,0,0,0,0,0,0,0,0,0,0,0,0,0,0,0,0,0,0,0,0,0,0,0,0,0,0,0,0,0,0,0,0,0,0,0,0,0,0,0,0,0,0,0,0,0,0,0,0,0,0,0,0,0,0,0,0,0,0,0,0,0,0,73,56,49,40,35,32,29,28,29,30,26,24,29,30,26,26,24,24,22,22,30,47,77,98,106,106,108,118,116,113,115,114,115,114,114,114,114,113,114,116,112,101,87,78,61,44,34,29,25,27,27,24,21,22,25,27,30,33,31,30,41,56,80,0,0,0,0,0,0,0,0,0,0,0,0,0,0,0,0,0,0,0,0,0,0,0,0,0,0,0,0,0,0,0,0,0,0,0,0,0,0,0,0,0,0,0,0,0,0,0,0,0,0,0,0,0,0,0,0,0,0,0,0,0,0,0,0,0
0,0,0,0,0,0,0,0,0,0,0,0,0,0,0,0,0,0,0,0,0,0,0,0,0,0,0,0,0,0,0,0,0,0,0,0,0,0,0,0,0,0,0,0,0,0,0,0,0,0,0,0,0,0,0,0,0,0,0,0,0,0,0,0,0,0,0,0,94,63,50,43,38,35,32,30,26,27,29,28,26,28,27,24,22,23,26,26,29,38,59,90,102,105,106,108,113,114,113,114,114,114,114,114,114,114,114,115,119,113,106,98,88,67,48,37,31,26,26,28,25,23,23,26,27,28,30,30,31,40,51,68,99,0,0,0,0,0,0,0,0,0,0,0,0,0,0,0,0,0,0,0,0,0,0,0,0,0,0,0,0,0,0,0,0,0,0,0,0,0,0,0,0,0,0,0,0,0,0,0,0,0,0,0,0,0,0,0,0,0,0,0,0,0,0,0,0
0,0,0,0,0,0,0,0,0,0,0,0,0,0,0,0,0,0,0,0,0,0,0,0,0,0,0,0,0,0,0,0,0,0,0,0,0,0,0,0,0,0,0,0,0,0,0,0,0,0,0,0,0,0,0,0,0,0,0,0,0,0,0,0,0,0,0,114,76,55,42,36,35,32,30,29,28,27,25,26,29,28,24,22,24,26,25,28,37,55,78,101,108,106,108,110,108,111,114,113,114,114,114,114,114,114,115,116,117,114,110,104,94,76,57,44,32,26,24,23,23,27,29,29,29,27,27,29,32,34,41,58,79,0,0,0,0,0,0,0,0,0,0,0,0,0,0,0,0,0,0,0,0,0,0,0,0,0,0,0,0,0,0,0,0,0,0,0,0,0,0,0,0,0,0,0,0,0,0,0,0,0,0,0,0,0,0,0,0,0,0,0,0,0,0,0,0
0,0,0,0,0,0,0,0,0,0,0,0,0,0,0,0,0,0,0,0,0,0,0,0,0,0,0,0,0,0,0,0,0,0,0,0,0,0,0,0,0,0,0,0,0,0,0,0,0,0,0,0,0,0,0,0,0,0,0,0,0,0,0,0,0,0,0,92,74,54,40,36,35,31,30,29,29,27,24,25,30,28,23,24,28,29,25,29,45,73,97,112,112,107,110,111,105,110,115,113,114,114,114,114,114,114,115,116,115,116,115,109,100,87,69,53,39,28,23,22,23,29,31,29,29,26,25,30,33,30,34,52,63,95,0,0,0,0,0,0,0,0,0,0,0,0,0,0,0,0,0,0,0,0,0,0,0,0,0,0,0,0,0,0,0,0,0,0,0,0,0,0,0,0,0,0,0,0,0,0,0,0,0,0,0,0,0,0,0,0,0,0,0,0,0,0,0
0,0,0,0,0,0,0,0,0,0,0,0,0,0,0,0,0,0,0,0,0,0,0,0,0,0,0,0,0,0,0,0,0,0,0,0,0,0,0,0,0,0,0,0,0,0,0,0,0,0,0,0,0,0,0,0,0,0,0,0,0,0,0,0,0,0,108,75,69,51,39,34,34,32,31,31,27,27,26,27,29,28,25,26,25,27,30,38,55,83,107,119,114,108,111,111,106,110,115,113,114,114,114,114,114,114,114,115,118,121,121,116,108,98,80,63,51,36,27,24,25,29,30,29,27,24,24,28,32,29,32,45,49,73,0,0,0,0,0,0,0,0,0,0,0,0,0,0,0,0,0,0,0,0,0,0,0,0,0,0,0,0,0,0,0,0,0,0,0,0,0,0,0,0,0,0,0,0,0,0,0,0,0,0,0,0,0,0,0,0,0,0,0,0,0,0,0
0,0,0,0,0,0,0,0,0,0,0,0,0,0,0,0,0,0,0,0,0,0,0,0,0,0,0,0,0,0,0,0,0,0,0,0,0,0,0,0,0,0,0,0,0,0,0,0,0,0,0,0,0,0,0,0,0,0,0,0,0,0,0,0,0,0,85,65,60,48,39,33,34,34,30,30,28,27,26,26,28,29,26,25,25,24,35,51,72,96,113,121,115,109,111,111,108,110,115,113,114,114,114,114,114,113,114,115,118,120,119,117,112,103,88,74,58,43,31,25,23,27,29,27,27,25,24,26,29,29,30,36,39,51,84,0,0,0,0,0,0,0,0,0,0,0,0,0,0,0,0,0,0,0,0,0,0,0,0,0,0,0,0,0,0,0,0,0,0,0,0,0,0,0,0,0,0,0,0,0,0,0,0,0,0,0,0,0,0,0,0,0,0,0,0,0,0
0,0,0,0,0,0,0,0,0,0,0,0,0,0,0,0,0,0,0,0,0,0,0,0,0,0,0,0,0,0,0,0,0,0,0,0,0,0,0,0,0,0,0,0,0,0,0,0,0,0,0,0,0,0,0,0,0,0,0,0,0,0,0,0,0,109,75,59,49,42,36,32,34,33,30,29,28,26,24,26,30,29,23,25,28,31,45,68,86,101,115,118,116,111,112,113,110,111,115,114,114,114,114,114,114,114,115,115,117,118,118,115,114,106,95,80,65,51,36,26,24,27,28,26,26,24,24,25,28,29,28,31,36,43,62,0,0,0,0,0,0,0,0,0,0,0,0,0,0,0,0,0,0,0,0,0,0,0,0,0,0,0,0,0,0,0,0,0,0,0,0,0,0,0,0,0,0,0,0,0,0,0,0,0,0,0,0,0,0,0,0,0,0,0,0,0,0
0,0,0,0,0,0,0,0,0,0,0,0,0,0,0,0,0,0,0,0,0,0,0,0,0,0,0,0,0,0,0,0,0,0,0,0,0,0,0,0,0,0,0,0,0,0,0,0,0,0,0,0,0,0,0,0,0,0,0,0,0,0,0,0,0,84,60,48,39,34,31,30,33,32,30,30,27,26,25,27,29,28,25,23,27,34,57,86,100,107,115,116,116,112,113,113,111,112,115,114,114,114,114,114,114,114,115,115,115,116,117,115,118,113,103,90,76,62,44,29,24,25,26,25,25,25,25,24,25,27,26,26,30,40,55,87,0,0,0,0,0,0,0,0,0,0,0,0,0,0,0,0,0,0,0,0,0,0,0,0,0,0,0,0,0,0,0,0,0,0,0,0,0,0,0,0,0,0,0,0,0,0,0,0,0,0,0,0,0,0,0,0,0,0,0,0,0
0,0,0,0,0,0,0,0,0,0,0,0,0,0,0,0,0,0,0,0,0,0,0,0,0,0,0,0,0,0,0,0,0,0,0,0,0,0,0,0,0,0,0,0,0,0,0,0,0,0,0,0,0,0,0,0,0,0,0,0,0,0,0,0,99,63,48,43,36,29,26,27,31,31,28,28,27,27,26,28,28,29,29,24,31,41,69,100,111,112,117,116,115,113,113,114,113,113,114,114,114,114,114,114,114,114,115,115,116,118,117,118,124,120,109,98,84,71,53,37,29,28,26,24,25,26,25,22,22,27,29,27,28,37,50,70,0,0,0,0,0,0,0,0,0,0,0,0,0,0,0,0,0,0,0,0,0,0,0,0,0,0,0,0,0,0,0,0,0,0,0,0,0,0,0,0,0,0,0,0,0,0,0,0,0,0,0,0,0,0,0,0,0,0,0,0,0
0,0,0,0,0,0,0,0,0,0,0,0,0,0,0,0,0,0,0,0,0,0,0,0,0,0,0,0,0,0,0,0,0,0,0,0,0,0,0,0,0,0,0,0,0,0,0,0,0,0,0,0,0,0,0,0,0,0,0,0,0,0,0,125,72,53,41,39,37,32,29,29,30,29,27,28,25,25,25,28,29,29,28,25,34,51,80,107,117,117,119,118,115,114,114,114,114,114,114,114,114,114,114,114,114,114,114,115,116,116,116,118,125,122,112,102,91,77,58,41,32,28,25,24,25,26,25,21,21,27,31,29,30,38,49,53,80,0,0,0,0,0,0,0,0,0,0,0,0,0,0,0,0,0,0,0,0,0,0,0,0,0,0,0,0,0,0,0,0,0,0,0,0,0,0,0,0,0,0,0,0,0,0,0,0,0,0,0,0,0,0,0,0,0,0,0,0
0,0,0,0,0,0,0,0,0,0,0,0,0,0,0,0,0,0,0,0,0,0,0,0,0,0,0,0,0,0,0,0,0,0,0,0,0,0,0,0,0,0,0,0,0,0,0,0,0,0,0,0,0,0,0,0,0,0,0,0,0,0,0,94,61,49,40,39,36,32,31,30,30,27,25,24,23,23,25,28,30,27,23,26,44,68,93,111,117,118,118,117,116,116,115,114,114,114,113,114,114,114,114,114,114,114,114,114,114,114,114,116,119,116,111,105,98,85,65,47,36,29,25,26,25,25,26,23,22,26,30,29,33,38,45,48,69,0,0,0,0,0,0,0,0,0,0,0,0,0,0,0,0,0,0,0,0,0,0,0,0,0,0,0,0,0,0,0,0,0,0,0,0,0,0,0,0,0,0,0,0,0,0,0,0,0,0,0,0,0,0,0,0,0,0,0,0
0,0,0,0,0,0,0,0,0,0,0,0,0,0,0,0,0,0,0,0,0,0,0,0,0,0,0,0,0,0,0,0,0,0,0,0,0,0,0,0,0,0,0,0,0,0,0,0,0,0,0,0,0,0,0,0,0,0,0,0,0,0,118,78,59,47,42,40,34,30,30,28,28,26,24,22,22,23,26,29,30,26,23,31,58,85,104,111,114,115,116,116,116,116,114,114,114,114,114,114,114,114,114,114,114,114,114,114,114,114,114,115,114,112,113,111,107,97,78,58,42,31,25,27,27,25,25,24,24,25,30,29,32,34,38,48,66,84,0,0,0,0,0,0,0,0,0,0,0,0,0,0,0,0,0,0,0,0,0,0,0,0,0,0,0,0,0,0,0,0,0,0,0,0,0,0,0,0,0,0,0,0,0,0,0,0,0,0,0,0,0,0,0,0,0,0,0
0,0,0,0,0,0,0,0,0,0,0,0,0,0,0,0,0,0,0,0,0,0,0,0,0,0,0,0,0,0,0,0,0,0,0,0,0,0,0,0,0,0,0,0,0,0,0,0,0,0,0,0,0,0,0,0,0,0,0,0,0,0,85,62,55,44,40,35,33,30,30,29,28,25,24,24,22,23,25,29,28,25,30,46,70,94,109,113,115,116,117,116,116,116,114,114,114,114,114,114,114,114,115,114,114,113,114,114,114,114,114,115,115,114,116,119,117,109,91,67,49,35,26,26,27,24,23,23,24,24,29,29,28,29,31,39,50,64,95,0,0,0,0,0,0,0,0,0,0,0,0,0,0,0,0,0,0,0,0,0,0,0,0,0,0,0,0,0,0,0,0,0,0,0,0,0,0,0,0,0,0,0,0,0,0,0,0,0,0,0,0,0,0,0,0,0,0
0,0,0,0,0,0,0,0,0,0,0,0,0,0,0,0,0,0,0,0,0,0,0,0,0,0,0,0,0,0,0,0,0,0,0,0,0,0,0,0,0,0,0,0,0,0,0,0,0,0,0,0,0,0,0,0,0,0,0,0,0,111,66,53,53,44,41,36,33,28,29,29,28,25,23,22,23,25,25,29,27,26,41,62,85,103,114,116,117,117,118,116,116,116,114,114,114,114,114,114,113,114,115,115,113,113,114,115,115,116,113,114,115,114,115,119,119,114,99,76,59,44,32,28,28,24,23,23,26,25,29,29,27,24,28,32,35,44,62,0,0,0,0,0,0,0,0,0,0,0,0,0,0,0,0,0,0,0,0,0,0,0,0,0,0,0,0,0,0,0,0,0,0,0,0,0,0,0,0,0,0,0,0,0,0,0,0,0,0,0,0,0,0,0,0,0,0
0,0,0,0,0,0,0,0,0,0,0,0,0,0,0,0,0,0,0,0,0,0,0,0,0,0,0,0,0,0,0,0,0,0,0,0,0,0,0,0,0,0,0,0,0,0,0,0,0,0,0,0,0,0,0,0,0,0,0,0,0,95,61,56,55,46,40,35,31,29,30,31,29,26,24,23,25,27,28,28,26,30,53,81,100,114,119,119,118,119,117,118,116,116,114,114,114,114,114,113,113,114,117,116,113,112,113,116,113,116,111,111,115,112,115,117,119,115,104,84,66,51,40,33,30,24,22,23,24,25,28,29,29,26,29,36,43,51,70,115,0,0,0,0,0,0,0,0,0,0,0,0,0,0,0,0,0,0,0,0,0,0,0,0,0,0,0,0,0,0,0,0,0,0,0,0,0,0,0,0,0,0,0,0,0,0,0,0,0,0,0,0,0,0,0,0,0
0,0,0,0,0,0,0,0,0,0,0,0,0,0,0,0,0,0,0,0,0,0,0,0,0,0,0,0,0,0,0,0,0,0,0,0,0,0,0,0,0,0,0,0,0,0,0,0,0,0,0,0,0,0,0,0,0,0,0,0,127,79,56,52,49,42,36,33,32,29,30,30,28,25,24,23,27,28,28,27,30,43,69,98,113,122,123,121,119,119,118,119,116,116,114,114,114,114,114,113,113,114,117,117,113,112,112,115,113,116,114,110,113,115,114,112,115,120,105,91,77,58,47,40,31,25,24,23,25,25,27,29,30,30,31,35,38,39,55,90,0,0,0,0,0,0,0,0,0,0,0,0,0,0,0,0,0,0,0,0,0,0,0,0,0,0,0,0,0,0,0,0,0,0,0,0,0,0,0,0,0,0,0,0,0,0,0,0,0,0,0,0,0,0,0,0,0
0,0,0,0,0,0,0,0,0,0,0,0,0,0,0,0,0,0,0,0,0,0,0,0,0,0,0,0,0,0,0,0,0,0,0,0,0,0,0,0,0,0,0,0,0,0,0,0,0,0,0,0,0,0,0,0,0,0,0,141,101,65,51,44,38,35,30,32,30,29,30,31,31,28,27,25,27,26,27,29,39,58,83,108,118,122,121,120,120,119,118,118,117,116,114,114,114,114,114,113,112,114,118,117,113,110,112,115,114,114,117,112,110,116,115,114,113,119,106,97,85,68,54,42,34,26,23,23,25,25,26,28,30,31,30,31,33,34,50,77,88,0,0,0,0,0,0,0,0,0,0,0,0,0,0,0,0,0,0,0,0,0,0,0,0,0,0,0,0,0,0,0,0,0,0,0,0,0,0,0,0,0,0,0,0,0,0,0,0,0,0,0,0,0,0,0,0
0,0,0,0,0,0,0,0,0,0,0,0,0,0,0,0,0,0,0,0,0,0,0,0,0,0,0,0,0,0,0,0,0,0,0,0,0,0,0,0,0,0,0,0,0,0,0,0,0,0,0,0,0,0,0,0,0,0,0,96,81,55,45,36,28,28,28,30,28,29,31,31,30,28,26,25,25,27,30,33,47,71,92,109,115,116,115,115,118,119,118,117,116,116,114,114,114,114,114,113,112,114,118,117,112,110,112,116,113,113,118,114,111,118,117,114,113,113,111,108,96,83,61,48,40,28,24,25,25,24,25,27,28,30,28,30,33,37,48,62,69,0,0,0,0,0,0,0,0,0,0,0,0,0,0,0,0,0,0,0,0,0,0,0,0,0,0,0,0,0,0,0,0,0,0,0,0,0,0,0,0,0,0,0,0,0,0,0,0,0,0,0,0,0,0,0,0
0,0,0,0,0,0,0,0,0,0,0,0,0,0,0,0,0,0,0,0,0,0,0,0,0,0,0,0,0,0,0,0,0,0,0,0,0,0,0,0,0,0,0,0,0,0,0,0,0,0,0,0,0,0,0,0,0,0,133,83,70,50,40,33,27,26,26,28,28,29,31,30,29,27,27,29,27,28,30,38,56,76,92,103,110,112,112,110,113,115,115,114,115,115,114,114,115,115,115,113,112,115,118,117,112,110,113,116,116,113,116,118,115,114,114,114,112,114,120,112,100,93,66,55,45,29,26,27,24,22,23,25,27,28,27,29,34,42,43,46,56,88,0,0,0,0,0,0,0,0,0,0,0,0,0,0,0,0,0,0,0,0,0,0,0,0,0,0,0,0,0,0,0,0,0,0,0,0,0,0,0,0,0,0,0,0,0,0,0,0,0,0,0,0,0,0,0
0,0,0,0,0,0,0,0,0,0,0,0,0,0,0,0,0,0,0,0,0,0,0,0,0,0,0,0,0,0,0,0,0,0,0,0,0,0,0,0,0,0,0,0,0,0,0,0,0,0,0,0,0,0,0,0,0,0,95,73,63,45,35,34,31,27,27,27,28,31,33,32,30,26,28,30,30,29,31,39,54,71,86,97,106,113,114,111,111,114,114,113,115,115,114,114,115,115,115,114,113,115,117,116,113,111,113,115,117,115,111,116,122,113,109,111,109,113,123,116,100,92,69,57,48,27,21,22,22,21,22,24,27,28,29,28,30,39,40,42,49,71,0,0,0,0,0,0,0,0,0,0,0,0,0,0,0,0,0,0,0,0,0,0,0,0,0,0,0,0,0,0,0,0,0,0,0,0,0,0,0,0,0,0,0,0,0,0,0,0,0,0,0,0,0,0,0
0,0,0,0,0,0,0,0,0,0,0,0,0,0,0,0,0,0,0,0,0,0,0,0,0,0,0,0,0,0,0,0,0,0,0,0,0,0,0,0,0,0,0,0,0,0,0,0,0,0,0,0,0,0,0,0,0,124,79,58,51,39,31,32,31,29,30,29,29,30,31,30,29,25,24,24,22,28,33,34,44,64,82,94,108,116,118,114,114,118,116,117,114,115,114,114,115,115,115,114,113,115,116,116,113,111,114,114,116,113,114,112,105,106,119,114,111,104,112,121,117,108,82,62,46,25,16,17,20,21,21,23,25,27,30,29,29,34,35,38,41,62,95,0,0,0,0,0,0,0,0,0,0,0,0,0,0,0,0,0,0,0,0,0,0,0,0,0,0,0,0,0,0,0,0,0,0,0,0,0,0,0,0,0,0,0,0,0,0,0,0,0,0,0,0,0,0
0,0,0,0,0,0,0,0,0,0,0,0,0,0,0,0,0,0,0,0,0,0,0,0,0,0,0,0,0,0,0,0,0,0,0,0,0,0,0,0,0,0,0,0,0,0,0,0,0,0,0,0,0,0,0,0,0,108,64,50,43,37,33,31,28,29,30,29,27,25,25,27,30,27,24,23,21,24,35,42,55,73,87,100,109,116,115,111,111,116,114,115,114,114,114,114,115,115,116,115,113,115,115,115,113,112,114,114,112,114,111,110,112,109,119,118,112,112,116,117,112,100,71,52,42,26,18,18,20,20,20,23,25,26,28,30,31,33,34,35,37,55,77,0,0,0,0,0,0,0,0,0,0,0,0,0,0,0,0,0,0,0,0,0,0,0,0,0,0,0,0,0,0,0,0,0,0,0,0,0,0,0,0,0,0,0,0,0,0,0,0,0,0,0,0,0,0
0,0,0,0,0,0,0,0,0,0,0,0,0,0,0,0,0,0,0,0,0,0,0,0,0,0,0,0,0,0,0,0,0,0,0,0,0,0,0,0,0,0,0,0,0,0,0,0,0,0,0,0,0,0,0,0,118,86,53,39,38,38,34,29,29,28,32,28,24,23,23,25,29,27,23,23,22,26,34,48,66,88,97,103,110,112,113,111,111,115,113,114,114,114,114,114,115,115,115,115,115,115,113,113,114,115,113,113,111,111,111,111,114,113,119,117,117,115,117,116,107,98,67,56,44,32,26,23,21,20,21,23,24,23,25,30,33,30,30,34,37,45,54,79,0,0,0,0,0,0,0,0,0,0,0,0,0,0,0,0,0,0,0,0,0,0,0,0,0,0,0,0,0,0,0,0,0,0,0,0,0,0,0,0,0,0,0,0,0,0,0,0,0,0,0,0,0
0,0,0,0,0,0,0,0,0,0,0,0,0,0,0,0,0,0,0,0,0,0,0,0,0,0,0,0,0,0,0,0,0,0,0,0,0,0,0,0,0,0,0,0,0,0,0,0,0,0,0,0,0,0,0,145,93,66,47,40,36,35,33,30,30,30,34,30,24,24,23,23,26,26,24,28,30,36,54,80,99,112,115,110,112,112,114,114,114,116,115,115,115,114,114,114,115,115,115,115,116,115,112,113,115,116,114,113,110,110,112,113,117,117,122,121,120,114,113,111,104,96,72,64,61,51,44,37,29,22,21,22,25,23,24,30,32,28,28,35,40,44,45,60,0,0,0,0,0,0,0,0,0,0,0,0,0,0,0,0,0,0,0,0,0,0,0,0,0,0,0,0,0,0,0,0,0,0,0,0,0,0,0,0,0,0,0,0,0,0,0,0,0,0,0,0,0
0,0,0,0,0,0,0,0,0,0,0,0,0,0,0,0,0,0,0,0,0,0,0,0,0,0,0,0,0,0,0,0,0,0,0,0,0,0,0,0,0,0,0,0,0,0,0,0,0,0,0,0,0,0,0,113,83,58,42,40,34,34,33,30,30,31,34,29,27,27,28,26,27,25,23,31,41,55,82,108,118,121,125,118,114,113,117,118,117,116,114,113,114,114,114,114,115,115,115,115,116,115,112,113,115,116,114,113,111,110,112,114,118,120,122,122,120,113,110,110,107,102,89,85,85,75,66,53,39,26,22,23,25,23,24,28,30,26,28,35,39,41,41,50,81,0,0,0,0,0,0,0,0,0,0,0,0,0,0,0,0,0,0,0,0,0,0,0,0,0,0,0,0,0,0,0,0,0,0,0,0,0,0,0,0,0,0,0,0,0,0,0,0,0,0,0,0
0,0,0,0,0,0,0,0,0,0,0,0,0,0,0,0,0,0,0,0,0,0,0,0,0,0,0,0,0,0,0,0,0,0,0,0,0,0,0,0,0,0,0,0,0,0,0,0,0,0,0,0,0,0,132,69,50,50,46,41,32,32,32,29,26,27,30,25,23,23,25,26,28,25,23,36,49,75,102,120,119,117,124,120,118,115,117,115,113,111,112,113,113,113,114,114,115,115,115,115,115,115,113,113,114,115,114,114,114,113,114,115,116,118,117,119,117,111,110,113,113,111,108,106,102,92,79,62,44,29,22,23,25,26,25,24,25,25,27,32,31,34,39,49,67,0,0,0,0,0,0,0,0,0,0,0,0,0,0,0,0,0,0,0,0,0,0,0,0,0,0,0,0,0,0,0,0,0,0,0,0,0,0,0,0,0,0,0,0,0,0,0,0,0,0,0,0
0,0,0,0,0,0,0,0,0,0,0,0,0,0,0,0,0,0,0,0,0,0,0,0,0,0,0,0,0,0,0,0,0,0,0,0,0,0,0,0,0,0,0,0,0,0,0,0,0,0,0,0,0,0,103,66,47,45,40,33,30,30,30,27,24,24,26,23,22,25,28,26,24,21,27,50,67,95,110,120,119,116,117,115,116,113,114,112,110,110,112,113,113,113,114,114,114,114,114,114,113,114,115,114,113,113,114,115,117,116,116,115,113,114,112,114,116,114,114,117,118,117,116,114,110,100,85,66,47,32,23,23,24,26,25,21,22,24,25,28,31,32,36,45,56,75,0,0,0,0,0,0,0,0,0,0,0,0,0,0,0,0,0,0,0,0,0,0,0,0,0,0,0,0,0,0,0,0,0,0,0,0,0,0,0,0,0,0,0,0,0,0,0,0,0,0,0
0,0,0,0,0,0,0,0,0,0,0,0,0,0,0,0,0,0,0,0,0,0,0,0,0,0,0,0,0,0,0,0,0,0,0,0,0,0,0,0,0,0,0,0,0,0,0,0,0,0,0,0,0,124,63,62,43,41,36,31,29,29,29,28,24,24,26,24,23,28,31,26,21,23,41,70,83,105,112,116,116,113,109,110,112,111,112,111,111,112,113,111,113,113,114,114,114,114,114,114,112,114,117,115,112,111,114,115,117,116,116,115,113,112,110,112,113,115,118,121,123,120,118,114,111,103,90,74,55,39,28,25,24,23,24,22,24,26,26,28,31,31,31,37,47,61,0,0,0,0,0,0,0,0,0,0,0,0,0,0,0,0,0,0,0,0,0,0,0,0,0,0,0,0,0,0,0,0,0,0,0,0,0,0,0,0,0,0,0,0,0,0,0,0,0,0,0
0,0,0,0,0,0,0,0,0,0,0,0,0,0,0,0,0,0,0,0,0,0,0,0,0,0,0,0,0,0,0,0,0,0,0,0,0,0,0,0,0,0,0,0,0,0,0,0,0,0,0,0,0,81,44,53,38,40,37,34,30,29,30,29,27,26,26,25,29,32,28,22,25,35,54,76,89,104,110,113,113,110,105,109,113,112,111,111,111,113,113,113,113,113,114,114,114,114,114,114,112,114,117,115,112,110,113,115,115,115,115,114,114,112,111,112,113,112,109,108,109,111,114,116,112,106,97,86,69,52,37,30,25,22,22,23,25,27,27,30,29,29,29,34,45,57,83,0,0,0,0,0,0,0,0,0,0,0,0,0,0,0,0,0,0,0,0,0,0,0,0,0,0,0,0,0,0,0,0,0,0,0,0,0,0,0,0,0,0,0,0,0,0,0,0,0,0
0,0,0,0,0,0,0,0,0,0,0,0,0,0,0,0,0,0,0,0,0,0,0,0,0,0,0,0,0,0,0,0,0,0,0,0,0,0,0,0,0,0,0,0,0,0,0,0,0,0,0,0,109,59,47,45,36,37,40,35,30,29,30,30,28,26,24,24,30,32,26,21,31,50,71,88,99,105,109,109,111,109,105,108,112,112,111,112,111,112,112,114,113,113,113,113,113,113,113,113,112,114,117,115,112,111,114,114,115,114,113,113,114,111,111,112,112,112,110,109,110,111,112,113,113,108,103,96,81,63,44,34,28,22,21,22,24,26,26,28,27,27,27,30,38,47,61,91,0,0,0,0,0,0,0,0,0,0,0,0,0,0,0,0,0,0,0,0,0,0,0,0,0,0,0,0,0,0,0,0,0,0,0,0,0,0,0,0,0,0,0,0,0,0,0,0,0
0,0,0,0,0,0,0,0,0,0,0,0,0,0,0,0,0,0,0,0,0,0,0,0,0,0,0,0,0,0,0,0,0,0,0,0,0,0,0,0,0,0,0,0,0,0,0,0,0,0,0,155,97,67,52,40,34,33,36,34,30,29,30,33,29,27,26,26,29,32,22,20,35,58,83,99,106,109,111,111,112,111,110,111,112,112,112,112,112,112,112,112,112,113,113,113,113,113,113,112,112,113,114,113,112,111,111,112,113,113,113,112,112,112,112,112,113,114,113,112,113,113,113,114,112,107,105,100,84,69,43,37,29,22,21,22,23,23,27,27,27,28,28,26,37,45,51,83,0,0,0,0,0,0,0,0,0,0,0,0,0,0,0,0,0,0,0,0,0,0,0,0,0,0,0,0,0,0,0,0,0,0,0,0,0,0,0,0,0,0,0,0,0,0,0,0,0
0,0,0,0,0,0,0,0,0,0,0,0,0,0,0,0,0,0,0,0,0,0,0,0,0,0,0,0,0,0,0,0,0,0,0,0,0,0,0,0,0,0,0,0,0,0,0,0,0,0,0,120,72,51,46,40,33,30,31,31,31,30,30,32,31,28,25,26,30,29,19,22,43,72,97,108,110,112,112,112,112,112,111,112,112,112,112,112,112,112,112,112,113,113,113,113,113,113,113,113,112,113,114,113,112,112,112,112,113,113,113,112,112,112,112,113,113,114,115,115,115,115,114,114,113,109,108,102,89,77,52,41,33,23,21,21,22,22,27,25,25,28,26,23,35,42,44,62,106,0,0,0,0,0,0,0,0,0,0,0,0,0,0,0,0,0,0,0,0,0,0,0,0,0,0,0,0,0,0,0,0,0,0,0,0,0,0,0,0,0,0,0,0,0,0,0,0
0,0,0,0,0,0,0,0,0,0,0,0,0,0,0,0,0,0,0,0,0,0,0,0,0,0,0,0,0,0,0,0,0,0,0,0,0,0,0,0,0,0,0,0,0,0,0,0,0,0,149,84,67,48,45,40,34,30,31,32,32,32,32,32,32,28,26,27,29,27,24,35,57,83,105,110,112,113,112,112,112,112,112,112,112,112,112,112,112,112,112,112,112,112,112,112,112,112,112,112,112,113,113,112,112,112,112,112,112,112,112,112,112,112,113,113,113,115,115,115,115,115,115,115,113,110,109,105,94,83,62,50,41,29,23,22,23,22,27,23,23,28,24,23,35,39,39,46,74,0,0,0,0,0,0,0,0,0,0,0,0,0,0,0,0,0,0,0,0,0,0,0,0,0,0,0,0,0,0,0,0,0,0,0,0,0,0,0,0,0,0,0,0,0,0,0,0
0,0,0,0,0,0,0,0,0,0,0,0,0,0,0,0,0,0,0,0,0,0,0,0,0,0,0,0,0,0,0,0,0,0,0,0,0,0,0,0,0,0,0,0,0,0,0,0,0,0,104,57,62,44,40,36,33,30,30,30,32,32,33,32,32,29,27,26,23,21,28,51,73,94,109,111,112,112,112,112,112,112,112,112,112,112,112,112,112,112,112,112,112,112,112,112,112,112,112,112,112,112,112,112,112,112,112,112,111,112,112,112,112,112,113,113,113,115,115,114,115,115,115,115,113,110,111,109,99,86,71,60,47,32,24,22,23,22,28,23,21,26,22,22,35,36,34,40,58,95,0,0,0,0,0,0,0,0,0,0,0,0,0,0,0,0,0,0,0,0,0,0,0,0,0,0,0,0,0,0,0,0,0,0,0,0,0,0,0,0,0,0,0,0,0,0,0
0,0,0,0,0,0,0,0,0,0,0,0,0,0,0,0,0,0,0,0,0,0,0,0,0,0,0,0,0,0,0,0,0,0,0,0,0,0,0,0,0,0,0,0,0,0,0,0,0,144,77,51,54,39,37,35,33,32,31,31,32,30,30,29,30,29,28,25,20,18,34,65,88,101,112,115,113,112,112,112,112,112,112,112,112,112,112,112,112,112,112,112,112,112,112,112,112,112,112,112,112,112,112,112,112,112,112,112,112,112,112,112,112,112,113,113,113,115,116,115,116,115,115,115,115,113,113,112,103,93,80,67,52,36,27,24,23,22,27,22,21,24,21,22,35,34,28,36,43,72,0,0,0,0,0,0,0,0,0,0,0,0,0,0,0,0,0,0,0,0,0,0,0,0,0,0,0,0,0,0,0,0,0,0,0,0,0,0,0,0,0,0,0,0,0,0,0
0,0,0,0,0,0,0,0,0,0,0,0,0,0,0,0,0,0,0,0,0,0,0,0,0,0,0,0,0,0,0,0,0,0,0,0,0,0,0,0,0,0,0,0,0,0,0,0,0,105,69,57,48,35,34,32,31,31,30,30,29,28,28,27,25,25,27,26,24,25,46,80,100,106,112,114,113,112,112,112,112,112,112,112,112,112,112,112,112,112,112,112,112,112,112,112,112,112,112,112,112,112,112,112,112,112,112,112,112,112,112,112,112,112,113,113,113,115,115,114,115,115,114,115,115,114,113,112,107,102,89,73,57,40,30,26,25,24,27,23,21,24,21,22,35,33,23,31,36,52,89,0,0,0,0,0,0,0,0,0,0,0,0,0,0,0,0,0,0,0,0,0,0,0,0,0,0,0,0,0,0,0,0,0,0,0,0,0,0,0,0,0,0,0,0,0,0
0,0,0,0,0,0,0,0,0,0,0,0,0,0,0,0,0,0,0,0,0,0,0,0,0,0,0,0,0,0,0,0,0,0,0,0,0,0,0,0,0,0,0,0,0,0,0,0,135,78,63,52,40,31,31,31,31,32,30,28,28,27,27,27,24,23,26,30,31,38,61,93,112,114,113,112,113,111,112,112,112,112,112,112,112,112,112,112,112,112,112,112,112,112,112,112,112,112,112,112,112,113,113,111,111,113,113,112,112,112,112,112,112,112,112,112,112,114,113,113,113,113,113,114,114,113,112,111,108,107,95,81,65,47,35,29,25,26,26,25,21,24,21,21,30,29,21,28,34,48,66,0,0,0,0,0,0,0,0,0,0,0,0,0,0,0,0,0,0,0,0,0,0,0,0,0,0,0,0,0,0,0,0,0,0,0,0,0,0,0,0,0,0,0,0,0,0
0,0,0,0,0,0,0,0,0,0,0,0,0,0,0,0,0,0,0,0,0,0,0,0,0,0,0,0,0,0,0,0,0,0,0,0,0,0,0,0,0,0,0,0,0,0,0,166,97,67,57,43,34,28,31,30,29,30,29,29,29,27,25,27,27,26,27,32,37,51,76,101,115,115,114,114,113,111,111,112,112,112,112,111,112,111,111,111,111,111,111,111,111,111,111,111,111,111,111,111,111,113,113,111,110,113,113,111,111,111,111,111,111,111,112,112,112,113,113,113,113,113,113,113,114,113,113,112,108,107,98,90,79,59,43,33,26,26,23,23,23,25,22,22,27,25,21,31,40,43,54,81,0,0,0,0,0,0,0,0,0,0,0,0,0,0,0,0,0,0,0,0,0,0,0,0,0,0,0,0,0,0,0,0,0,0,0,0,0,0,0,0,0,0,0,0,0
0,0,0,0,0,0,0,0,0,0,0,0,0,0,0,0,0,0,0,0,0,0,0,0,0,0,0,0,0,0,0,0,0,0,0,0,0,0,0,0,0,0,0,0,0,0,0,122,82,64,41,32,33,30,32,31,28,27,26,29,28,24,24,23,26,28,27,30,41,62,84,105,113,112,111,112,112,112,112,111,112,112,112,111,111,111,111,111,111,111,111,111,111,111,111,111,111,111,111,111,111,114,114,110,110,115,115,111,111,111,111,111,111,111,111,111,111,112,112,112,112,112,112,112,112,112,112,111,109,107,103,97,86,71,53,36,29,25,22,23,24,24,23,24,26,24,25,32,38,39,41,70,0,0,0,0,0,0,0,0,0,0,0,0,0,0,0,0,0,0,0,0,0,0,0,0,0,0,0,0,0,0,0,0,0,0,0,0,0,0,0,0,0,0,0,0,0
0,0,0,0,0,0,0,0,0,0,0,0,0,0,0,0,0,0,0,0,0,0,0,0,0,0,0,0,0,0,0,0,0,0,0,0,0,0,0,0,0,0,0,0,0,0,153,83,64,52,31,33,36,32,32,30,26,24,24,26,27,24,22,22,25,27,28,32,52,78,98,109,110,109,108,108,111,112,112,112,112,112,112,111,111,111,111,111,111,111,111,111,111,111,111,111,111,111,111,111,111,115,114,110,110,115,115,111,111,111,111,111,111,111,111,111,111,111,111,111,111,111,112,112,111,112,113,112,109,107,106,104,100,85,64,44,33,27,21,22,21,22,23,24,27,28,30,35,38,35,37,52,83,0,0,0,0,0,0,0,0,0,0,0,0,0,0,0,0,0,0,0,0,0,0,0,0,0,0,0,0,0,0,0,0,0,0,0,0,0,0,0,0,0,0,0,0
0,0,0,0,0,0,0,0,0,0,0,0,0,0,0,0,0,0,0,0,0,0,0,0,0,0,0,0,0,0,0,0,0,0,0,0,0,0,0,0,0,0,0,0,0,0,123,66,51,44,34,36,35,29,28,27,25,25,24,27,27,25,23,21,22,27,31,41,63,89,106,111,108,107,108,109,111,112,112,112,112,112,112,111,111,111,110,110,110,110,110,110,110,110,110,110,110,110,110,110,111,115,114,110,110,115,115,111,110,110,110,110,110,110,110,110,110,110,111,111,111,111,111,111,112,112,113,112,111,110,110,109,105,93,73,53,39,31,21,21,21,22,24,25,26,29,30,33,34,33,35,42,61,0,0,0,0,0,0,0,0,0,0,0,0,0,0,0,0,0,0,0,0,0,0,0,0,0,0,0,0,0,0,0,0,0,0,0,0,0,0,0,0,0,0,0,0
0,0,0,0,0,0,0,0,0,0,0,0,0,0,0,0,0,0,0,0,0,0,0,0,0,0,0,0,0,0,0,0,0,0,0,0,0,0,0,0,0,0,0,0,0,145,98,55,42,35,31,36,34,27,26,26,26,26,25,27,26,24,22,21,21,29,38,53,76,99,113,113,108,108,111,112,112,112,112,112,112,112,112,111,111,111,110,110,110,110,110,110,110,110,110,110,110,110,110,110,111,113,113,111,111,113,113,111,110,110,110,110,110,110,110,110,110,110,110,110,110,110,111,111,112,112,113,113,112,112,111,109,106,98,82,63,47,37,24,23,22,21,23,25,26,28,29,31,32,31,32,40,54,81,0,0,0,0,0,0,0,0,0,0,0,0,0,0,0,0,0,0,0,0,0,0,0,0,0,0,0,0,0,0,0,0,0,0,0,0,0,0,0,0,0,0,0
0,0,0,0,0,0,0,0,0,0,0,0,0,0,0,0,0,0,0,0,0,0,0,0,0,0,0,0,0,0,0,0,0,0,0,0,0,0,0,0,0,0,0,0,0,101,82,51,34,26,29,37,33,27,25,25,26,28,27,28,23,22,21,21,21,33,47,64,85,107,117,114,108,109,112,112,112,112,112,112,112,112,112,111,111,111,110,110,110,110,110,110,110,110,110,110,110,110,110,111,112,111,111,112,112,111,111,112,111,111,110,110,110,110,110,110,110,110,110,110,110,110,110,111,111,112,114,113,112,112,111,108,105,98,86,70,51,41,26,25,24,23,25,26,26,28,28,28,23,30,35,36,43,66,0,0,0,0,0,0,0,0,0,0,0,0,0,0,0,0,0,0,0,0,0,0,0,0,0,0,0,0,0,0,0,0,0,0,0,0,0,0,0,0,0,0,0
0,0,0,0,0,0,0,0,0,0,0,0,0,0,0,0,0,0,0,0,0,0,0,0,0,0,0,0,0,0,0,0,0,0,0,0,0,0,0,0,0,0,0,0,116,72,67,45,33,23,26,37,32,26,24,24,25,28,27,28,24,24,24,22,23,39,59,77,92,107,114,113,110,110,111,111,111,112,112,112,112,112,112,111,111,111,110,110,110,110,110,110,110,110,110,110,110,110,110,111,113,110,110,113,113,110,110,112,111,110,110,110,110,110,110,110,110,110,110,110,110,110,110,110,110,111,112,111,111,111,110,106,104,100,95,82,63,50,31,28,25,24,25,25,25,26,24,23,23,25,34,36,37,52,77,0,0,0,0,0,0,0,0,0,0,0,0,0,0,0,0,0,0,0,0,0,0,0,0,0,0,0,0,0,0,0,0,0,0,0,0,0,0,0,0,0,0
0,0,0,0,0,0,0,0,0,0,0,0,0,0,0,0,0,0,0,0,0,0,0,0,0,0,0,0,0,0,0,0,0,0,0,0,0,0,0,0,0,0,0,98,88,58,51,38,31,27,31,34,32,28,26,24,24,26,25,25,26,27,28,25,31,53,77,90,99,108,110,112,112,111,111,111,111,112,112,112,112,112,111,110,111,111,110,110,110,110,110,109,110,109,109,110,110,109,110,111,112,109,109,113,113,110,109,111,111,111,110,110,110,110,111,111,110,110,110,111,110,110,110,110,111,110,109,109,110,110,108,105,105,104,104,94,75,59,36,28,28,25,25,27,28,28,27,28,28,26,31,32,34,45,57,0,0,0,0,0,0,0,0,0,0,0,0,0,0,0,0,0,0,0,0,0,0,0,0,0,0,0,0,0,0,0,0,0,0,0,0,0,0,0,0,0,0
0,0,0,0,0,0,0,0,0,0,0,0,0,0,0,0,0,0,0,0,0,0,0,0,0,0,0,0,0,0,0,0,0,0,0,0,0,0,0,0,0,0,0,78,76,60,42,32,32,31,31,34,30,28,27,25,24,26,25,25,27,26,27,28,42,71,91,96,101,110,110,110,110,110,111,111,111,111,112,111,111,112,111,110,110,110,110,110,110,110,110,110,110,109,110,110,110,109,110,111,112,109,109,111,112,109,109,111,109,109,109,109,109,109,110,110,111,110,111,111,111,110,110,110,110,110,110,110,108,107,106,106,106,106,108,99,81,67,43,32,28,22,21,25,27,24,24,29,28,29,30,29,31,40,47,71,0,0,0,0,0,0,0,0,0,0,0,0,0,0,0,0,0,0,0,0,0,0,0,0,0,0,0,0,0,0,0,0,0,0,0,0,0,0,0,0,0
0,0,0,0,0,0,0,0,0,0,0,0,0,0,0,0,0,0,0,0,0,0,0,0,0,0,0,0,0,0,0,0,0,0,0,0,0,0,0,0,0,0,74,78,75,60,38,32,32,31,29,29,28,28,27,23,26,28,24,25,27,30,29,28,48,79,94,98,103,109,107,108,110,108,110,111,110,112,109,110,111,112,110,110,109,109,107,108,113,110,109,110,110,108,111,109,109,111,109,111,110,109,109,112,111,108,109,110,109,109,109,109,108,108,110,111,111,110,111,112,112,110,109,110,110,111,111,112,107,106,106,105,105,105,105,101,90,71,54,33,29,21,19,21,22,22,21,28,28,24,28,29,30,34,42,67,0,0,0,0,0,0,0,0,0,0,0,0,0,0,0,0,0,0,0,0,0,0,0,0,0,0,0,0,0,0,0,0,0,0,0,0,0,0,0,0,0
0,0,0,0,0,0,0,0,0,0,0,0,0,0,0,0,0,0,0,0,0,0,0,0,0,0,0,0,0,0,0,0,0,0,0,0,0,0,0,0,0,0,93,86,74,56,34,31,30,26,24,25,27,27,26,23,26,28,25,26,24,25,27,35,63,95,104,104,107,113,113,111,110,112,112,112,110,112,109,108,109,113,109,108,111,109,104,105,112,116,109,111,111,109,109,109,108,110,108,110,110,109,109,111,110,108,110,110,109,109,109,109,108,108,110,111,111,110,111,112,111,110,110,110,107,107,108,109,107,108,107,108,107,105,107,107,97,78,64,46,34,23,19,19,20,20,20,24,26,23,29,30,27,28,40,62,80,0,0,0,0,0,0,0,0,0,0,0,0,0,0,0,0,0,0,0,0,0,0,0,0,0,0,0,0,0,0,0,0,0,0,0,0,0,0,0,0
0,0,0,0,0,0,0,0,0,0,0,0,0,0,0,0,0,0,0,0,0,0,0,0,0,0,0,0,0,0,0,0,0,0,0,0,0,0,0,0,0,114,107,81,63,46,30,30,28,23,23,23,26,26,24,23,25,28,24,23,25,29,35,53,84,113,118,115,114,114,113,112,111,113,112,112,110,110,108,109,108,110,109,109,108,107,103,102,105,111,107,110,108,108,108,108,107,108,111,109,110,109,109,110,109,108,109,109,108,108,108,108,107,108,110,110,112,110,111,112,111,110,111,109,108,108,107,108,110,113,113,117,113,113,116,115,106,87,76,56,42,29,21,19,20,21,22,25,25,23,29,29,26,26,38,52,64,101,0,0,0,0,0,0,0,0,0,0,0,0,0,0,0,0,0,0,0,0,0,0,0,0,0,0,0,0,0,0,0,0,0,0,0,0,0,0,0
0,0,0,0,0,0,0,0,0,0,0,0,0,0,0,0,0,0,0,0,0,0,0,0,0,0,0,0,0,0,0,0,0,0,0,0,0,0,0,0,0,120,100,65,50,37,32,31,28,24,24,22,24,26,25,25,25,28,25,26,31,39,48,71,93,114,120,116,111,109,109,112,112,111,111,110,108,108,106,105,105,106,109,107,105,103,105,104,101,105,110,108,107,111,111,108,111,105,109,108,109,110,110,110,110,109,109,109,108,107,108,108,107,107,108,108,110,109,110,110,110,110,109,108,109,110,109,110,112,114,114,113,109,110,113,112,105,92,84,64,52,35,25,21,20,23,24,27,25,23,25,28,30,31,36,44,51,74,0,0,0,0,0,0,0,0,0,0,0,0,0,0,0,0,0,0,0,0,0,0,0,0,0,0,0,0,0,0,0,0,0,0,0,0,0,0,0
0,0,0,0,0,0,0,0,0,0,0,0,0,0,0,0,0,0,0,0,0,0,0,0,0,0,0,0,0,0,0,0,0,0,0,0,0,0,0,0,134,114,81,47,36,27,33,30,27,24,24,23,24,24,23,23,21,23,22,24,27,39,55,88,105,115,118,113,109,106,109,112,111,109,109,109,105,105,105,105,104,101,109,110,106,104,109,109,100,103,109,105,105,113,110,107,113,106,106,108,109,110,111,111,111,110,110,109,108,108,108,108,107,106,106,105,106,108,107,106,107,108,108,110,115,118,118,118,117,116,115,109,108,108,109,109,105,97,93,76,62,44,31,25,21,20,21,23,26,23,22,27,34,35,33,40,44,56,99,0,0,0,0,0,0,0,0,0,0,0,0,0,0,0,0,0,0,0,0,0,0,0,0,0,0,0,0,0,0,0,0,0,0,0,0,0,0
0,0,0,0,0,0,0,0,0,0,0,0,0,0,0,0,0,0,0,0,0,0,0,0,0,0,0,0,0,0,0,0,0,0,0,0,0,0,0,168,121,89,59,34,31,23,32,30,28,24,24,24,24,25,24,23,19,19,22,27,30,43,62,95,105,106,102,98,93,84,88,90,91,92,91,96,103,106,108,109,107,102,109,109,106,104,107,106,99,108,107,109,108,110,107,108,109,109,109,110,108,110,109,109,110,109,109,109,108,108,108,108,107,106,106,104,105,109,107,104,106,108,110,115,124,128,127,126,122,119,117,107,107,108,108,108,107,103,99,86,73,54,39,30,23,18,18,20,22,25,25,27,33,36,32,35,36,48,79,0,0,0,0,0,0,0,0,0,0,0,0,0,0,0,0,0,0,0,0,0,0,0,0,0,0,0,0,0,0,0,0,0,0,0,0,0,0
0,0,0,0,0,0,0,0,0,0,0,0,0,0,0,0,0,0,0,0,0,0,0,0,0,0,0,0,0,0,0,0,0,0,0,0,0,0,0,140,84,57,46,37,30,23,27,25,23,20,20,20,20,21,25,24,17,15,23,33,36,50,68,86,92,87,77,72,61,54,57,67,67,69,70,78,86,90,94,94,97,102,106,104,104,102,102,100,99,111,109,111,111,105,106,110,105,110,110,109,109,108,106,106,108,108,109,109,108,108,108,108,107,108,108,106,108,111,108,106,109,111,111,114,116,117,113,109,108,106,104,96,96,96,94,93,94,95,92,87,71,54,39,30,22,17,16,17,21,26,28,28,29,32,33,31,33,43,63,102,0,0,0,0,0,0,0,0,0,0,0,0,0,0,0,0,0,0,0,0,0,0,0,0,0,0,0,0,0,0,0,0,0,0,0,0,0
0,0,0,0,0,0,0,0,0,0,0,0,0,0,0,0,0,0,0,0,0,0,0,0,0,0,0,0,0,0,0,0,0,0,0,0,0,0,160,94,62,50,41,36,31,25,25,24,23,22,23,20,22,22,24,24,19,17,24,31,44,49,49,39,36,29,15,10,16,22,27,42,38,37,40,43,42,45,55,64,70,79,89,102,102,105,104,99,96,104,106,106,103,99,104,108,106,109,107,108,110,108,104,104,108,109,110,111,110,109,109,108,108,109,110,109,111,112,110,108,111,112,110,108,110,102,85,70,66,64,61,57,57,53,50,55,63,71,77,85,64,51,40,33,27,23,20,20,22,24,28,30,27,27,33,30,30,34,51,77,0,0,0,0,0,0,0,0,0,0,0,0,0,0,0,0,0,0,0,0,0,0,0,0,0,0,0,0,0,0,0,0,0,0,0,0,0
0,0,0,0,0,0,0,0,0,0,0,0,0,0,0,0,0,0,0,0,0,0,0,0,0,0,0,0,0,0,0,0,0,0,0,0,0,0,127,78,59,52,36,30,27,34,24,24,24,23,23,23,23,24,24,22,21,21,23,28,27,27,27,19,18,18,19,17,20,21,20,32,29,25,23,25,25,28,32,39,43,58,65,75,79,86,87,91,93,97,104,104,100,97,105,109,109,111,109,111,110,108,103,104,109,105,112,113,112,108,107,106,109,108,107,109,109,109,109,107,115,111,105,91,69,46,28,20,18,16,12,14,16,16,16,21,31,40,45,55,58,50,39,35,28,27,25,21,21,22,23,26,27,27,28,32,31,35,40,55,87,0,0,0,0,0,0,0,0,0,0,0,0,0,0,0,0,0,0,0,0,0,0,0,0,0,0,0,0,0,0,0,0,0,0,0,0
0,0,0,0,0,0,0,0,0,0,0,0,0,0,0,0,0,0,0,0,0,0,0,0,0,0,0,0,0,0,0,0,0,0,0,0,0,160,96,63,51,43,34,31,28,32,22,23,23,23,23,22,22,22,21,21,23,24,22,22,20,16,14,8,12,18,24,27,28,27,25,28,24,20,16,14,16,14,15,19,22,27,33,40,45,54,63,76,84,91,100,107,105,105,110,115,116,106,107,107,107,111,106,104,102,100,99,110,113,111,108,108,108,105,104,107,109,109,106,95,89,74,54,34,14,7,5,6,6,6,8,12,13,15,18,26,32,41,46,50,49,43,36,33,29,28,25,21,18,18,20,22,24,25,26,30,34,37,36,39,72,0,0,0,0,0,0,0,0,0,0,0,0,0,0,0,0,0,0,0,0,0,0,0,0,0,0,0,0,0,0,0,0,0,0,0,0
0,0,0,0,0,0,0,0,0,0,0,0,0,0,0,0,0,0,0,0,0,0,0,0,0,0,0,0,0,0,0,0,0,0,0,0,0,116,70,50,38,29,29,33,34,31,22,22,22,22,23,22,22,22,22,21,21,19,16,14,11,9,11,9,14,19,23,25,26,23,22,19,15,11,9,7,7,7,9,9,12,13,17,17,19,24,32,44,52,62,70,82,88,94,98,104,107,100,99,103,106,111,112,105,101,98,96,105,112,113,108,110,112,110,109,112,110,104,87,64,46,27,8,5,5,5,6,8,8,11,17,15,20,23,28,34,35,40,41,44,42,37,31,27,25,22,19,16,14,15,17,20,23,25,27,29,32,36,37,40,57,99,0,0,0,0,0,0,0,0,0,0,0,0,0,0,0,0,0,0,0,0,0,0,0,0,0,0,0,0,0,0,0,0,0,0,0
0,0,0,0,0,0,0,0,0,0,0,0,0,0,0,0,0,0,0,0,0,0,0,0,0,0,0,0,0,0,0,0,0,0,0,0,145,87,57,43,29,20,25,32,34,29,22,21,22,22,22,22,22,23,24,21,16,11,8,7,7,9,10,11,14,18,21,20,18,12,11,10,9,7,7,7,6,5,6,8,12,7,9,10,10,10,13,17,24,39,48,63,69,79,87,93,98,99,99,104,105,109,110,104,97,105,105,100,106,105,101,103,106,107,105,103,99,77,53,32,14,7,6,8,11,18,23,21,14,15,21,22,23,26,26,26,25,23,22,29,30,26,19,16,15,12,9,8,9,11,14,17,21,24,25,26,26,29,30,34,48,72,0,0,0,0,0,0,0,0,0,0,0,0,0,0,0,0,0,0,0,0,0,0,0,0,0,0,0,0,0,0,0,0,0,0,0
0,0,0,0,0,0,0,0,0,0,0,0,0,0,0,0,0,0,0,0,0,0,0,0,0,0,0,0,0,0,0,0,0,0,0,170,116,69,49,41,32,26,23,25,26,24,21,21,21,21,21,21,20,21,21,19,13,8,6,7,8,11,11,16,20,20,20,15,10,5,2,4,5,4,4,4,5,5,6,9,10,2,3,4,4,4,7,10,13,23,28,40,51,60,65,73,82,90,96,99,104,108,113,111,103,100,101,92,90,89,93,93,97,100,97,91,70,42,15,3,4,9,17,21,24,25,25,20,16,15,18,22,23,22,20,16,14,11,9,13,14,12,8,8,8,7,4,5,7,9,12,14,17,20,20,20,22,21,25,24,33,53,91,0,0,0,0,0,0,0,0,0,0,0,0,0,0,0,0,0,0,0,0,0,0,0,0,0,0,0,0,0,0,0,0,0,0
0,0,0,0,0,0,0,0,0,0,0,0,0,0,0,0,0,0,0,0,0,0,0,0,0,0,0,0,0,0,0,0,0,0,0,129,90,59,44,35,31,31,24,21,22,23,20,20,20,20,19,19,19,17,13,13,12,10,10,11,14,16,16,22,21,16,12,8,7,6,3,4,4,4,5,4,3,6,6,7,8,2,3,4,7,4,5,6,9,11,11,16,22,27,29,39,50,80,91,99,102,106,112,115,113,95,89,82,77,78,89,93,97,92,77,61,38,13,2,3,5,14,24,24,20,21,20,16,17,18,17,18,17,14,13,11,9,10,9,7,8,7,5,7,7,7,4,6,7,9,11,12,15,17,17,17,15,18,21,19,26,39,74,0,0,0,0,0,0,0,0,0,0,0,0,0,0,0,0,0,0,0,0,0,0,0,0,0,0,0,0,0,0,0,0,0,0
0,0,0,0,0,0,0,0,0,0,0,0,0,0,0,0,0,0,0,0,0,0,0,0,0,0,0,0,0,0,0,0,0,0,177,103,66,50,39,26,25,28,25,23,24,27,20,20,20,20,18,18,18,15,10,9,11,12,13,15,17,20,23,28,22,13,5,3,5,6,6,5,2,3,3,3,4,3,3,6,6,1,1,5,7,6,9,14,17,15,12,12,18,22,24,32,43,80,90,101,102,105,107,108,105,99,85,77,78,81,91,97,98,79,52,28,9,4,8,13,13,12,13,17,20,24,25,24,25,23,17,8,3,2,3,3,3,6,6,4,9,7,6,7,7,7,4,7,8,9,9,11,13,15,15,15,17,22,21,22,26,36,54,90,0,0,0,0,0,0,0,0,0,0,0,0,0,0,0,0,0,0,0,0,0,0,0,0,0,0,0,0,0,0,0,0,0
0,0,0,0,0,0,0,0,0,0,0,0,0,0,0,0,0,0,0,0,0,0,0,0,0,0,0,0,0,0,0,0,0,0,138,79,51,41,36,26,28,29,25,23,24,30,21,20,20,21,17,16,14,15,11,10,12,12,13,15,15,15,16,16,10,9,3,4,6,4,6,4,3,4,2,3,3,3,4,4,6,2,2,4,4,4,5,6,7,6,9,11,14,15,20,34,57,82,91,91,92,93,104,105,99,101,98,94,93,98,99,95,80,50,26,12,9,10,17,16,13,12,10,15,18,21,19,18,16,15,15,8,5,4,3,2,3,3,3,5,7,5,6,7,7,7,5,7,9,9,9,11,14,15,15,15,19,22,24,23,28,32,50,69,0,0,0,0,0,0,0,0,0,0,0,0,0,0,0,0,0,0,0,0,0,0,0,0,0,0,0,0,0,0,0,0,0
0,0,0,0,0,0,0,0,0,0,0,0,0,0,0,0,0,0,0,0,0,0,0,0,0,0,0,0,0,0,0,0,0,167,94,58,43,35,31,28,28,28,24,23,26,28,24,20,20,18,15,14,13,13,13,13,14,15,14,14,14,14,13,13,11,8,5,4,5,4,5,4,3,3,2,3,2,2,4,4,5,3,3,3,4,4,3,2,4,3,6,7,7,7,12,23,31,45,64,80,85,92,100,104,107,107,108,104,100,102,97,80,51,25,11,5,8,14,17,17,14,12,14,16,18,18,16,16,13,13,10,8,7,6,5,5,5,4,4,6,7,6,5,6,7,7,7,7,8,9,10,11,14,14,12,14,18,20,23,24,27,28,34,56,93,0,0,0,0,0,0,0,0,0,0,0,0,0,0,0,0,0,0,0,0,0,0,0,0,0,0,0,0,0,0,0,0
0,0,0,0,0,0,0,0,0,0,0,0,0,0,0,0,0,0,0,0,0,0,0,0,0,0,0,0,0,0,0,0,0,119,65,50,34,30,31,32,30,27,24,25,27,26,25,23,21,18,14,12,12,12,12,13,14,14,14,14,13,15,14,15,9,7,4,5,4,4,4,4,3,3,2,3,4,3,4,4,4,3,3,3,4,4,3,3,4,3,5,6,5,7,9,14,22,29,46,67,83,90,98,104,107,108,107,107,107,104,86,56,24,7,7,10,10,14,14,16,17,17,17,16,16,16,14,13,12,11,9,8,7,6,5,6,6,5,6,7,7,6,6,6,7,7,7,7,9,9,9,9,13,14,13,14,16,20,24,24,27,30,31,42,73,0,0,0,0,0,0,0,0,0,0,0,0,0,0,0,0,0,0,0,0,0,0,0,0,0,0,0,0,0,0,0,0
0,0,0,0,0,0,0,0,0,0,0,0,0,0,0,0,0,0,0,0,0,0,0,0,0,0,0,0,0,0,0,0,149,92,56,43,34,27,28,30,29,27,25,26,24,22,24,24,20,16,13,9,9,9,10,12,14,15,15,15,14,14,12,13,8,9,7,7,5,5,5,5,4,4,3,3,4,4,3,4,4,4,3,3,3,4,3,3,4,3,2,2,2,6,6,9,14,17,33,57,75,84,91,99,104,104,101,102,101,94,70,41,17,9,8,8,10,13,13,15,16,16,16,16,15,14,13,11,11,9,8,7,7,6,5,5,6,6,6,7,7,7,7,8,7,7,8,9,9,9,8,9,13,15,13,11,15,19,21,24,30,36,37,38,52,94,0,0,0,0,0,0,0,0,0,0,0,0,0,0,0,0,0,0,0,0,0,0,0,0,0,0,0,0,0,0,0
0,0,0,0,0,0,0,0,0,0,0,0,0,0,0,0,0,0,0,0,0,0,0,0,0,0,0,0,0,0,0,191,113,69,48,43,36,29,29,30,27,26,24,25,24,22,23,23,19,15,13,11,9,8,9,12,14,15,15,14,15,14,13,11,7,6,7,6,6,5,4,4,4,4,3,3,4,4,3,5,4,4,3,3,3,4,4,4,5,4,2,2,4,5,6,6,9,12,26,45,64,75,84,92,100,100,94,95,93,78,50,24,9,8,8,9,11,13,14,15,15,14,15,14,14,13,12,10,9,8,7,6,6,6,6,5,6,6,6,7,7,7,7,7,7,7,8,8,9,9,8,9,13,15,12,9,13,14,16,22,27,34,41,45,46,76,132,0,0,0,0,0,0,0,0,0,0,0,0,0,0,0,0,0,0,0,0,0,0,0,0,0,0,0,0,0,0
0,0,0,0,0,0,0,0,0,0,0,0,0,0,0,0,0,0,0,0,0,0,0,0,0,0,0,0,0,0,0,159,83,57,49,43,37,31,30,29,27,26,24,23,25,24,22,19,18,16,14,12,9,8,8,11,14,17,17,16,16,15,14,11,7,6,8,8,7,5,4,3,3,3,3,3,4,4,4,4,4,4,3,3,4,4,3,3,4,4,4,4,5,4,5,5,8,11,22,34,52,67,79,89,99,98,93,92,83,62,35,16,8,8,8,9,12,13,13,15,15,14,13,11,12,11,11,8,7,6,7,6,6,6,6,6,6,6,6,7,7,7,7,7,7,7,8,8,10,10,8,8,12,14,12,8,5,4,8,17,24,33,45,50,39,59,109,0,0,0,0,0,0,0,0,0,0,0,0,0,0,0,0,0,0,0,0,0,0,0,0,0,0,0,0,0,0
0,0,0,0,0,0,0,0,0,0,0,0,0,0,0,0,0,0,0,0,0,0,0,0,0,0,0,0,0,0,184,118,62,49,40,36,35,29,28,26,25,26,25,23,23,22,18,16,15,16,14,13,9,9,9,10,14,18,19,18,17,15,11,9,5,7,8,9,7,6,4,3,3,3,3,3,4,4,4,4,4,4,4,4,4,4,3,3,4,5,3,4,4,4,3,3,8,10,17,25,42,59,75,90,100,98,95,90,68,44,23,14,10,8,8,9,12,13,14,15,14,12,11,9,11,10,9,7,6,5,6,6,6,6,6,6,5,6,7,7,7,7,7,7,7,7,8,8,9,9,8,9,11,12,10,7,4,3,6,16,24,32,39,42,43,49,83,132,0,0,0,0,0,0,0,0,0,0,0,0,0,0,0,0,0,0,0,0,0,0,0,0,0,0,0,0,0
0,0,0,0,0,0,0,0,0,0,0,0,0,0,0,0,0,0,0,0,0,0,0,0,0,0,0,0,0,0,140,82,50,43,32,34,30,27,27,25,23,24,24,24,22,21,19,15,14,15,14,13,12,14,13,12,14,16,16,14,18,17,12,9,6,7,8,9,7,6,4,3,3,3,4,4,4,4,4,4,4,4,4,4,4,4,4,4,4,5,3,4,4,4,2,2,6,7,11,17,34,54,71,88,97,97,94,81,51,30,20,17,13,8,8,9,12,13,15,16,13,10,10,9,10,9,8,7,6,6,5,5,6,5,6,6,5,7,8,7,6,6,6,6,6,6,7,7,8,8,8,9,11,11,10,7,4,4,8,16,20,26,30,34,40,41,55,101,0,0,0,0,0,0,0,0,0,0,0,0,0,0,0,0,0,0,0,0,0,0,0,0,0,0,0,0,0
0,0,0,0,0,0,0,0,0,0,0,0,0,0,0,0,0,0,0,0,0,0,0,0,0,0,0,0,0,183,111,64,48,41,29,31,32,28,25,22,22,25,24,23,22,23,22,18,14,12,12,12,12,16,16,14,14,15,15,13,12,9,7,4,7,7,7,4,7,7,5,5,5,4,5,5,5,5,6,5,5,3,3,3,2,3,2,2,2,4,3,4,2,2,2,3,4,5,9,15,29,51,66,82,90,94,88,67,38,19,16,17,14,9,9,9,11,11,12,13,11,9,9,8,8,8,7,7,6,7,5,5,7,5,6,6,5,7,8,6,6,6,6,6,6,6,7,8,8,8,7,8,9,9,10,8,10,8,10,15,17,19,21,26,36,35,43,67,121,0,0,0,0,0,0,0,0,0,0,0,0,0,0,0,0,0,0,0,0,0,0,0,0,0,0,0,0
0,0,0,0,0,0,0,0,0,0,0,0,0,0,0,0,0,0,0,0,0,0,0,0,0,0,0,0,0,135,74,43,45,36,27,29,30,28,26,22,21,23,24,23,22,23,24,21,15,12,10,10,10,14,15,11,16,15,15,13,11,8,4,2,8,7,6,6,7,7,7,7,4,4,4,4,4,4,4,4,5,2,4,2,2,2,2,2,3,3,3,4,3,3,2,2,3,3,5,9,25,46,62,77,86,90,82,60,29,17,13,15,12,9,9,11,12,12,12,14,11,7,8,6,7,7,6,7,6,6,6,7,8,7,6,6,7,8,9,7,6,6,6,5,6,6,6,7,8,8,7,7,8,8,7,8,9,8,9,13,18,23,28,29,27,28,35,56,93,0,0,0,0,0,0,0,0,0,0,0,0,0,0,0,0,0,0,0,0,0,0,0,0,0,0,0,0
0,0,0,0,0,0,0,0,0,0,0,0,0,0,0,0,0,0,0,0,0,0,0,0,0,0,0,0,156,92,63,48,41,35,33,27,29,25,25,22,22,22,23,22,21,23,24,23,16,12,10,9,8,12,14,12,15,15,15,14,11,8,4,3,8,7,7,7,7,7,7,7,4,4,4,4,4,4,4,4,5,2,3,2,2,2,2,2,2,2,2,2,3,3,2,2,3,2,3,7,20,40,57,74,83,85,77,57,24,13,9,10,8,7,8,9,10,11,12,13,9,5,7,6,7,7,6,7,6,7,7,8,7,7,6,6,7,8,9,7,6,6,6,6,6,6,5,7,7,7,7,7,8,8,8,9,8,7,9,12,14,18,20,21,21,24,33,49,72,115,0,0,0,0,0,0,0,0,0,0,0,0,0,0,0,0,0,0,0,0,0,0,0,0,0,0,0
0,0,0,0,0,0,0,0,0,0,0,0,0,0,0,0,0,0,0,0,0,0,0,0,0,0,0,192,126,71,57,49,47,38,31,32,30,24,23,21,20,20,22,22,22,23,25,24,19,13,10,8,7,9,12,13,15,15,14,13,10,7,5,4,8,8,8,7,7,8,8,8,4,4,4,4,4,4,4,4,5,2,4,2,2,2,2,2,2,2,2,2,3,3,2,2,3,1,2,5,17,34,51,69,77,77,68,50,21,13,9,8,8,8,8,9,9,10,11,12,8,4,6,5,5,6,6,7,7,8,8,9,7,7,6,6,7,9,10,7,5,6,6,6,6,6,6,7,7,7,7,6,7,7,7,9,7,8,9,11,11,12,14,15,18,23,33,44,57,92,0,0,0,0,0,0,0,0,0,0,0,0,0,0,0,0,0,0,0,0,0,0,0,0,0,0,0
0,0,0,0,0,0,0,0,0,0,0,0,0,0,0,0,0,0,0,0,0,0,0,0,0,0,0,153,92,57,50,49,44,37,31,29,30,24,22,21,20,20,21,22,22,23,24,25,21,14,9,8,7,8,11,15,15,14,13,11,10,7,6,6,8,8,9,9,9,9,9,8,4,4,4,4,4,4,4,4,5,2,4,2,2,2,2,2,2,2,2,2,3,3,2,2,3,1,2,6,13,27,45,64,72,70,60,42,18,11,9,9,8,8,8,8,8,9,10,10,7,4,6,6,5,6,7,8,8,9,9,9,8,8,6,6,7,9,10,7,6,6,6,6,6,6,6,6,6,6,5,5,6,6,6,8,8,9,10,10,8,9,13,16,20,26,34,40,51,82,140,0,0,0,0,0,0,0,0,0,0,0,0,0,0,0,0,0,0,0,0,0,0,0,0,0,0
0,0,0,0,0,0,0,0,0,0,0,0,0,0,0,0,0,0,0,0,0,0,0,0,0,0,192,119,69,51,41,40,38,31,28,28,27,23,23,21,20,20,21,22,22,22,25,27,23,14,9,8,7,7,10,16,14,14,12,10,9,8,7,7,8,9,10,10,10,10,9,7,4,4,4,4,4,4,4,4,5,2,4,2,2,2,2,2,2,2,2,2,3,2,2,2,3,1,2,5,12,23,42,62,70,65,52,35,15,9,7,9,9,8,7,8,7,8,8,9,7,6,7,7,7,8,9,10,10,11,10,9,9,8,6,6,7,9,10,7,6,6,6,6,6,6,6,4,4,4,4,4,5,5,6,8,8,9,10,9,7,8,14,19,19,23,29,30,39,64,112,0,0,0,0,0,0,0,0,0,0,0,0,0,0,0,0,0,0,0,0,0,0,0,0,0,0
0,0,0,0,0,0,0,0,0,0,0,0,0,0,0,0,0,0,0,0,0,0,0,0,0,0,156,88,63,45,36,34,32,24,23,25,25,23,23,21,20,20,21,22,22,23,26,28,24,15,8,7,7,6,10,16,14,13,11,9,9,8,7,7,8,9,10,10,10,10,9,8,5,6,5,4,3,4,4,4,5,2,4,2,2,2,2,2,2,2,2,2,2,2,2,1,3,2,3,5,11,21,41,61,69,62,48,30,13,7,7,10,9,8,7,8,7,7,6,7,7,7,8,8,8,9,10,11,11,12,11,10,9,8,6,6,7,9,10,7,6,6,6,6,6,7,6,4,4,4,4,4,5,6,7,8,8,9,10,10,7,8,14,19,22,23,26,26,32,50,90,154,0,0,0,0,0,0,0,0,0,0,0,0,0,0,0,0,0,0,0,0,0,0,0,0,0
0,0,0,0,0,0,0,0,0,0,0,0,0,0,0,0,0,0,0,0,0,0,0,0,0,190,117,65,54,39,36,35,35,27,24,25,25,23,22,20,19,19,20,22,23,26,28,26,22,14,9,7,7,6,9,14,12,11,10,9,9,8,7,7,8,9,10,10,10,10,9,8,6,7,6,5,4,4,4,4,5,2,4,2,2,2,2,2,2,2,2,2,2,2,2,1,5,5,6,7,11,20,42,61,69,62,48,30,12,6,8,10,9,7,7,7,7,6,6,5,6,8,8,9,9,10,10,12,12,13,12,10,9,8,6,6,7,8,9,7,6,6,6,6,6,7,6,4,5,5,4,5,6,6,7,8,8,9,10,10,8,9,14,18,25,25,25,26,29,43,80,135,0,0,0,0,0,0,0,0,0,0,0,0,0,0,0,0,0,0,0,0,0,0,0,0,0
0,0,0,0,0,0,0,0,0,0,0,0,0,0,0,0,0,0,0,0,0,0,0,0,0,147,83,48,43,36,33,34,35,28,24,25,25,23,22,19,20,19,19,22,23,27,29,24,19,12,9,7,7,6,9,13,11,10,10,9,8,8,7,7,8,9,9,9,9,9,9,8,6,7,6,5,7,6,5,4,5,2,4,2,2,2,2,2,2,2,2,2,2,2,2,1,6,7,8,9,12,23,44,62,68,61,46,29,11,6,9,11,9,7,7,6,7,6,5,5,6,9,9,10,10,11,11,12,13,14,12,10,10,8,6,6,6,7,8,7,6,6,6,6,6,6,6,3,5,5,4,5,6,6,7,8,9,9,10,10,9,10,14,18,26,27,27,29,29,38,72,116,219,0,0,0,0,0,0,0,0,0,0,0,0,0,0,0,0,0,0,0,0,0,0,0,0
0,0,0,0,0,0,0,0,0,0,0,0,0,0,0,0,0,0,0,0,0,0,0,0,175,106,70,58,42,34,29,27,28,30,28,25,22,22,23,19,19,19,19,20,22,29,28,25,16,11,8,8,7,6,10,11,11,9,9,8,8,7,6,6,8,9,9,9,9,9,9,8,7,7,7,6,7,6,5,4,5,3,3,2,2,3,2,2,2,2,3,2,2,2,4,2,5,4,6,9,14,28,48,63,66,55,43,25,12,6,8,10,8,6,6,7,6,7,5,4,7,9,9,10,11,11,12,13,14,15,13,11,9,9,7,6,6,6,6,6,6,6,6,6,6,6,5,5,5,5,6,6,6,6,7,8,9,9,12,12,11,12,15,18,21,23,30,29,25,36,62,89,153,0,0,0,0,0,0,0,0,0,0,0,0,0,0,0,0,0,0,0,0,0,0,0,0
0,0,0,0,0,0,0,0,0,0,0,0,0,0,0,0,0,0,0,0,0,0,0,213,135,78,52,45,37,32,26,23,28,29,25,22,23,22,23,19,19,20,20,21,25,31,26,21,13,10,8,10,8,6,10,10,10,9,9,8,7,7,6,6,8,9,9,9,9,9,8,8,8,8,7,6,6,6,4,3,4,2,2,2,2,2,2,2,2,2,4,2,1,2,1,2,7,4,8,9,15,33,53,63,67,54,41,24,12,6,8,11,8,6,6,7,7,7,5,4,7,10,10,11,11,11,13,14,14,15,12,11,10,9,7,6,6,6,7,6,6,6,6,6,6,6,5,4,5,5,6,6,7,6,8,8,9,9,12,13,12,12,15,18,17,20,28,31,28,33,47,65,129,191,0,0,0,0,0,0,0,0,0,0,0,0,0,0,0,0,0,0,0,0,0,0,0
0,0,0,0,0,0,0,0,0,0,0,0,0,0,0,0,0,0,0,0,0,0,0,171,100,56,39,33,29,29,29,27,28,26,22,21,23,22,22,19,19,20,20,21,27,32,25,19,11,9,8,9,8,7,10,10,9,8,8,8,7,7,6,6,8,8,8,9,8,8,8,8,8,8,7,6,6,5,4,3,4,2,2,2,2,2,2,2,2,2,4,2,1,4,1,3,12,7,11,12,17,36,56,64,68,58,43,26,12,8,8,11,7,4,6,6,7,7,5,4,7,10,11,11,11,11,13,14,14,15,10,10,10,10,8,6,5,5,6,6,6,6,6,6,6,5,4,4,5,5,6,6,7,7,9,9,10,10,12,13,12,13,15,18,20,22,27,30,30,32,38,49,111,177,0,0,0,0,0,0,0,0,0,0,0,0,0,0,0,0,0,0,0,0,0,0,0
0,0,0,0,0,0,0,0,0,0,0,0,0,0,0,0,0,0,0,0,0,0,194,125,74,48,35,26,27,25,28,28,25,20,21,21,22,22,21,19,19,20,21,22,23,26,23,16,10,8,8,9,9,7,10,10,9,7,8,8,7,7,6,6,7,8,7,7,7,7,7,8,8,8,7,6,6,6,4,3,4,2,2,2,2,1,2,2,2,2,4,2,3,7,2,4,16,9,11,13,20,40,63,70,64,57,43,25,13,10,8,9,6,4,6,6,7,7,6,5,8,10,11,11,11,11,13,13,13,13,8,9,10,11,10,7,5,5,5,6,6,6,6,6,6,6,5,4,5,5,6,6,7,8,10,10,11,11,13,14,12,14,15,18,20,22,25,27,29,31,33,38,85,139,214,0,0,0,0,0,0,0,0,0,0,0,0,0,0,0,0,0,0,0,0,0,0
0,0,0,0,0,0,0,0,0,0,0,0,0,0,0,0,0,0,0,0,0,0,152,90,58,51,36,23,28,26,28,27,23,20,19,20,22,22,22,19,18,19,20,21,19,20,24,17,11,8,8,9,9,7,10,10,9,8,8,8,7,7,6,6,7,7,6,7,6,7,7,7,8,8,7,6,6,6,4,3,4,2,2,2,2,1,2,2,2,2,5,4,5,7,3,6,17,13,10,14,19,39,66,76,61,58,47,25,14,12,8,6,7,7,7,8,7,7,7,7,9,11,11,11,11,10,13,11,11,10,7,8,10,11,10,8,6,5,6,6,6,6,6,6,6,6,5,4,5,5,6,6,7,8,10,10,11,11,12,13,12,14,15,17,20,22,23,25,30,33,31,31,53,95,163,0,0,0,0,0,0,0,0,0,0,0,0,0,0,0,0,0,0,0,0,0,0
0,0,0,0,0,0,0,0,0,0,0,0,0,0,0,0,0,0,0,0,0,178,115,69,49,44,32,24,30,31,28,26,25,22,20,20,22,24,24,22,19,17,17,18,20,22,27,22,14,9,9,9,9,7,10,10,9,8,8,8,7,7,6,6,7,7,6,7,6,6,6,7,7,8,7,6,6,6,4,3,4,2,2,2,2,2,2,2,2,1,4,4,5,7,5,8,20,15,9,14,21,40,66,76,61,58,47,23,14,12,7,4,7,9,8,9,8,8,8,9,10,11,11,10,10,9,11,9,10,8,8,8,9,9,8,8,7,7,7,6,6,6,6,6,6,6,5,5,5,5,6,6,7,8,10,10,11,11,12,13,12,14,15,17,21,22,22,26,33,38,35,32,36,67,129,202,0,0,0,0,0,0,0,0,0,0,0,0,0,0,0,0,0,0,0,0,0
0,0,0,0,0,0,0,0,0,0,0,0,0,0,0,0,0,0,0,0,0,144,89,58,39,30,27,30,34,32,25,23,23,24,22,20,21,25,25,24,20,18,19,24,30,32,30,25,18,12,11,10,9,7,9,9,9,8,8,8,7,7,6,6,6,6,5,6,5,5,5,6,7,7,6,5,6,6,4,3,4,2,2,2,2,2,2,2,2,1,2,2,4,7,6,8,20,14,10,17,26,47,69,74,65,58,48,27,14,9,6,4,8,11,8,8,8,8,9,9,10,11,10,9,9,9,9,8,8,7,9,8,8,7,7,7,7,8,7,6,7,6,6,6,6,6,5,5,5,5,6,6,7,8,9,9,11,11,12,14,12,14,15,17,19,22,24,28,35,39,37,35,39,58,103,174,218,0,0,0,0,0,0,0,0,0,0,0,0,0,0,0,0,0,0,0,0
0,0,0,0,0,0,0,0,0,0,0,0,0,0,0,0,0,0,0,0,171,104,64,46,29,29,28,33,34,31,26,26,21,22,21,21,20,23,22,22,21,22,28,37,48,50,36,29,21,15,13,10,9,7,9,9,8,7,7,7,7,7,6,5,5,4,4,4,4,4,4,5,6,7,6,4,6,6,4,3,4,2,2,2,2,2,2,2,2,1,1,1,1,5,5,6,20,17,19,30,43,63,77,76,75,61,49,30,15,7,6,5,8,11,8,8,8,8,8,9,10,10,10,9,9,9,8,8,7,7,9,6,7,7,7,7,7,7,7,7,7,7,6,6,6,6,5,5,5,5,6,6,7,8,9,9,11,11,12,13,11,14,15,17,20,23,26,29,31,35,37,39,47,51,81,143,212,0,0,0,0,0,0,0,0,0,0,0,0,0,0,0,0,0,0,0,0
0,0,0,0,0,0,0,0,0,0,0,0,0,0,0,0,0,0,0,217,142,76,43,33,30,31,32,33,34,29,24,24,22,21,21,21,20,20,18,20,21,24,36,49,64,60,41,34,25,16,13,10,9,6,8,8,8,7,7,7,6,6,6,6,5,5,5,5,5,5,5,5,6,6,5,5,5,5,4,3,3,2,3,3,2,2,2,2,2,1,2,1,1,5,4,8,21,26,31,47,70,96,99,94,88,67,54,37,16,9,7,11,10,8,11,9,8,7,8,9,9,9,9,8,8,8,8,7,6,6,7,7,7,7,7,7,7,7,7,7,7,7,6,6,6,6,5,5,5,5,5,7,6,8,10,10,10,10,11,12,14,14,15,18,20,21,24,30,29,32,36,40,36,36,58,102,163,216,0,0,0,0,0,0,0,0,0,0,0,0,0,0,0,0,0,0,0
0,0,0,0,0,0,0,0,0,0,0,0,0,0,0,0,0,0,0,181,113,64,41,35,33,33,32,31,32,28,23,23,20,21,22,21,21,20,16,17,24,37,56,69,86,75,47,36,24,14,12,11,9,6,7,7,8,7,7,7,6,6,6,6,5,5,5,5,5,5,5,5,6,5,5,5,5,5,4,3,3,2,3,3,3,4,4,3,3,4,6,5,2,7,4,6,25,41,51,75,94,101,99,97,91,74,56,40,20,11,11,15,14,8,10,12,10,8,8,8,8,8,8,7,8,7,7,6,5,5,6,7,6,6,6,6,7,7,7,7,7,7,7,6,6,6,5,5,5,5,7,6,7,8,7,11,9,8,6,9,12,14,18,19,21,24,27,30,30,32,36,38,41,44,52,76,115,169,0,0,0,0,0,0,0,0,0,0,0,0,0,0,0,0,0,0,0
0,0,0,0,0,0,0,0,0,0,0,0,0,0,0,0,0,0,202,136,83,50,35,34,34,34,31,29,28,24,21,21,20,20,23,25,23,20,16,18,31,53,76,88,92,81,52,39,22,11,11,12,9,6,7,7,7,6,6,6,6,6,6,6,5,5,5,5,5,5,5,5,4,4,4,4,4,4,4,3,4,3,4,4,3,4,4,4,2,3,5,5,6,11,7,11,36,63,72,97,105,100,97,99,93,77,60,42,28,17,12,12,11,9,9,9,9,8,7,7,7,7,7,7,7,6,6,6,5,5,6,6,6,6,6,6,6,7,7,7,8,7,7,7,6,5,5,5,4,3,5,2,1,1,4,8,7,6,6,11,15,19,24,23,22,24,26,27,32,36,36,35,35,40,41,45,68,115,173,0,0,0,0,0,0,0,0,0,0,0,0,0,0,0,0,0,0
0,0,0,0,0,0,0,0,0,0,0,0,0,0,0,0,0,0,165,104,61,41,32,36,36,31,26,27,27,24,21,21,20,21,23,23,22,19,15,25,42,67,89,96,94,85,61,42,20,8,11,14,9,6,6,6,7,6,6,6,6,6,6,6,5,5,5,5,5,5,5,5,2,2,2,2,3,3,3,3,4,3,4,4,3,3,4,4,2,1,1,5,7,10,10,23,48,78,84,99,103,99,99,103,102,79,70,52,36,21,11,9,7,10,9,8,8,7,6,6,5,6,6,6,6,6,6,6,5,5,6,6,6,6,6,6,6,7,7,7,8,7,7,7,6,5,5,5,6,6,5,6,4,3,10,6,7,12,22,30,31,29,28,24,24,27,27,26,29,31,31,30,31,41,42,41,54,82,137,0,0,0,0,0,0,0,0,0,0,0,0,0,0,0,0,0,0
0,0,0,0,0,0,0,0,0,0,0,0,0,0,0,0,0,195,131,79,49,36,30,34,34,28,24,25,25,23,21,21,20,21,22,22,21,17,18,36,59,82,98,102,98,88,69,49,25,12,13,13,7,5,6,6,7,6,6,6,6,6,6,6,5,5,5,5,5,5,5,5,2,2,2,2,2,2,2,2,2,2,3,3,3,2,5,5,2,3,3,7,10,12,20,42,62,89,97,102,101,101,100,102,106,84,77,62,46,28,13,11,8,9,6,8,7,7,7,6,5,5,6,6,6,6,6,6,5,5,6,6,6,6,6,6,6,6,7,7,8,7,7,7,6,6,5,5,7,7,6,9,8,9,13,9,16,28,48,57,51,42,34,29,29,27,24,24,27,29,28,27,26,25,31,29,34,55,90,139,0,0,0,0,0,0,0,0,0,0,0,0,0,0,0,0,0
0,0,0,0,0,0,0,0,0,0,0,0,0,0,0,0,0,151,93,60,38,31,30,30,28,23,22,23,22,21,21,21,21,22,21,23,22,18,24,50,76,95,104,104,98,92,76,60,37,20,14,12,7,5,6,6,7,6,6,6,6,6,6,6,5,5,5,5,5,5,5,5,1,1,1,1,1,1,2,2,2,2,3,3,3,3,6,4,2,6,7,8,11,13,28,54,72,92,103,102,101,105,102,98,106,98,85,69,55,35,16,14,9,7,5,6,6,6,7,7,5,5,6,6,6,6,6,6,5,5,6,6,6,6,5,5,5,6,6,6,7,7,7,7,7,6,7,7,8,9,8,4,3,9,10,25,39,52,75,82,71,56,41,33,27,25,23,23,23,25,30,34,38,31,29,37,47,58,83,117,0,0,0,0,0,0,0,0,0,0,0,0,0,0,0,0,0
0,0,0,0,0,0,0,0,0,0,0,0,0,0,0,0,188,110,58,40,27,26,32,30,24,20,20,23,23,22,22,22,21,21,19,20,23,25,37,65,90,103,107,105,104,104,85,71,51,31,19,13,7,5,6,6,6,6,6,6,6,6,6,6,5,5,5,5,5,5,5,5,1,1,1,1,1,1,1,1,2,2,3,3,3,3,5,4,3,6,10,7,12,21,42,66,83,94,102,101,101,105,103,97,102,104,89,74,62,43,23,16,11,8,6,6,5,5,6,6,5,5,6,6,6,6,6,6,5,5,6,6,5,5,5,5,5,5,5,5,7,7,7,7,7,7,8,10,7,10,10,3,3,13,12,49,66,79,97,100,87,70,50,36,33,25,22,22,22,25,31,33,31,24,23,31,41,42,54,81,131,0,0,0,0,0,0,0,0,0,0,0,0,0,0,0,0
0,0,0,0,0,0,0,0,0,0,0,0,0,0,0,221,149,81,47,34,29,23,28,28,25,21,22,22,22,22,22,22,22,23,19,19,25,33,50,80,102,112,112,109,109,115,91,80,64,43,25,13,7,6,6,6,6,6,6,6,6,6,6,6,5,5,5,5,5,5,4,5,1,1,2,2,1,1,1,1,1,1,2,3,3,3,4,6,5,5,11,7,12,30,56,78,94,96,101,103,104,105,104,100,102,101,90,79,71,54,35,23,14,8,7,6,4,4,6,6,5,5,6,6,6,6,6,6,5,5,6,6,5,5,5,5,5,5,5,5,6,7,7,7,7,8,10,13,12,13,11,6,9,25,27,74,84,94,104,104,95,81,63,47,38,28,25,23,22,23,30,30,28,24,26,34,44,38,44,61,108,0,0,0,0,0,0,0,0,0,0,0,0,0,0,0,0
0,0,0,0,0,0,0,0,0,0,0,0,0,0,0,172,105,68,37,37,30,22,25,25,24,23,22,23,21,22,23,22,22,22,18,20,28,38,61,91,109,114,114,114,111,113,102,84,72,55,33,18,8,7,7,7,4,6,6,7,5,5,6,6,5,5,5,5,4,5,5,3,2,1,1,1,1,1,1,1,1,2,2,1,2,4,6,7,4,6,10,9,15,43,70,89,99,100,101,103,106,108,107,107,103,98,92,84,80,68,49,32,19,11,7,7,4,5,6,6,3,4,6,6,5,6,6,5,5,5,5,5,5,5,5,5,5,5,5,5,4,6,7,7,8,9,9,15,15,13,11,17,32,48,61,87,90,102,107,105,99,85,70,54,39,29,25,23,22,23,29,30,26,27,29,31,35,38,41,43,80,125,0,0,0,0,0,0,0,0,0,0,0,0,0,0,0
0,0,0,0,0,0,0,0,0,0,0,0,0,0,208,112,53,47,56,42,32,30,22,20,26,28,26,21,23,22,22,21,21,22,18,19,29,50,77,98,109,112,113,113,112,113,106,93,80,63,42,24,12,7,6,6,4,4,4,4,4,5,5,6,5,5,5,5,5,5,5,3,2,1,2,1,1,1,1,1,1,2,2,3,1,6,5,7,8,7,4,8,29,61,87,101,108,108,106,104,105,107,111,112,107,100,97,95,91,82,61,42,28,14,7,6,5,5,6,6,4,5,5,6,6,6,7,6,6,5,5,5,5,5,5,5,5,5,5,5,6,4,6,9,9,8,11,16,18,14,10,33,47,64,86,90,96,104,103,101,101,94,79,62,44,35,29,23,22,22,27,26,26,29,32,27,28,44,50,36,60,90,0,0,0,0,0,0,0,0,0,0,0,0,0,0,0
0,0,0,0,0,0,0,0,0,0,0,0,0,0,151,90,61,38,40,31,28,26,29,28,23,23,22,22,22,23,24,21,20,19,16,17,30,61,90,103,106,106,108,111,115,114,111,104,89,72,52,32,21,9,7,8,5,4,4,3,3,4,5,6,6,5,5,5,5,4,3,2,1,1,2,1,1,1,0,1,2,1,1,3,4,8,8,11,11,5,3,18,57,84,99,108,115,115,111,107,105,106,111,114,111,106,106,109,106,97,73,50,33,17,8,7,6,6,6,6,5,5,4,5,6,6,6,5,5,5,4,4,4,4,4,4,4,4,5,6,7,7,9,11,14,16,15,11,11,15,21,31,52,75,84,112,112,117,111,106,107,101,87,69,56,45,34,25,21,23,26,25,27,29,32,31,34,44,49,41,46,61,110,0,0,0,0,0,0,0,0,0,0,0,0,0,0
0,0,0,0,0,0,0,0,0,0,0,0,0,182,123,76,60,36,28,26,27,25,33,33,24,23,21,21,21,24,24,20,20,20,22,29,41,73,99,107,106,102,104,110,118,118,118,113,98,82,63,43,34,20,11,9,6,5,3,3,3,3,4,5,6,6,6,5,5,4,3,2,2,2,2,2,1,1,0,1,4,3,2,3,6,6,5,6,4,4,11,36,77,99,108,114,115,111,108,108,109,107,110,112,112,112,111,112,109,99,78,58,40,21,10,7,6,6,7,8,5,5,4,5,5,5,4,4,4,4,4,3,3,3,3,3,3,4,4,5,4,8,8,9,11,11,13,16,15,17,29,45,68,89,93,107,111,117,116,113,113,109,101,88,71,55,38,30,27,27,29,30,28,30,32,33,38,39,39,40,35,37,76,0,0,0,0,0,0,0,0,0,0,0,0,0,0
0,0,0,0,0,0,0,0,0,0,0,0,0,143,118,70,39,41,30,28,28,34,27,25,27,27,23,21,22,23,22,20,20,21,30,50,64,89,107,112,110,105,106,110,117,118,120,117,107,95,78,60,49,34,20,13,11,8,5,4,3,3,2,4,5,5,5,4,2,2,2,1,1,1,1,1,1,1,1,1,6,7,5,4,7,6,4,1,2,15,32,55,88,104,112,114,110,104,103,108,110,107,106,106,110,113,109,105,103,93,78,68,54,36,23,15,9,7,8,9,5,5,4,4,5,4,4,4,4,4,4,3,3,3,3,3,3,3,3,4,3,7,7,6,9,8,8,11,15,17,36,56,79,98,101,105,104,108,112,111,106,103,101,93,73,55,35,26,25,25,25,26,25,24,27,29,30,31,33,31,33,37,62,108,0,0,0,0,0,0,0,0,0,0,0,0,0
0,0,0,0,0,0,0,0,0,0,0,0,197,105,92,63,40,46,30,30,29,30,27,25,25,25,23,23,22,23,22,22,20,21,39,70,88,105,118,120,118,116,115,114,117,117,117,118,115,109,98,84,66,50,29,16,14,11,6,5,4,3,2,3,5,4,4,2,2,2,2,2,2,2,2,2,1,2,1,1,5,9,7,5,4,7,7,2,10,35,62,88,104,103,97,93,97,103,107,112,113,113,110,108,111,111,104,98,95,87,81,82,75,60,46,31,22,12,10,9,6,5,4,4,4,4,4,4,4,4,4,3,3,3,3,3,3,3,3,4,4,3,4,6,6,5,8,16,20,32,50,71,92,106,113,109,108,109,113,114,109,104,104,97,83,67,48,35,30,29,29,29,25,22,25,26,25,25,31,33,35,42,49,72,0,0,0,0,0,0,0,0,0,0,0,0,0
0,0,0,0,0,0,0,0,0,0,0,219,149,98,63,35,33,37,38,36,29,23,29,30,25,24,23,24,22,22,22,21,20,24,47,77,98,107,113,115,113,114,115,110,110,106,105,108,110,111,106,97,77,60,37,20,15,12,9,8,5,4,2,4,5,4,4,2,3,2,2,2,2,2,2,2,2,3,2,2,5,8,7,4,5,9,14,15,33,65,95,115,113,100,87,79,91,105,112,112,114,117,114,111,109,102,94,91,89,87,88,96,93,80,64,46,30,19,13,10,6,5,4,4,4,4,4,4,4,4,4,3,4,3,4,4,4,4,4,5,5,6,5,7,8,10,8,16,32,51,68,86,104,116,127,120,114,112,116,120,117,113,111,105,96,82,64,46,34,29,30,30,29,30,30,28,27,27,32,36,37,34,42,59,98,0,0,0,0,0,0,0,0,0,0,0,0
0,0,0,0,0,0,0,0,0,0,0,180,110,73,55,40,34,34,41,32,27,26,25,25,26,24,25,24,22,22,22,22,21,28,43,61,82,82,83,82,81,86,89,85,81,76,74,78,81,84,84,77,62,49,34,21,17,13,10,9,6,5,3,4,6,6,6,4,4,3,3,3,4,4,4,4,3,4,4,4,6,8,8,5,4,7,17,28,54,87,105,106,97,89,86,80,87,96,100,100,101,105,104,102,98,86,80,81,82,83,86,93,90,78,65,48,28,19,14,12,9,8,4,5,5,5,4,4,4,4,4,3,4,4,4,4,4,4,4,5,5,8,8,11,13,15,17,39,56,75,93,109,115,125,136,119,112,109,112,118,120,117,116,111,103,90,73,50,33,24,27,28,27,28,29,28,28,30,33,34,29,25,32,49,79,127,0,0,0,0,0,0,0,0,0,0,0
0,0,0,0,0,0,0,0,0,0,202,133,91,77,40,31,37,32,35,30,25,24,24,23,23,24,23,22,21,20,20,19,19,28,38,41,41,40,33,30,33,37,42,46,48,49,45,44,44,42,44,45,44,39,30,21,17,14,12,11,8,7,6,7,8,7,7,6,5,5,4,5,4,4,4,4,6,6,5,5,5,7,7,7,7,9,17,32,54,69,73,66,67,71,74,72,72,77,78,76,74,76,76,81,82,71,65,73,76,79,82,81,76,68,54,38,26,18,14,13,14,10,8,7,7,5,6,5,5,6,4,3,4,4,5,4,4,4,4,5,5,7,11,14,17,20,21,58,75,90,101,112,111,109,115,107,105,104,107,109,110,109,108,106,104,91,70,48,32,26,25,26,24,24,22,23,25,27,28,31,30,29,35,44,54,80,0,0,0,0,0,0,0,0,0,0,0
0,0,0,0,0,0,0,0,0,0,138,91,70,63,38,32,37,31,29,29,24,23,23,22,23,23,22,21,20,19,19,20,20,24,25,24,21,20,15,13,15,17,19,20,21,22,21,21,21,19,21,22,23,23,24,21,20,17,15,13,9,8,9,10,10,10,9,7,6,6,5,6,6,7,6,6,7,5,4,4,5,6,7,8,9,12,22,35,43,38,34,35,37,37,40,39,37,39,40,40,39,37,35,39,44,41,37,38,43,45,44,42,38,36,35,27,21,17,16,16,17,13,9,7,9,7,7,6,6,7,5,4,4,4,4,4,4,5,4,6,6,8,11,18,23,24,28,69,79,85,90,95,89,73,73,89,92,93,94,93,88,87,89,91,87,72,50,32,23,21,22,22,21,21,21,22,25,27,27,29,36,37,36,40,50,69,111,0,0,0,0,0,0,0,0,0,0
0,0,0,0,0,0,0,0,0,133,93,70,76,48,35,32,34,33,30,24,25,23,23,23,23,23,22,22,21,19,17,17,17,19,18,18,20,19,16,15,16,16,15,14,15,15,15,17,16,16,17,16,15,17,21,22,23,20,20,18,15,15,16,17,15,13,10,8,7,7,6,7,8,8,7,6,8,7,6,7,8,10,12,13,15,20,26,28,28,21,18,21,20,17,17,17,14,13,15,18,17,15,14,13,14,15,15,15,20,21,17,15,13,15,21,19,19,18,17,15,16,14,12,11,10,8,8,7,6,7,5,4,4,4,4,4,5,5,4,7,9,15,18,18,21,24,23,33,31,30,28,25,25,24,21,28,28,27,26,26,26,25,23,21,20,20,20,20,20,20,19,19,20,20,20,21,23,25,26,27,29,29,29,33,37,52,90,0,0,0,0,0,0,0,0,0,0
0,0,0,0,0,0,0,0,0,108,95,77,64,28,31,30,33,28,25,23,25,23,23,23,23,23,22,23,21,20,18,17,18,18,18,20,21,20,20,20,20,19,19,17,17,17,17,17,17,17,18,16,20,20,22,23,23,21,22,22,22,22,23,23,20,16,13,9,8,7,7,8,8,9,8,8,7,8,8,9,11,15,18,18,20,24,29,31,31,25,22,23,23,18,18,18,15,14,17,20,23,21,18,16,15,15,15,15,19,20,18,16,15,17,21,19,18,19,18,16,17,15,14,14,13,12,11,10,9,9,7,6,4,4,5,5,5,5,5,9,13,15,17,20,23,25,25,23,21,17,16,15,12,12,12,12,12,13,13,13,13,13,14,15,15,16,16,17,17,17,17,18,19,19,20,21,21,22,24,26,33,30,36,42,37,47,80,117,0,0,0,0,0,0,0,0,0
0,0,0,0,0,0,0,0,97,89,74,63,57,22,25,28,30,24,22,22,26,23,23,23,23,23,22,23,21,21,20,20,20,20,19,21,21,21,22,23,22,22,22,20,20,20,19,19,19,19,20,19,20,20,21,24,22,23,23,23,24,25,27,27,24,21,18,15,14,14,13,12,10,9,10,10,11,12,15,19,21,22,23,24,25,26,29,30,27,22,21,22,18,15,16,17,15,15,16,17,22,20,17,16,18,18,16,16,19,18,19,17,17,19,19,18,18,19,18,18,18,17,15,15,14,13,11,11,10,9,8,7,8,8,8,8,9,8,8,13,13,19,20,21,25,26,26,21,18,17,15,14,14,13,14,14,15,16,16,16,17,18,18,17,18,17,17,17,17,17,18,19,20,20,22,23,24,24,25,26,21,22,29,34,26,26,47,72,0,0,0,0,0,0,0,0,0
0,0,0,0,0,0,0,120,127,109,83,73,38,24,21,29,28,19,21,21,25,24,23,23,23,23,23,23,22,22,20,20,20,20,20,22,21,21,24,24,22,23,23,23,22,21,20,19,19,19,19,18,19,19,21,25,23,24,25,27,26,29,30,30,29,27,24,22,20,20,19,17,15,14,15,16,21,22,23,24,24,24,24,25,27,27,29,27,24,21,20,18,17,16,16,16,16,18,17,16,16,18,16,16,18,19,18,19,18,18,19,18,19,21,20,20,20,19,18,19,18,18,17,18,16,15,13,13,13,12,11,11,9,9,10,10,10,10,10,14,18,19,20,22,24,25,26,21,21,18,18,16,15,15,15,21,24,27,28,28,29,28,26,25,22,22,22,22,21,21,21,22,22,22,23,25,26,27,28,28,29,31,39,44,37,30,40,54,78,0,0,0,0,0,0,0,0
0,0,0,0,0,0,0,129,126,106,80,62,29,33,18,22,28,19,18,21,23,22,23,22,22,23,22,22,21,21,20,21,21,21,21,21,21,21,22,22,22,22,22,22,24,23,21,19,18,19,19,19,21,20,23,26,24,25,26,28,28,32,33,32,33,31,28,26,26,26,27,26,27,27,28,29,27,27,26,23,23,24,24,24,26,24,23,22,21,20,21,19,18,18,18,17,19,21,20,18,16,17,17,17,18,20,19,19,18,18,19,19,19,20,20,20,19,19,20,21,20,20,18,17,17,17,15,14,14,13,13,14,14,13,14,14,14,14,15,17,16,16,20,22,22,23,25,20,19,16,17,16,15,17,16,20,27,28,27,27,28,28,26,25,22,21,20,20,20,20,21,21,24,23,24,25,26,27,28,29,26,26,31,36,29,21,27,36,89,0,0,0,0,0,0,0,0
0,0,0,0,0,0,123,122,113,92,66,48,29,34,20,21,25,19,19,21,23,23,23,22,22,23,22,22,21,21,21,21,21,21,21,22,22,21,22,22,22,23,22,23,22,23,21,19,19,19,19,20,20,19,23,26,25,24,24,24,26,30,31,31,33,32,29,28,28,28,29,29,30,30,30,30,28,25,23,22,22,22,23,24,23,24,23,20,20,22,22,19,19,19,20,19,22,23,21,20,17,16,17,17,19,19,19,19,19,19,18,19,19,19,20,20,20,20,20,21,19,21,20,18,20,20,18,18,17,16,16,16,17,16,16,15,15,15,15,16,17,19,20,19,21,22,22,21,18,18,18,18,18,16,17,22,26,28,27,25,25,25,24,24,23,22,22,22,22,23,23,24,23,24,26,28,27,27,30,30,32,32,32,34,29,22,28,38,79,88,0,0,0,0,0,0,0
0,0,0,0,0,0,119,112,108,86,58,35,28,31,25,20,21,22,21,21,22,22,22,22,22,22,21,21,21,21,21,21,21,22,22,22,24,24,25,24,22,23,21,21,19,19,19,17,17,17,17,21,20,17,20,25,23,21,23,24,25,27,27,30,30,29,30,29,28,27,28,28,27,27,28,29,29,27,25,22,25,24,25,25,25,23,22,21,19,23,20,19,19,18,26,22,21,22,21,20,19,18,19,19,19,19,20,19,19,19,19,19,19,19,19,20,20,21,21,21,20,20,20,20,20,20,20,20,21,20,18,18,18,16,15,15,15,15,15,16,17,17,18,19,20,20,21,21,20,20,21,21,21,21,21,22,24,22,23,22,22,21,21,21,22,22,22,22,23,24,25,25,24,25,25,26,28,28,28,30,35,35,35,34,31,29,29,36,33,66,0,0,0,0,0,0,0
0,0,0,0,0,116,117,112,105,86,57,37,28,27,25,21,22,21,21,21,22,22,22,22,22,22,21,21,22,22,21,21,21,21,22,22,24,25,27,27,25,25,23,22,21,20,19,17,17,19,20,23,25,20,23,28,25,23,26,27,27,27,27,27,28,27,28,27,25,25,24,24,25,25,25,26,27,27,26,24,24,24,25,26,23,23,21,20,20,26,23,19,19,20,29,24,19,18,19,21,20,18,18,18,18,19,19,19,19,19,19,19,19,19,20,20,20,20,21,21,21,20,20,20,20,20,20,21,23,23,21,20,19,17,16,15,15,15,15,16,17,17,17,18,18,19,20,20,18,19,20,19,21,23,25,23,21,20,22,22,23,22,22,22,22,22,22,22,23,24,24,25,24,25,25,26,28,29,29,32,35,35,34,31,28,29,27,27,31,51,75,0,0,0,0,0,0
0,0,0,0,0,116,116,110,103,85,59,41,28,22,21,20,21,22,22,22,22,22,22,22,21,21,21,21,21,21,21,21,21,22,22,23,24,25,27,27,24,25,25,25,26,25,25,23,22,22,23,24,25,21,25,30,28,26,28,28,27,27,27,27,28,29,30,28,28,28,26,25,27,25,23,24,23,23,23,25,25,28,28,28,25,25,23,20,20,25,22,19,19,19,24,20,17,16,17,18,18,17,17,17,17,17,18,18,19,19,18,18,19,19,20,20,20,20,20,20,20,20,20,19,21,21,21,22,24,24,22,22,19,18,16,16,17,17,16,17,19,18,18,18,18,19,19,19,17,18,19,19,20,22,24,21,19,19,21,21,22,21,22,22,22,22,23,23,24,24,25,25,24,25,26,26,28,28,29,32,35,34,35,30,22,21,21,23,26,41,60,0,0,0,0,0,0
0,0,0,0,115,113,112,105,97,78,57,42,30,22,21,21,22,24,22,22,23,23,22,22,21,20,21,20,21,20,21,20,21,21,22,23,24,26,29,28,25,25,26,27,28,28,29,29,25,23,23,23,21,20,21,23,23,23,25,27,28,29,29,29,29,31,32,30,31,31,29,28,28,26,24,24,29,30,30,29,22,22,22,22,22,22,22,22,22,25,22,21,19,18,17,17,17,17,16,16,16,16,18,18,17,17,18,18,19,19,18,18,19,19,19,19,19,19,18,18,18,18,18,18,19,19,18,18,19,19,18,18,17,17,15,15,18,18,17,18,18,18,18,18,18,18,18,19,20,20,21,22,21,20,22,21,21,20,23,23,22,22,22,22,22,22,22,22,22,23,23,23,24,25,25,26,27,27,28,30,31,27,26,25,23,23,21,21,22,33,49,64,0,0,0,0,0
0,0,0,109,111,108,105,100,92,74,56,43,31,26,24,25,26,28,23,22,22,22,21,21,20,20,20,20,21,20,20,20,21,22,25,27,27,28,30,28,26,25,26,27,28,27,28,28,24,22,21,20,18,21,20,18,20,22,22,24,29,31,31,30,29,31,34,33,30,29,28,28,27,26,26,26,27,26,26,27,24,26,25,24,25,25,25,25,24,22,20,20,19,20,18,17,17,16,17,17,17,18,22,23,22,22,21,21,20,19,19,19,19,19,19,19,19,19,19,18,18,18,18,18,19,20,19,19,19,19,18,18,17,17,16,16,18,18,17,18,18,18,18,18,18,18,18,18,18,18,17,19,17,17,19,19,21,20,22,22,22,22,22,22,22,22,22,22,22,22,22,22,23,24,24,25,26,27,28,29,31,31,30,27,24,21,16,16,20,26,38,53,0,0,0,0,0
0,0,0,106,108,105,99,100,95,83,66,55,24,22,20,22,22,24,21,21,21,21,21,21,21,21,21,20,21,21,21,22,23,24,26,27,28,28,31,30,29,29,29,28,28,27,27,27,25,22,20,17,17,24,22,19,24,26,23,25,26,28,29,28,26,29,32,30,29,28,27,27,26,25,26,26,27,28,29,28,23,22,23,23,23,23,23,23,23,23,21,20,18,19,18,17,17,17,17,17,17,16,18,19,18,18,17,18,18,18,19,19,19,19,19,19,19,19,19,19,19,18,18,18,18,19,19,19,19,19,18,18,17,17,16,16,18,18,17,18,18,18,18,18,18,18,17,17,17,17,17,17,16,17,22,20,21,21,22,22,23,23,22,22,22,22,22,22,23,23,24,24,25,25,25,26,28,29,29,30,30,29,28,28,27,24,18,18,22,27,38,53,70,0,0,0,0
0,0,104,104,107,105,99,103,101,95,81,71,29,24,21,20,20,21,21,21,22,22,22,22,22,22,22,21,22,22,22,23,23,23,24,24,25,26,30,32,33,32,30,28,28,27,26,27,27,24,21,18,20,27,24,20,25,28,26,28,30,31,31,30,28,29,32,30,29,29,27,27,26,24,23,24,23,23,23,24,21,21,21,20,21,21,20,21,23,23,21,20,19,17,17,17,18,17,17,17,18,17,18,17,16,17,17,18,18,18,18,18,19,19,19,19,19,19,19,19,19,19,18,18,19,19,19,19,19,19,18,18,17,17,16,16,17,17,17,17,18,17,18,18,18,17,17,17,18,17,17,16,16,17,23,21,21,20,21,22,23,22,22,22,21,21,21,22,23,24,25,26,26,26,27,28,28,29,30,30,29,24,23,25,24,22,18,21,26,29,41,56,71,0,0,0,0
0,0,102,103,106,105,100,102,104,98,89,78,41,32,25,21,20,17,19,17,19,20,20,20,20,19,19,19,18,17,17,19,21,23,25,27,25,24,25,25,27,28,28,27,25,25,24,25,26,24,23,22,22,28,26,23,27,29,27,28,30,30,30,29,28,30,33,32,29,30,28,27,28,26,23,24,27,28,28,28,23,24,24,24,24,23,22,23,25,24,22,22,20,18,18,18,18,18,18,17,18,17,20,19,17,17,17,18,17,17,18,18,18,18,19,19,19,20,20,20,20,20,20,20,19,19,19,18,19,19,18,18,17,17,17,17,17,17,17,17,17,17,18,19,19,20,20,20,22,20,23,21,22,18,25,24,22,20,22,22,22,22,22,22,22,22,22,22,23,25,26,27,25,26,27,27,28,28,29,29,29,24,23,22,20,21,19,19,24,30,44,60,70,75,0,0,0
0,102,104,105,105,105,100,99,98,97,90,81,70,55,46,34,28,25,21,23,23,22,23,21,21,20,19,16,14,14,14,16,21,26,32,34,30,24,23,24,25,25,28,26,25,25,25,24,24,24,25,26,27,30,28,29,29,32,29,29,30,30,30,30,28,30,30,28,26,28,28,28,26,23,22,23,25,28,28,26,26,24,25,24,24,23,21,22,23,23,26,23,19,19,19,21,20,20,19,18,18,16,17,16,15,16,15,15,16,17,16,16,16,17,17,18,19,21,20,22,21,21,21,20,18,17,17,16,18,17,16,16,16,16,16,15,16,15,15,16,15,16,18,18,18,20,20,21,23,23,25,27,25,18,25,25,21,18,22,22,21,22,21,21,21,21,21,21,23,23,23,23,20,21,22,24,24,24,25,27,27,25,21,18,18,17,17,21,23,28,46,61,69,75,0,0,0
0,101,105,106,107,104,102,95,94,92,90,86,81,75,65,57,51,47,45,41,38,37,36,34,33,32,32,31,23,23,27,31,35,39,44,44,42,39,35,35,36,34,36,34,35,33,33,32,33,33,32,31,31,32,31,32,30,30,29,29,27,27,26,26,23,23,22,20,22,25,27,28,28,25,20,18,21,22,20,21,26,28,27,27,24,23,17,14,15,16,18,16,15,13,15,15,15,15,16,17,18,18,18,17,15,15,16,17,16,17,18,19,18,18,19,20,18,18,18,18,17,18,16,15,16,16,15,15,16,16,15,15,15,14,13,13,13,14,14,14,14,15,16,16,16,16,18,19,19,20,22,21,23,16,23,20,19,16,18,19,19,19,18,16,17,17,17,16,16,17,17,16,18,19,19,18,19,21,22,22,23,21,21,18,15,15,15,16,22,33,51,65,71,75,77,0,0
0,0,0,0,0,0,0,0,0,0,0,0,0,0,0,0,0,0,0,0,0,0,0,0,0,0,0,0,0,0,0,0,0,0,0,0,0,0,0,0,0,0,0,0,0,0,0,0,0,0,0,0,0,0,0,0,0,0,0,43,44,45,45,48,49,47,45,43,46,46,47,49,49,46,42,41,40,41,39,38,35,33,33,36,42,39,29,23,20,23,27,28,24,21,26,25,23,26,25,25,27,27,27,28,29,28,26,25,25,25,24,23,21,20,20,20,21,23,26,24,23,22,21,22,19,19,18,17,18,18,17,16,15,14,13,13,9,10,11,13,15,16,18,19,20,17,19,18,18,16,15,14,16,11,19,21,15,14,16,18,17,16,17,16,14,14,14,14,15,17,17,15,13,13,14,15,16,17,18,19,21,20,22,21,18,14,15,20,36,49,61,67,68,70,70,69,0
0,0,0,0,0,0,0,0,0,0,0,0,0,0,0,0,0,0,0,0,0,0,0,0,0,0,0,0,0,0,0,0,0,0,0,0,0,0,0,0,0,0,0,0,0,0,0,0,0,0,0,0,0,0,0,0,0,0,0,0,0,0,0,0,0,0,0,0,0,0,0,0,0,0,0,0,0,0,0,0,0,0,0,0,0,0,0,0,0,0,0,0,0,0,0,0,0,0,0,0,0,0,0,0,0,0,0,0,0,0,0,0,0,0,0,0,0,0,0,0,0,0,0,0,0,40,37,38,47,47,44,42,41,39,36,36,34,36,35,34,32,33,33,34,34,27,28,26,27,27,26,27,24,16,16,18,22,21,22,24,24,21,25,26,26,25,26,27,28,29,28,26,25,23,24,26,26,24,21,19,18,18,15,10,10,12,25,43,58,61,63,62,59,61,63,65,0
0,0,0,0,0,0,0,0,0,0,0,0,0,0,0,0,0,0,0,0,0,0,0,0,0,0,0,0,0,0,0,0,0,0,0,0,0,0,0,0,0,0,0,0,0,0,0,0,0,0,0,0,0,0,0,0,0,0,0,0,0,0,0,0,0,0,0,0,0,0,0,0,0,0,0,0,0,0,0,0,0,0,0,0,0,0,0,0,0,0,0,0,0,0,0,0,0,0,0,0,0,0,0,0,0,0,0,0,0,0,0,0,0,0,0,0,0,0,0,0,0,0,0,0,0,0,0,0,0,0,0,0,0,0,0,0,0,0,0,0,0,0,0,0,0,0,0,0,0,0,0,0,0,0,0,0,0,0,0,0,0,0,0,0,0,0,0,0,0,0,0,0,0,0,0,0,0,0,0,0,0,0,0,0,0,0,0,0,0,0,55,53,51,54,58,62,66
