0,0,0,0,0,0,0,0,0,0,0,0,0,0,0,0,0,0,0,0,0,0,0,0,0,0,0,0,0,0,0,0,0,0,0,0,0,0,0,0,0,0,0,0,0,0,0,0,0,0,0,0,0,0,0,0,0,0,0,0,0,0,0,0,0,0,0,0,0,0,0,0,0,0,0,0,0,0,0,0,0,0,0,0,0,0,0,0,0,0,0,0,0,0,0,0,0,0,0,0,0,0,0,0,0,0,0,0,0,0,0,0,0,0,0,0,0,0,0,0,0,0,0,0,0,0,0,0,0,0,0,0,0,0,0,0,0,0
0,0,0,0,0,0,0,0,0,0,0,0,0,0,0,0,0,0,0,0,0,0,0,0,0,0,0,0,0,0,0,0,0,0,0,0,0,0,0,0,0,0,0,0,0,0,0,0,0,0,0,0,0,0,0,0,0,0,0,0,0,0,0,0,0,0,0,0,0,0,0,0,0,0,0,0,0,0,0,0,0,0,0,0,0,0,0,0,0,0,0,0,0,0,0,0,0,0,0,0,0,0,0,0,0,0,0,0,0,0,0,0,0,0,0,0,0,0,0,0,235,236,237,236,236,235,235,236,237,240,243,245,248,249,250,250,251,0
0,0,0,0,0,0,0,0,0,0,0,0,0,0,0,0,0,0,0,0,0,0,0,0,0,0,0,0,0,0,0,0,0,0,0,0,0,0,0,0,0,0,0,0,0,0,0,0,0,0,0,0,0,0,0,0,0,0,0,0,0,0,0,0,0,0,0,0,0,0,0,0,0,0,0,0,0,0,0,0,0,0,0,0,0,0,0,0,0,0,0,0,0,0,0,0,0,0,0,0,231,230,226,221,218,218,219,220,216,215,213,210,208,205,203,201,200,195,197,198,190,190,190,187,188,188,194,204,217,233,238,240,245,246,248,248,0,0
0,0,0,0,0,0,0,0,0,0,0,0,0,0,0,0,0,0,0,0,0,0,0,0,0,0,0,0,0,0,0,0,0,0,0,0,0,0,0,0,0,0,0,0,0,0,0,0,0,0,0,0,0,0,0,0,0,0,0,0,0,0,0,0,0,0,0,0,0,0,0,0,0,0,0,0,0,0,0,0,0,220,216,216,212,211,210,209,209,208,207,205,203,202,201,200,200,200,200,199,194,190,182,175,172,172,173,173,170,168,165,163,160,158,156,154,147,140,144,145,136,137,138,132,135,133,134,142,163,196,224,235,242,245,247,248,0,0
0,0,0,0,0,0,0,0,0,0,0,0,0,0,0,0,0,0,0,0,0,0,0,0,0,0,0,0,0,0,0,0,0,0,0,0,0,0,0,0,0,0,0,0,0,0,0,0,0,0,0,0,0,0,0,0,0,0,0,0,0,200,197,193,185,184,182,169,165,160,154,149,142,145,142,135,134,128,126,128,128,122,113,107,105,100,97,95,93,92,91,84,79,78,79,82,82,76,74,68,67,62,61,56,56,51,51,50,51,52,56,55,54,49,51,50,48,44,43,42,42,48,50,44,37,41,48,52,54,78,128,179,235,241,246,0,0,0
0,0,0,0,0,0,0,0,0,0,0,0,0,0,0,0,0,0,0,0,0,0,0,0,0,0,0,0,0,0,0,0,0,0,0,0,0,0,0,0,0,0,202,197,172,196,207,207,202,195,191,189,189,185,179,173,169,165,160,156,153,145,139,137,127,127,131,120,111,106,101,101,99,104,103,97,97,95,91,89,91,88,82,80,83,82,75,70,69,72,72,68,66,63,69,71,70,62,59,59,64,64,60,58,55,47,49,48,44,42,42,42,38,39,37,37,43,42,40,39,38,36,36,39,41,48,50,46,42,54,90,138,216,239,245,0,0,0
0,0,0,0,0,0,0,0,0,0,0,0,0,0,0,0,0,0,0,0,0,0,199,195,191,186,189,191,185,179,173,169,159,149,141,139,136,128,126,127,125,120,112,104,92,102,102,92,85,85,80,71,68,66,64,58,54,54,51,52,51,47,40,38,37,42,50,44,36,33,32,34,35,40,36,29,27,30,30,25,24,27,26,23,28,32,33,33,35,35,37,39,41,43,42,40,40,45,44,42,38,39,33,28,29,36,39,41,46,47,47,47,48,39,43,41,42,45,43,42,44,43,43,47,49,52,53,51,38,26,50,108,158,222,0,0,0,0
0,0,74,163,199,205,183,152,145,122,153,216,230,206,183,176,176,171,167,167,163,160,152,147,144,140,133,129,120,116,114,114,109,108,105,102,100,92,92,92,90,88,86,81,73,71,66,61,62,71,69,58,58,56,54,52,49,47,45,46,47,48,43,42,42,43,45,43,44,41,39,41,41,40,35,31,28,32,33,27,24,27,28,29,33,35,33,31,37,37,37,34,33,38,39,40,41,43,42,37,31,34,38,40,41,48,48,48,48,51,48,42,44,51,46,48,47,51,52,49,47,50,53,56,54,51,52,54,43,22,36,90,115,197,0,0,0,0
0,35,124,244,246,240,204,157,156,150,139,108,85,66,60,69,72,65,59,57,55,51,46,39,28,27,29,28,30,32,32,34,34,33,30,30,34,32,32,30,31,30,29,30,33,29,31,35,36,39,36,34,38,38,37,39,41,43,45,45,40,41,48,55,54,49,48,51,48,46,43,45,48,46,44,49,44,43,38,39,47,45,36,39,44,45,47,47,48,44,44,45,44,45,47,46,50,47,48,44,45,46,46,48,46,47,49,42,39,47,50,50,52,33,43,45,44,43,46,45,44,47,51,54,54,54,52,53,53,36,44,85,109,0,0,0,0,0
0,0,135,249,248,246,191,132,136,125,98,62,50,55,61,64,58,48,50,61,37,35,35,39,39,37,37,42,42,39,36,34,30,29,32,35,38,39,41,38,37,36,37,37,39,41,37,35,35,36,36,39,45,42,35,35,43,50,49,42,38,42,49,55,57,47,37,41,52,52,47,44,46,48,50,56,50,48,42,40,43,40,38,44,49,50,46,44,45,50,50,48,54,53,50,45,44,51,50,50,44,41,39,36,36,44,47,42,36,42,45,48,45,35,43,42,37,36,38,38,40,44,45,48,49,51,50,54,52,34,53,107,0,0,0,0,0,0
0,0,136,245,244,240,184,127,108,43,11,26,42,49,58,55,38,30,36,43,48,47,50,50,46,47,51,51,51,47,49,52,48,49,52,53,50,50,57,56,51,49,52,50,51,59,53,48,54,54,48,48,49,46,43,43,45,46,48,50,47,49,43,39,43,38,32,41,43,45,45,43,43,44,45,45,43,43,44,41,40,43,46,46,46,44,40,42,44,45,45,45,43,45,45,46,39,44,39,40,39,37,43,43,42,44,41,42,42,44,42,39,37,44,40,36,38,39,40,37,38,41,42,44,44,43,42,51,47,39,71,127,0,0,0,0,0,0
0,0,0,240,229,214,170,118,86,20,8,38,42,43,49,53,50,45,43,42,39,38,41,39,37,34,40,43,44,44,45,49,49,50,50,50,48,50,55,51,45,41,44,45,46,52,41,38,48,47,42,50,46,46,47,46,44,46,47,50,49,52,47,43,43,36,33,41,47,43,41,39,37,38,41,42,42,45,46,42,41,44,43,40,39,38,39,40,44,37,36,37,40,41,43,42,43,44,46,42,37,39,38,38,37,38,38,38,40,40,37,40,52,49,44,37,36,35,37,35,37,43,45,45,45,45,43,53,56,71,100,0,0,0,0,0,0,0
0,0,0,0,89,88,108,114,43,22,27,40,43,44,45,47,50,51,46,49,63,60,55,48,49,55,51,46,46,42,42,45,47,47,47,47,44,44,48,48,44,41,41,44,44,41,41,41,42,41,43,44,40,44,44,42,43,44,45,47,45,44,43,43,42,38,37,41,42,45,45,45,37,36,35,36,38,39,37,36,37,37,36,38,36,37,42,40,34,36,42,42,41,40,39,40,39,41,42,41,37,38,32,31,33,34,37,37,39,31,37,42,31,32,40,42,37,37,37,37,39,41,44,47,49,43,54,55,46,89,119,0,0,0,0,0,0,0
0,0,0,0,66,72,111,121,52,27,28,43,50,50,52,51,51,49,41,47,47,48,52,51,51,52,54,54,51,46,42,43,43,43,43,42,41,42,44,42,41,43,42,42,42,43,42,40,41,41,40,39,39,40,38,37,36,36,36,38,40,43,42,39,37,34,35,39,34,34,33,33,32,33,33,33,32,34,34,32,33,33,33,34,35,33,32,30,27,30,33,29,28,28,28,28,27,30,29,29,29,33,30,28,26,29,30,29,29,30,40,41,30,34,41,48,42,41,40,41,41,40,41,44,46,52,62,59,62,112,0,0,0,0,0,0,0,0
0,0,0,0,0,85,127,131,76,43,28,42,50,51,55,54,51,48,44,47,51,47,44,45,42,40,42,44,44,41,39,41,42,43,44,45,42,43,45,43,41,40,39,39,41,41,40,38,37,36,38,41,44,41,37,36,35,33,32,33,33,33,33,33,33,32,32,32,31,30,30,29,29,28,26,26,25,24,24,24,25,26,27,27,27,26,25,24,23,24,24,23,22,22,21,22,24,23,25,25,23,24,23,23,24,27,30,26,28,28,34,34,29,39,42,48,50,46,43,45,43,41,41,46,51,46,48,60,105,125,0,0,0,0,0,0,0,0
0,0,0,0,0,85,117,143,119,60,24,47,49,49,52,55,50,48,52,49,50,48,43,43,38,36,33,33,33,32,33,34,34,34,35,35,33,33,32,32,34,34,34,35,34,32,31,31,31,29,29,32,29,29,32,35,35,32,30,29,30,33,32,34,34,32,32,33,40,38,36,37,41,42,43,44,42,43,46,49,52,54,53,49,48,48,50,52,59,61,62,58,60,65,71,78,83,75,77,76,74,77,82,85,90,84,88,87,92,95,92,97,111,97,73,39,41,43,43,44,39,35,39,46,52,42,39,63,143,0,0,0,0,0,0,0,0,0
0,0,0,0,0,0,84,132,148,84,31,42,51,45,43,47,43,43,50,49,47,49,46,42,38,35,32,31,29,29,29,30,31,31,31,31,27,27,26,26,26,26,26,26,25,25,26,25,24,24,25,25,26,25,25,26,27,30,32,31,32,36,38,40,43,47,55,60,61,66,71,75,76,76,77,80,82,88,92,93,97,108,113,111,112,115,117,116,124,128,128,123,127,131,132,135,135,133,135,138,141,139,142,148,152,145,145,151,152,138,151,157,170,143,70,27,30,38,45,45,40,36,39,41,50,34,39,87,0,0,0,0,0,0,0,0,0,0
0,0,0,0,0,0,0,100,147,106,52,36,53,43,39,39,40,41,45,52,44,46,46,40,39,38,35,34,35,36,37,41,46,50,52,53,51,55,59,63,66,68,71,73,70,73,78,78,77,83,87,89,91,92,95,97,100,105,108,107,100,102,104,107,109,111,112,114,118,120,120,124,125,127,127,128,134,134,136,138,138,140,142,142,146,149,146,146,150,150,147,149,154,155,155,154,152,160,151,152,161,159,161,167,162,161,152,161,172,158,160,163,169,113,37,24,31,40,48,49,46,43,43,38,42,24,60,128,0,0,0,0,0,0,0,0,0,0
0,0,0,0,0,0,0,60,117,123,88,42,43,38,37,36,39,41,43,50,50,52,53,58,67,79,89,92,96,98,100,104,110,113,114,116,120,120,121,124,127,129,133,135,138,138,140,141,141,142,141,143,156,161,166,166,164,165,166,166,166,163,164,164,165,166,167,169,171,172,170,168,165,167,168,169,170,172,172,168,169,173,173,168,167,165,160,166,169,163,159,168,168,164,162,159,158,171,166,167,166,161,160,165,163,170,163,165,176,161,160,168,149,55,20,30,35,41,46,47,43,43,44,36,27,37,103,0,0,0,0,0,0,0,0,0,0,0
0,0,0,0,0,0,0,0,97,139,128,62,34,36,38,38,41,41,44,44,42,41,43,67,91,118,132,132,136,138,141,144,148,150,151,153,160,163,163,161,160,163,167,167,165,165,164,164,164,164,161,166,177,180,182,183,183,181,178,174,172,171,172,169,169,172,169,167,168,168,167,167,165,167,167,166,169,169,169,169,168,166,165,164,163,161,159,163,165,155,154,168,161,160,160,157,157,162,163,163,160,158,160,160,159,159,162,157,161,165,176,170,109,30,22,41,38,39,40,42,40,44,44,35,24,73,131,0,0,0,0,0,0,0,0,0,0,0
0,0,0,0,0,0,0,0,71,145,177,115,26,22,42,43,48,41,40,46,44,35,32,47,107,162,192,194,188,189,189,181,180,179,177,180,176,180,179,176,182,181,178,177,174,176,174,174,176,174,172,177,174,177,174,174,181,178,174,177,171,168,166,166,166,165,165,165,162,161,161,161,161,161,161,160,160,160,159,159,158,158,158,159,160,158,158,160,158,155,156,158,157,157,154,151,151,155,158,158,160,155,158,156,152,153,159,152,150,169,173,132,32,16,36,38,40,36,34,38,46,38,44,30,24,106,0,0,0,0,0,0,0,0,0,0,0,0
0,0,0,0,0,0,0,0,0,115,149,142,74,33,31,40,43,43,40,39,41,37,30,30,62,132,187,189,189,180,179,178,174,174,173,175,175,175,173,172,176,177,174,171,168,170,167,165,167,166,164,168,166,166,166,168,171,169,169,171,167,164,162,162,161,161,161,159,159,158,158,158,158,158,158,157,157,157,157,157,156,157,157,157,157,157,157,158,157,156,156,158,157,156,155,154,154,155,157,157,158,155,156,155,154,154,159,157,163,174,149,76,14,28,44,41,41,34,34,40,46,37,27,32,74,118,0,0,0,0,0,0,0,0,0,0,0,0
0,0,0,0,0,0,0,0,0,0,106,176,131,55,28,42,39,42,40,41,42,43,34,28,28,93,162,181,188,179,177,174,170,172,172,170,170,169,168,167,165,167,169,168,168,171,167,164,166,167,165,167,166,165,168,167,163,163,165,163,163,162,161,161,161,162,161,160,161,159,159,160,159,159,159,158,158,158,157,157,157,157,157,157,157,157,157,157,157,157,157,157,158,158,158,159,159,158,158,159,158,155,156,156,153,152,154,158,161,156,103,30,22,40,43,37,37,37,37,36,46,34,25,32,129,0,0,0,0,0,0,0,0,0,0,0,0,0
0,0,0,0,0,0,0,0,0,0,90,189,166,82,41,36,38,38,43,47,42,44,44,31,26,57,120,168,184,180,178,173,172,178,177,167,169,168,168,166,159,162,166,166,168,172,169,166,167,168,166,167,167,165,169,167,161,163,166,161,160,159,159,160,159,160,159,158,159,159,159,159,159,159,159,158,159,158,158,157,157,157,157,157,157,158,157,157,157,158,157,156,157,157,156,157,157,156,156,157,154,154,159,160,153,155,154,161,169,146,67,10,32,32,41,38,37,38,40,37,50,27,27,82,0,0,0,0,0,0,0,0,0,0,0,0,0,0
0,0,0,0,0,0,0,0,0,0,0,124,187,144,58,26,48,46,53,43,41,39,45,37,29,32,72,148,173,179,175,171,171,179,177,168,173,171,171,168,162,166,169,167,167,172,169,166,167,166,163,165,166,162,166,166,162,164,166,163,161,160,160,161,159,158,158,158,159,159,159,159,159,160,160,158,158,157,157,157,157,157,157,157,157,157,157,157,157,157,157,157,157,155,153,151,152,153,156,157,158,158,158,155,152,154,158,162,164,87,29,14,33,32,37,38,39,39,37,43,35,23,55,140,0,0,0,0,0,0,0,0,0,0,0,0,0,0
0,0,0,0,0,0,0,0,0,0,0,101,162,159,92,36,43,45,51,42,41,39,42,44,33,27,36,105,159,185,174,166,169,178,172,171,173,174,174,172,170,172,173,170,168,173,171,168,169,167,164,167,167,164,167,165,164,165,165,162,160,159,159,160,159,158,158,158,159,159,159,159,158,159,159,157,158,158,157,157,157,157,157,157,157,157,157,157,157,157,157,157,157,155,151,147,147,151,155,157,157,156,153,150,151,149,164,165,148,56,14,28,36,36,37,41,40,45,38,33,25,32,104,0,0,0,0,0,0,0,0,0,0,0,0,0,0,0
0,0,0,0,0,0,0,0,0,0,0,0,127,174,158,77,34,28,42,44,38,39,45,40,37,29,25,52,131,181,177,167,172,177,173,173,170,173,174,172,174,174,172,171,168,172,170,168,169,168,165,168,167,166,168,165,164,166,165,162,161,160,160,161,160,160,161,160,159,159,160,160,159,159,159,158,158,158,157,157,157,157,157,156,157,157,157,157,157,157,157,157,158,157,155,152,152,154,157,158,157,158,161,160,157,157,168,155,92,31,18,34,40,43,37,38,41,44,39,29,24,77,130,0,0,0,0,0,0,0,0,0,0,0,0,0,0,0
0,0,0,0,0,0,0,0,0,0,0,0,0,163,182,120,37,24,29,42,38,40,45,36,37,31,26,24,94,160,180,174,170,169,175,176,170,173,172,170,175,172,168,167,168,172,170,168,169,169,165,167,168,165,167,166,165,165,163,163,163,162,162,161,161,161,161,159,158,159,159,159,159,159,160,158,159,158,157,157,157,157,157,157,157,157,157,157,157,157,157,157,157,157,158,157,156,156,156,157,154,151,155,157,154,172,169,131,34,23,32,28,38,38,36,40,43,35,31,32,51,100,0,0,0,0,0,0,0,0,0,0,0,0,0,0,0,0
0,0,0,0,0,0,0,0,0,0,0,0,0,130,172,159,68,31,28,46,42,39,42,39,39,43,41,29,47,112,175,185,174,161,172,174,171,171,169,170,170,170,168,168,169,171,169,168,170,168,165,167,166,168,165,164,165,165,163,163,163,162,163,161,158,159,159,160,159,159,159,159,159,159,158,158,158,158,157,157,157,157,157,157,158,157,157,157,157,157,157,157,155,158,159,159,155,153,156,157,151,153,160,157,162,177,156,94,19,20,36,29,38,42,39,37,41,42,32,25,98,131,0,0,0,0,0,0,0,0,0,0,0,0,0,0,0,0
0,0,0,0,0,0,0,0,0,0,0,0,0,0,130,168,106,55,34,34,38,45,49,44,36,38,43,40,30,70,140,181,182,162,165,175,169,169,168,168,169,168,167,167,169,170,169,169,170,168,166,167,167,168,165,164,164,164,163,163,163,162,163,160,158,159,158,159,160,159,159,159,159,159,159,159,158,158,157,157,157,157,157,157,156,157,158,156,156,158,158,156,155,158,159,158,155,154,156,158,159,158,160,154,166,173,107,40,17,34,42,39,44,34,35,40,39,35,29,49,116,0,0,0,0,0,0,0,0,0,0,0,0,0,0,0,0,0
0,0,0,0,0,0,0,0,0,0,0,0,0,0,72,157,158,94,44,24,39,50,45,47,37,38,42,45,36,34,99,162,185,175,157,170,169,169,169,168,169,169,169,169,169,169,169,169,168,167,166,166,167,166,164,164,164,163,163,163,164,162,162,160,159,160,160,160,160,160,160,160,160,160,160,159,159,158,157,157,157,157,157,157,158,154,155,159,159,155,155,159,158,157,154,156,158,158,158,156,159,154,160,159,161,140,57,13,34,43,40,37,44,33,36,36,41,26,26,96,0,0,0,0,0,0,0,0,0,0,0,0,0,0,0,0,0,0
0,0,0,0,0,0,0,0,0,0,0,0,0,0,0,117,180,136,74,37,36,44,38,46,38,37,42,47,44,27,69,136,175,178,163,170,170,169,169,168,169,170,169,169,169,168,168,168,167,166,165,166,166,165,164,165,164,162,163,163,163,161,162,161,161,162,161,161,161,161,161,161,161,161,160,160,159,158,157,157,157,157,157,158,158,154,154,159,159,154,154,159,161,155,150,153,161,163,158,152,153,146,152,158,153,98,28,14,39,34,51,39,36,42,44,38,36,35,68,127,0,0,0,0,0,0,0,0,0,0,0,0,0,0,0,0,0,0
0,0,0,0,0,0,0,0,0,0,0,0,0,0,0,0,167,198,155,29,30,33,44,47,39,38,41,41,44,30,49,100,154,175,174,172,171,170,169,169,168,171,169,169,170,170,168,167,168,167,165,167,167,166,165,166,164,162,163,163,162,161,162,162,161,162,161,161,161,161,161,161,161,161,160,160,159,158,157,157,157,157,157,158,158,154,154,159,159,154,154,158,159,155,153,154,159,161,157,155,161,156,162,167,138,55,16,29,40,38,35,35,35,39,42,36,26,36,107,0,0,0,0,0,0,0,0,0,0,0,0,0,0,0,0,0,0,0
0,0,0,0,0,0,0,0,0,0,0,0,0,0,0,0,115,193,162,59,34,29,49,37,42,41,39,42,50,39,36,60,124,171,185,172,170,170,169,170,169,173,170,170,170,170,168,167,168,166,165,166,168,167,166,166,164,163,164,163,162,161,161,162,161,161,161,160,160,160,160,160,160,160,160,159,158,157,157,157,157,157,157,157,158,155,155,158,158,156,155,157,154,158,160,158,155,153,155,161,160,165,163,148,98,34,19,39,40,32,37,36,39,37,37,37,29,75,122,0,0,0,0,0,0,0,0,0,0,0,0,0,0,0,0,0,0,0
0,0,0,0,0,0,0,0,0,0,0,0,0,0,0,0,0,117,168,140,48,26,43,34,46,44,40,46,53,51,31,35,85,147,186,179,169,168,168,169,168,173,172,171,169,168,168,167,167,165,165,165,168,168,167,166,164,163,164,163,162,161,161,162,161,161,161,160,160,159,159,159,159,159,159,159,157,158,157,156,156,158,158,157,156,158,158,155,155,158,158,155,154,159,162,159,155,152,154,161,162,170,163,124,45,21,30,44,45,36,38,38,37,53,30,28,23,126,0,0,0,0,0,0,0,0,0,0,0,0,0,0,0,0,0,0,0,0
0,0,0,0,0,0,0,0,0,0,0,0,0,0,0,0,0,96,184,167,79,28,32,33,43,45,47,52,51,54,37,27,49,117,168,186,170,168,169,168,168,173,173,173,170,168,168,169,166,165,166,165,167,168,167,166,165,163,163,162,162,161,160,161,161,161,161,161,159,159,159,159,159,159,158,158,157,158,157,155,155,158,158,157,157,159,158,155,155,157,158,157,157,157,157,157,158,158,155,157,159,178,142,81,20,29,34,47,42,39,42,46,38,49,31,27,68,139,0,0,0,0,0,0,0,0,0,0,0,0,0,0,0,0,0,0,0,0
0,0,0,0,0,0,0,0,0,0,0,0,0,0,0,0,0,0,147,191,132,38,27,39,44,40,48,56,39,47,49,36,30,68,127,170,174,174,173,171,165,173,179,172,171,170,169,170,169,166,167,168,169,168,167,167,167,165,162,162,162,161,161,161,161,161,161,160,159,159,159,159,159,159,159,158,157,158,158,155,155,158,158,157,158,155,155,158,158,154,153,158,155,157,159,159,159,153,153,158,160,167,121,46,24,32,40,42,42,39,42,49,35,36,30,33,150,0,0,0,0,0,0,0,0,0,0,0,0,0,0,0,0,0,0,0,0,0
0,0,0,0,0,0,0,0,0,0,0,0,0,0,0,0,0,0,143,189,175,74,29,38,47,39,39,46,38,44,49,40,28,41,97,157,178,180,173,170,169,172,174,171,172,169,169,169,170,165,167,169,169,167,167,168,167,164,162,163,162,161,161,161,161,161,161,160,160,159,159,159,159,159,158,158,157,158,158,155,155,158,158,157,158,154,154,158,158,153,152,159,156,156,155,155,158,155,153,159,170,142,81,29,25,38,43,40,37,36,36,44,49,32,38,80,140,0,0,0,0,0,0,0,0,0,0,0,0,0,0,0,0,0,0,0,0,0
0,0,0,0,0,0,0,0,0,0,0,0,0,0,0,0,0,0,0,209,201,125,51,33,49,51,39,38,39,40,41,45,38,27,61,129,173,184,176,167,172,169,171,172,172,167,167,169,171,168,166,167,167,167,167,166,164,163,162,162,160,161,161,161,161,162,161,161,160,160,159,159,159,159,158,158,157,158,157,155,155,158,158,157,157,155,155,158,158,154,154,157,158,156,151,151,155,156,154,160,172,100,35,19,33,44,44,37,37,41,43,39,36,25,55,145,0,0,0,0,0,0,0,0,0,0,0,0,0,0,0,0,0,0,0,0,0,0
0,0,0,0,0,0,0,0,0,0,0,0,0,0,0,0,0,0,0,0,210,163,96,51,45,50,39,35,40,37,36,44,51,30,36,88,154,183,182,168,174,168,168,170,170,167,169,172,169,172,167,166,166,167,167,165,162,162,162,160,159,162,162,160,161,162,161,161,160,160,159,159,159,159,159,159,158,157,157,157,157,157,157,158,158,158,158,158,158,158,157,156,158,155,151,151,154,158,162,161,147,59,16,31,44,39,36,38,38,40,41,34,29,39,94,0,0,0,0,0,0,0,0,0,0,0,0,0,0,0,0,0,0,0,0,0,0,0
0,0,0,0,0,0,0,0,0,0,0,0,0,0,0,0,0,0,0,0,212,185,138,83,47,36,36,37,42,38,38,43,54,36,26,52,119,167,181,174,178,167,159,168,170,170,172,172,166,172,170,168,167,167,167,165,162,162,162,162,160,162,162,161,161,162,161,161,160,160,159,159,159,159,159,159,159,157,156,158,158,156,157,158,159,159,159,159,159,160,159,157,159,160,158,155,155,164,171,154,102,39,21,35,43,37,35,39,41,38,38,33,26,74,126,0,0,0,0,0,0,0,0,0,0,0,0,0,0,0,0,0,0,0,0,0,0,0
0,0,0,0,0,0,0,0,0,0,0,0,0,0,0,0,0,0,0,0,0,185,158,121,72,36,36,38,43,39,39,44,47,45,29,33,70,134,169,173,177,175,161,169,174,171,172,167,163,170,170,167,167,167,166,164,162,162,162,162,161,162,162,161,161,161,161,161,160,160,159,159,159,159,159,159,158,156,155,158,158,155,156,158,158,161,160,158,158,162,162,158,159,163,162,157,159,169,170,135,56,34,33,32,36,40,38,37,38,43,37,32,36,101,0,0,0,0,0,0,0,0,0,0,0,0,0,0,0,0,0,0,0,0,0,0,0,0
0,0,0,0,0,0,0,0,0,0,0,0,0,0,0,0,0,0,0,0,0,164,156,159,106,45,38,41,41,44,45,47,43,50,36,28,30,101,163,175,171,173,165,168,174,171,168,165,165,167,166,165,166,168,166,162,160,161,161,160,162,161,162,161,161,161,162,161,160,160,159,159,159,159,159,159,157,156,155,158,158,155,156,158,158,161,161,156,156,162,162,156,155,158,156,156,162,166,148,98,30,29,41,41,37,36,37,39,38,35,30,29,88,137,0,0,0,0,0,0,0,0,0,0,0,0,0,0,0,0,0,0,0,0,0,0,0,0
0,0,0,0,0,0,0,0,0,0,0,0,0,0,0,0,0,0,0,0,0,0,154,193,147,64,35,42,40,52,58,51,46,47,42,31,21,60,137,174,180,176,168,168,170,170,167,169,168,166,163,167,166,167,165,163,161,160,160,161,163,162,162,161,160,161,161,161,160,160,159,159,159,159,159,159,158,157,156,158,158,156,157,158,159,160,160,157,155,158,158,155,154,154,151,156,164,155,116,58,26,29,45,47,35,32,39,42,37,39,31,48,120,0,0,0,0,0,0,0,0,0,0,0,0,0,0,0,0,0,0,0,0,0,0,0,0,0
0,0,0,0,0,0,0,0,0,0,0,0,0,0,0,0,0,0,0,0,0,0,0,167,185,114,49,40,41,38,42,48,47,46,42,41,36,27,78,151,186,177,172,168,169,169,170,166,172,168,165,167,165,164,167,164,164,160,160,161,162,162,162,161,161,161,162,160,160,160,159,159,160,159,159,160,158,157,157,158,158,157,157,158,158,159,156,155,157,156,155,158,154,155,147,158,169,154,78,13,32,40,43,35,31,32,45,47,43,27,30,100,153,0,0,0,0,0,0,0,0,0,0,0,0,0,0,0,0,0,0,0,0,0,0,0,0,0
0,0,0,0,0,0,0,0,0,0,0,0,0,0,0,0,0,0,0,0,0,0,0,152,171,137,85,51,58,42,36,38,44,42,43,49,39,24,47,114,176,177,175,174,173,172,167,167,173,169,167,168,167,165,163,161,162,160,162,163,162,162,162,160,161,161,161,160,160,160,159,159,160,159,159,159,158,157,157,158,158,157,158,159,160,159,158,159,158,158,157,157,153,146,151,160,161,115,47,16,38,46,42,32,31,32,47,49,31,29,55,114,0,0,0,0,0,0,0,0,0,0,0,0,0,0,0,0,0,0,0,0,0,0,0,0,0,0
0,0,0,0,0,0,0,0,0,0,0,0,0,0,0,0,0,0,0,0,0,0,0,0,167,181,128,47,42,50,50,40,43,42,40,39,36,35,32,67,149,175,178,180,174,170,166,166,169,174,165,170,168,165,160,159,160,162,165,165,162,162,162,161,161,161,161,160,160,160,159,159,159,159,159,159,158,158,158,158,158,158,158,159,161,162,163,162,160,160,158,154,148,149,157,157,148,71,21,34,43,47,39,32,33,32,39,40,30,31,94,0,0,0,0,0,0,0,0,0,0,0,0,0,0,0,0,0,0,0,0,0,0,0,0,0,0,0
0,0,0,0,0,0,0,0,0,0,0,0,0,0,0,0,0,0,0,0,0,0,0,0,127,174,168,97,43,50,44,35,41,49,45,40,42,45,27,34,107,165,178,178,175,165,163,165,172,174,168,169,168,166,160,162,163,162,164,164,162,162,162,161,162,161,161,160,160,159,159,159,159,159,159,159,158,158,158,158,158,158,158,158,158,161,161,161,161,158,154,154,150,155,161,152,111,35,18,49,43,45,39,36,40,40,34,28,25,58,112,0,0,0,0,0,0,0,0,0,0,0,0,0,0,0,0,0,0,0,0,0,0,0,0,0,0,0
0,0,0,0,0,0,0,0,0,0,0,0,0,0,0,0,0,0,0,0,0,0,0,0,0,159,188,153,52,35,33,36,42,46,42,43,50,48,35,29,60,134,170,168,169,165,176,167,173,171,172,168,167,166,162,166,165,161,161,160,161,162,161,160,162,162,161,160,160,159,159,159,159,159,159,159,158,158,158,158,158,158,158,157,154,154,154,156,158,155,153,156,157,160,166,142,58,16,28,47,35,37,39,38,41,45,29,25,22,117,0,0,0,0,0,0,0,0,0,0,0,0,0,0,0,0,0,0,0,0,0,0,0,0,0,0,0,0
0,0,0,0,0,0,0,0,0,0,0,0,0,0,0,0,0,0,0,0,0,0,0,0,0,0,169,172,82,37,33,39,43,46,42,42,38,36,46,40,21,83,159,174,174,163,172,166,167,167,165,168,165,164,162,166,164,160,158,158,161,161,161,160,162,161,160,160,160,159,159,159,159,159,159,159,158,158,158,158,158,158,157,157,153,152,152,155,157,158,157,157,161,168,153,101,27,19,32,35,33,35,40,39,41,47,29,27,65,129,0,0,0,0,0,0,0,0,0,0,0,0,0,0,0,0,0,0,0,0,0,0,0,0,0,0,0,0
0,0,0,0,0,0,0,0,0,0,0,0,0,0,0,0,0,0,0,0,0,0,0,0,0,0,132,187,146,66,22,24,35,46,48,44,40,41,39,39,25,49,117,169,172,174,173,173,167,166,166,163,163,162,162,163,163,162,161,161,163,163,161,159,161,160,160,160,160,159,160,160,159,159,159,159,158,158,158,158,158,157,158,159,159,158,156,156,158,159,158,160,161,169,127,51,20,28,35,39,36,38,40,38,41,44,36,44,133,0,0,0,0,0,0,0,0,0,0,0,0,0,0,0,0,0,0,0,0,0,0,0,0,0,0,0,0,0
0,0,0,0,0,0,0,0,0,0,0,0,0,0,0,0,0,0,0,0,0,0,0,0,0,0,0,172,179,100,34,29,36,39,43,43,46,42,37,40,33,25,77,147,176,180,178,170,167,168,169,163,163,162,162,162,163,166,166,166,164,164,161,159,161,160,160,160,160,159,160,160,159,159,159,159,158,159,159,159,158,157,158,160,165,163,157,156,159,155,155,165,161,148,91,15,20,35,46,44,39,39,40,44,41,30,43,78,134,0,0,0,0,0,0,0,0,0,0,0,0,0,0,0,0,0,0,0,0,0,0,0,0,0,0,0,0,0
0,0,0,0,0,0,0,0,0,0,0,0,0,0,0,0,0,0,0,0,0,0,0,0,0,0,0,96,169,166,95,22,35,38,41,41,44,45,40,44,44,24,41,115,161,182,183,172,163,163,167,163,163,163,164,164,164,165,166,166,164,164,162,160,160,160,159,161,160,159,160,161,159,159,159,158,158,160,160,158,155,153,157,164,165,161,154,158,162,153,158,163,162,112,48,17,26,42,44,42,42,42,44,43,37,21,50,155,0,0,0,0,0,0,0,0,0,0,0,0,0,0,0,0,0,0,0,0,0,0,0,0,0,0,0,0,0,0
0,0,0,0,0,0,0,0,0,0,0,0,0,0,0,0,0,0,0,0,0,0,0,0,0,0,0,0,133,181,138,55,37,38,41,39,42,43,39,38,41,30,29,64,135,176,185,170,155,159,168,166,166,165,165,165,165,165,164,165,164,164,162,161,161,159,159,161,160,159,160,161,158,158,159,158,159,159,160,159,157,154,155,161,160,155,155,159,159,159,168,169,144,71,19,18,40,49,47,43,44,45,38,45,35,35,82,0,0,0,0,0,0,0,0,0,0,0,0,0,0,0,0,0,0,0,0,0,0,0,0,0,0,0,0,0,0,0
0,0,0,0,0,0,0,0,0,0,0,0,0,0,0,0,0,0,0,0,0,0,0,0,0,0,0,0,0,180,181,106,38,28,38,41,43,47,40,34,40,43,31,28,91,153,180,166,159,163,171,168,165,165,164,165,166,165,165,166,164,164,162,161,160,158,158,161,160,159,160,160,157,157,158,157,157,155,158,160,160,157,154,156,154,154,153,157,159,164,167,164,105,27,21,30,40,44,45,46,46,48,34,35,21,72,127,0,0,0,0,0,0,0,0,0,0,0,0,0,0,0,0,0,0,0,0,0,0,0,0,0,0,0,0,0,0,0
0,0,0,0,0,0,0,0,0,0,0,0,0,0,0,0,0,0,0,0,0,0,0,0,0,0,0,0,0,145,186,145,57,31,37,39,43,45,45,46,41,45,40,25,49,121,170,169,167,172,171,164,163,165,164,162,162,162,161,161,163,162,161,161,159,157,159,163,160,159,159,160,157,157,157,156,156,153,157,161,164,163,157,155,155,153,149,155,161,165,161,143,62,11,34,42,39,39,45,47,48,41,37,28,38,105,0,0,0,0,0,0,0,0,0,0,0,0,0,0,0,0,0,0,0,0,0,0,0,0,0,0,0,0,0,0,0,0
0,0,0,0,0,0,0,0,0,0,0,0,0,0,0,0,0,0,0,0,0,0,0,0,0,0,0,0,0,0,158,182,113,51,28,35,37,43,51,49,39,41,41,37,27,83,148,174,165,172,166,162,162,163,162,160,160,161,161,161,161,161,161,161,159,157,159,163,160,159,159,160,158,158,157,156,156,153,154,157,161,163,157,153,154,154,153,155,160,176,159,90,19,18,39,42,40,38,44,40,39,52,43,27,100,139,0,0,0,0,0,0,0,0,0,0,0,0,0,0,0,0,0,0,0,0,0,0,0,0,0,0,0,0,0,0,0,0
0,0,0,0,0,0,0,0,0,0,0,0,0,0,0,0,0,0,0,0,0,0,0,0,0,0,0,0,0,0,112,184,158,76,29,36,37,41,50,42,37,39,37,44,25,41,106,164,171,173,169,170,167,166,162,160,161,160,159,160,160,160,161,161,159,158,159,162,161,159,159,161,160,160,158,156,157,155,154,155,159,162,159,154,155,158,159,157,158,174,141,49,17,36,33,37,43,41,39,36,39,41,32,43,119,0,0,0,0,0,0,0,0,0,0,0,0,0,0,0,0,0,0,0,0,0,0,0,0,0,0,0,0,0,0,0,0,0
0,0,0,0,0,0,0,0,0,0,0,0,0,0,0,0,0,0,0,0,0,0,0,0,0,0,0,0,0,0,0,148,182,124,56,21,35,35,42,41,39,40,40,49,42,26,63,136,177,171,162,167,165,164,160,159,160,160,159,161,160,160,161,161,160,159,160,161,161,159,159,161,161,161,159,157,157,158,156,155,156,159,159,154,153,156,158,159,165,159,98,21,33,45,39,34,36,42,46,43,43,26,39,90,128,0,0,0,0,0,0,0,0,0,0,0,0,0,0,0,0,0,0,0,0,0,0,0,0,0,0,0,0,0,0,0,0,0
0,0,0,0,0,0,0,0,0,0,0,0,0,0,0,0,0,0,0,0,0,0,0,0,0,0,0,0,0,0,0,0,209,172,90,18,33,44,46,39,43,41,38,47,44,25,32,106,175,170,155,165,163,165,163,160,160,161,160,160,160,160,160,160,160,160,161,161,161,159,158,161,161,161,159,157,160,162,159,157,156,156,159,155,149,150,157,168,166,124,49,15,40,43,45,39,35,37,50,44,30,28,58,118,0,0,0,0,0,0,0,0,0,0,0,0,0,0,0,0,0,0,0,0,0,0,0,0,0,0,0,0,0,0,0,0,0,0
0,0,0,0,0,0,0,0,0,0,0,0,0,0,0,0,0,0,0,0,0,0,0,0,0,0,0,0,0,0,0,0,155,201,156,60,27,45,53,46,48,45,44,45,43,41,24,42,120,161,178,184,162,164,163,160,160,160,159,160,160,160,160,160,160,160,160,161,160,160,160,161,160,161,160,158,160,161,162,158,153,155,158,155,152,153,154,169,161,64,19,34,44,42,37,36,41,37,46,40,28,27,87,0,0,0,0,0,0,0,0,0,0,0,0,0,0,0,0,0,0,0,0,0,0,0,0,0,0,0,0,0,0,0,0,0,0,0
0,0,0,0,0,0,0,0,0,0,0,0,0,0,0,0,0,0,0,0,0,0,0,0,0,0,0,0,0,0,0,0,0,175,161,83,44,28,42,53,48,43,40,44,38,47,30,21,86,140,173,174,166,162,160,161,160,160,161,160,160,160,160,160,160,160,160,160,160,160,160,161,161,161,160,159,160,161,163,161,156,155,157,158,155,158,160,157,119,34,18,49,46,34,32,35,49,42,45,35,30,67,115,0,0,0,0,0,0,0,0,0,0,0,0,0,0,0,0,0,0,0,0,0,0,0,0,0,0,0,0,0,0,0,0,0,0,0
0,0,0,0,0,0,0,0,0,0,0,0,0,0,0,0,0,0,0,0,0,0,0,0,0,0,0,0,0,0,0,0,0,156,186,155,62,32,31,38,43,43,47,57,39,50,35,25,43,105,160,173,162,159,159,161,160,160,160,160,160,160,160,160,160,160,160,160,160,160,161,161,160,160,160,158,161,159,160,161,158,156,157,158,158,165,161,133,68,22,22,44,35,35,39,46,42,40,42,36,32,120,0,0,0,0,0,0,0,0,0,0,0,0,0,0,0,0,0,0,0,0,0,0,0,0,0,0,0,0,0,0,0,0,0,0,0,0
0,0,0,0,0,0,0,0,0,0,0,0,0,0,0,0,0,0,0,0,0,0,0,0,0,0,0,0,0,0,0,0,0,0,148,181,90,51,28,32,41,44,44,57,43,43,35,34,21,65,140,176,155,159,160,160,160,160,160,160,160,160,160,160,160,160,160,160,160,160,161,161,160,160,159,159,158,158,159,159,156,154,155,158,159,168,155,103,25,18,33,46,36,43,44,49,36,35,38,29,76,123,0,0,0,0,0,0,0,0,0,0,0,0,0,0,0,0,0,0,0,0,0,0,0,0,0,0,0,0,0,0,0,0,0,0,0,0
0,0,0,0,0,0,0,0,0,0,0,0,0,0,0,0,0,0,0,0,0,0,0,0,0,0,0,0,0,0,0,0,0,0,0,185,148,60,28,29,39,40,43,43,41,38,38,44,25,32,95,167,159,163,163,159,160,161,161,160,160,160,160,160,160,160,160,160,160,160,161,161,161,160,160,160,158,159,159,159,157,155,156,159,163,167,127,62,17,26,43,42,47,47,36,49,45,36,29,30,133,0,0,0,0,0,0,0,0,0,0,0,0,0,0,0,0,0,0,0,0,0,0,0,0,0,0,0,0,0,0,0,0,0,0,0,0,0
0,0,0,0,0,0,0,0,0,0,0,0,0,0,0,0,0,0,0,0,0,0,0,0,0,0,0,0,0,0,0,0,0,0,0,141,180,118,36,25,35,40,42,39,43,37,38,35,40,26,52,120,165,166,166,163,159,160,162,160,159,160,160,160,160,160,160,160,160,161,161,161,160,159,159,160,161,159,159,161,161,159,159,163,164,158,85,20,29,38,43,34,47,38,38,49,51,37,28,73,139,0,0,0,0,0,0,0,0,0,0,0,0,0,0,0,0,0,0,0,0,0,0,0,0,0,0,0,0,0,0,0,0,0,0,0,0,0
0,0,0,0,0,0,0,0,0,0,0,0,0,0,0,0,0,0,0,0,0,0,0,0,0,0,0,0,0,0,0,0,0,0,0,0,175,167,85,23,32,43,40,39,41,41,42,44,37,28,29,81,167,167,166,163,159,160,162,160,159,160,159,159,160,160,160,159,160,161,160,160,160,158,157,158,160,159,160,160,159,159,162,166,169,120,43,15,42,43,42,42,44,42,41,44,44,28,63,122,0,0,0,0,0,0,0,0,0,0,0,0,0,0,0,0,0,0,0,0,0,0,0,0,0,0,0,0,0,0,0,0,0,0,0,0,0,0
0,0,0,0,0,0,0,0,0,0,0,0,0,0,0,0,0,0,0,0,0,0,0,0,0,0,0,0,0,0,0,0,0,0,0,0,199,206,133,32,34,37,43,40,39,40,43,48,40,41,25,32,167,168,163,159,161,164,162,160,159,159,159,159,160,160,160,158,160,161,160,160,160,158,157,158,160,159,157,155,155,159,162,163,157,67,13,37,45,39,37,42,47,49,46,42,30,29,91,0,0,0,0,0,0,0,0,0,0,0,0,0,0,0,0,0,0,0,0,0,0,0,0,0,0,0,0,0,0,0,0,0,0,0,0,0,0,0
0,0,0,0,0,0,0,0,0,0,0,0,0,0,0,0,0,0,0,0,0,0,0,0,0,0,0,0,0,0,0,0,0,0,0,0,0,223,163,90,27,29,40,38,40,40,43,44,42,49,45,46,51,134,172,161,162,165,161,161,160,160,159,159,159,162,159,158,159,161,160,160,161,158,158,159,161,160,158,154,151,156,168,161,108,49,15,37,40,44,38,39,43,49,42,41,21,85,132,0,0,0,0,0,0,0,0,0,0,0,0,0,0,0,0,0,0,0,0,0,0,0,0,0,0,0,0,0,0,0,0,0,0,0,0,0,0,0
0,0,0,0,0,0,0,0,0,0,0,0,0,0,0,0,0,0,0,0,0,0,0,0,0,0,0,0,0,0,0,0,0,0,0,0,0,0,200,126,39,27,37,36,41,44,44,42,41,47,42,29,28,95,155,167,161,161,165,157,161,159,158,159,161,161,159,159,159,161,161,162,161,159,158,159,161,157,156,152,154,167,174,148,66,16,24,41,44,42,38,36,41,45,35,36,45,97,0,0,0,0,0,0,0,0,0,0,0,0,0,0,0,0,0,0,0,0,0,0,0,0,0,0,0,0,0,0,0,0,0,0,0,0,0,0,0,0
0,0,0,0,0,0,0,0,0,0,0,0,0,0,0,0,0,0,0,0,0,0,0,0,0,0,0,0,0,0,0,0,0,0,0,0,0,0,231,162,80,31,30,33,41,46,46,43,41,47,48,29,24,54,122,163,162,159,163,159,160,158,158,158,160,160,158,158,159,160,161,162,161,160,160,157,157,154,153,156,165,175,161,108,37,14,40,44,44,45,46,44,45,41,28,26,90,136,0,0,0,0,0,0,0,0,0,0,0,0,0,0,0,0,0,0,0,0,0,0,0,0,0,0,0,0,0,0,0,0,0,0,0,0,0,0,0,0
0,0,0,0,0,0,0,0,0,0,0,0,0,0,0,0,0,0,0,0,0,0,0,0,0,0,0,0,0,0,0,0,0,0,0,0,0,0,0,196,136,57,28,29,38,41,43,46,43,48,52,37,30,24,76,147,161,161,163,161,161,160,159,156,159,160,160,158,159,159,161,163,160,158,159,157,159,159,155,160,170,170,132,63,31,33,36,41,42,43,42,50,44,33,32,38,105,0,0,0,0,0,0,0,0,0,0,0,0,0,0,0,0,0,0,0,0,0,0,0,0,0,0,0,0,0,0,0,0,0,0,0,0,0,0,0,0,0
0,0,0,0,0,0,0,0,0,0,0,0,0,0,0,0,0,0,0,0,0,0,0,0,0,0,0,0,0,0,0,0,0,0,0,0,0,0,0,220,184,105,34,25,36,37,45,50,42,44,50,45,36,26,44,113,155,163,164,163,162,161,158,155,158,159,160,159,158,158,161,165,161,155,157,159,158,162,162,165,168,153,93,26,35,48,37,37,44,47,39,44,45,33,34,85,140,0,0,0,0,0,0,0,0,0,0,0,0,0,0,0,0,0,0,0,0,0,0,0,0,0,0,0,0,0,0,0,0,0,0,0,0,0,0,0,0,0
0,0,0,0,0,0,0,0,0,0,0,0,0,0,0,0,0,0,0,0,0,0,0,0,0,0,0,0,0,0,0,0,0,0,0,0,0,0,0,0,212,151,75,23,35,37,47,49,37,36,39,39,40,34,33,70,126,161,167,163,162,159,158,159,162,161,161,161,159,160,161,161,159,158,159,158,163,166,168,168,162,123,53,16,30,51,53,37,36,42,42,44,38,32,54,119,0,0,0,0,0,0,0,0,0,0,0,0,0,0,0,0,0,0,0,0,0,0,0,0,0,0,0,0,0,0,0,0,0,0,0,0,0,0,0,0,0,0
0,0,0,0,0,0,0,0,0,0,0,0,0,0,0,0,0,0,0,0,0,0,0,0,0,0,0,0,0,0,0,0,0,0,0,0,0,0,0,0,0,193,130,56,27,29,36,41,40,40,36,32,43,49,38,39,91,145,158,159,162,160,158,162,165,164,162,162,161,163,160,156,159,163,163,158,165,168,174,174,147,81,27,28,36,41,49,36,35,42,48,44,29,40,97,0,0,0,0,0,0,0,0,0,0,0,0,0,0,0,0,0,0,0,0,0,0,0,0,0,0,0,0,0,0,0,0,0,0,0,0,0,0,0,0,0,0,0
0,0,0,0,0,0,0,0,0,0,0,0,0,0,0,0,0,0,0,0,0,0,0,0,0,0,0,0,0,0,0,0,0,0,0,0,0,0,0,0,0,217,174,110,31,27,33,38,44,45,38,32,36,52,36,27,62,120,152,156,162,160,155,159,162,162,161,160,161,163,160,158,161,163,163,161,165,165,173,170,118,39,20,44,46,38,38,41,40,45,48,38,32,58,107,0,0,0,0,0,0,0,0,0,0,0,0,0,0,0,0,0,0,0,0,0,0,0,0,0,0,0,0,0,0,0,0,0,0,0,0,0,0,0,0,0,0,0
0,0,0,0,0,0,0,0,0,0,0,0,0,0,0,0,0,0,0,0,0,0,0,0,0,0,0,0,0,0,0,0,0,0,0,0,0,0,0,0,0,0,191,130,40,22,31,44,54,50,49,56,38,45,35,28,35,82,139,159,162,159,158,155,156,158,158,160,161,160,159,160,159,162,162,161,159,168,175,147,70,23,36,43,42,38,42,47,36,44,44,30,52,117,0,0,0,0,0,0,0,0,0,0,0,0,0,0,0,0,0,0,0,0,0,0,0,0,0,0,0,0,0,0,0,0,0,0,0,0,0,0,0,0,0,0,0,0
0,0,0,0,0,0,0,0,0,0,0,0,0,0,0,0,0,0,0,0,0,0,0,0,0,0,0,0,0,0,0,0,0,0,0,0,0,0,0,0,0,0,233,182,98,38,27,30,34,35,34,34,37,38,34,34,24,44,104,159,165,160,157,153,152,157,159,160,159,159,161,160,156,156,160,162,163,175,167,105,39,20,37,51,41,43,45,53,47,39,31,33,78,128,0,0,0,0,0,0,0,0,0,0,0,0,0,0,0,0,0,0,0,0,0,0,0,0,0,0,0,0,0,0,0,0,0,0,0,0,0,0,0,0,0,0,0,0
0,0,0,0,0,0,0,0,0,0,0,0,0,0,0,0,0,0,0,0,0,0,0,0,0,0,0,0,0,0,0,0,0,0,0,0,0,0,0,0,0,0,0,214,162,86,36,30,38,49,48,45,45,36,33,44,28,22,68,146,163,162,159,158,155,155,156,159,159,158,161,158,154,154,159,162,155,176,147,59,21,36,45,47,43,42,49,49,54,36,28,45,130,0,0,0,0,0,0,0,0,0,0,0,0,0,0,0,0,0,0,0,0,0,0,0,0,0,0,0,0,0,0,0,0,0,0,0,0,0,0,0,0,0,0,0,0,0
0,0,0,0,0,0,0,0,0,0,0,0,0,0,0,0,0,0,0,0,0,0,0,0,0,0,0,0,0,0,0,0,0,0,0,0,0,0,0,0,0,0,0,0,170,107,35,26,33,41,45,38,46,37,35,46,35,22,41,106,146,163,163,163,161,156,155,161,161,158,160,157,155,156,159,160,161,161,104,28,22,48,51,45,45,42,46,46,42,37,42,83,140,0,0,0,0,0,0,0,0,0,0,0,0,0,0,0,0,0,0,0,0,0,0,0,0,0,0,0,0,0,0,0,0,0,0,0,0,0,0,0,0,0,0,0,0,0
0,0,0,0,0,0,0,0,0,0,0,0,0,0,0,0,0,0,0,0,0,0,0,0,0,0,0,0,0,0,0,0,0,0,0,0,0,0,0,0,0,0,0,0,158,134,65,25,31,36,41,40,48,41,39,42,41,32,28,59,119,159,163,162,165,161,158,160,160,158,158,160,158,158,159,159,178,124,54,27,38,43,44,48,48,46,41,53,38,26,52,138,0,0,0,0,0,0,0,0,0,0,0,0,0,0,0,0,0,0,0,0,0,0,0,0,0,0,0,0,0,0,0,0,0,0,0,0,0,0,0,0,0,0,0,0,0,0
0,0,0,0,0,0,0,0,0,0,0,0,0,0,0,0,0,0,0,0,0,0,0,0,0,0,0,0,0,0,0,0,0,0,0,0,0,0,0,0,0,0,0,0,0,166,121,54,33,43,53,56,51,46,40,37,44,45,30,34,83,143,164,163,165,163,159,157,157,155,156,161,159,160,163,162,153,74,24,38,53,43,42,51,52,48,44,51,33,33,83,0,0,0,0,0,0,0,0,0,0,0,0,0,0,0,0,0,0,0,0,0,0,0,0,0,0,0,0,0,0,0,0,0,0,0,0,0,0,0,0,0,0,0,0,0,0,0
0,0,0,0,0,0,0,0,0,0,0,0,0,0,0,0,0,0,0,0,0,0,0,0,0,0,0,0,0,0,0,0,0,0,0,0,0,0,0,0,0,0,0,0,0,185,155,90,34,32,43,63,53,48,43,40,44,48,38,35,49,112,156,166,164,159,157,157,155,154,156,161,158,162,168,158,106,46,28,43,51,41,39,47,49,50,46,43,26,70,126,0,0,0,0,0,0,0,0,0,0,0,0,0,0,0,0,0,0,0,0,0,0,0,0,0,0,0,0,0,0,0,0,0,0,0,0,0,0,0,0,0,0,0,0,0,0,0
0,0,0,0,0,0,0,0,0,0,0,0,0,0,0,0,0,0,0,0,0,0,0,0,0,0,0,0,0,0,0,0,0,0,0,0,0,0,0,0,0,0,0,0,0,0,206,146,60,27,34,48,51,44,42,41,41,44,39,38,32,81,136,162,165,161,157,156,155,154,157,160,158,164,168,145,67,38,44,50,49,36,37,48,42,50,40,43,31,88,0,0,0,0,0,0,0,0,0,0,0,0,0,0,0,0,0,0,0,0,0,0,0,0,0,0,0,0,0,0,0,0,0,0,0,0,0,0,0,0,0,0,0,0,0,0,0,0
0,0,0,0,0,0,0,0,0,0,0,0,0,0,0,0,0,0,0,0,0,0,0,0,0,0,0,0,0,0,0,0,0,0,0,0,0,0,0,0,0,0,0,0,0,0,0,165,94,48,32,34,45,46,42,43,40,51,47,37,23,30,102,163,164,162,157,153,155,150,151,160,141,170,168,118,37,26,34,39,43,37,39,50,35,49,34,27,79,133,0,0,0,0,0,0,0,0,0,0,0,0,0,0,0,0,0,0,0,0,0,0,0,0,0,0,0,0,0,0,0,0,0,0,0,0,0,0,0,0,0,0,0,0,0,0,0,0
0,0,0,0,0,0,0,0,0,0,0,0,0,0,0,0,0,0,0,0,0,0,0,0,0,0,0,0,0,0,0,0,0,0,0,0,0,0,0,0,0,0,0,0,0,0,0,191,122,63,30,31,43,44,42,46,45,52,42,39,38,25,64,139,168,155,152,157,167,160,159,161,154,164,134,60,37,30,39,48,47,39,43,56,51,34,31,44,94,0,0,0,0,0,0,0,0,0,0,0,0,0,0,0,0,0,0,0,0,0,0,0,0,0,0,0,0,0,0,0,0,0,0,0,0,0,0,0,0,0,0,0,0,0,0,0,0,0
0,0,0,0,0,0,0,0,0,0,0,0,0,0,0,0,0,0,0,0,0,0,0,0,0,0,0,0,0,0,0,0,0,0,0,0,0,0,0,0,0,0,0,0,0,0,0,0,155,88,38,30,35,47,48,40,40,51,46,35,46,27,43,99,157,156,157,162,165,157,161,162,173,154,99,22,27,39,44,40,36,40,43,39,43,29,30,88,146,0,0,0,0,0,0,0,0,0,0,0,0,0,0,0,0,0,0,0,0,0,0,0,0,0,0,0,0,0,0,0,0,0,0,0,0,0,0,0,0,0,0,0,0,0,0,0,0,0
0,0,0,0,0,0,0,0,0,0,0,0,0,0,0,0,0,0,0,0,0,0,0,0,0,0,0,0,0,0,0,0,0,0,0,0,0,0,0,0,0,0,0,0,0,0,0,0,199,126,58,29,33,46,53,37,37,49,46,35,52,30,25,55,124,154,162,162,157,155,162,163,178,124,61,15,36,45,43,41,40,41,45,43,42,39,53,107,0,0,0,0,0,0,0,0,0,0,0,0,0,0,0,0,0,0,0,0,0,0,0,0,0,0,0,0,0,0,0,0,0,0,0,0,0,0,0,0,0,0,0,0,0,0,0,0,0,0
0,0,0,0,0,0,0,0,0,0,0,0,0,0,0,0,0,0,0,0,0,0,0,0,0,0,0,0,0,0,0,0,0,0,0,0,0,0,0,0,0,0,0,0,0,0,0,0,0,170,97,49,28,42,52,37,39,39,49,35,52,47,31,30,96,139,156,159,158,155,158,160,163,86,30,29,39,44,38,39,43,41,41,40,36,41,93,0,0,0,0,0,0,0,0,0,0,0,0,0,0,0,0,0,0,0,0,0,0,0,0,0,0,0,0,0,0,0,0,0,0,0,0,0,0,0,0,0,0,0,0,0,0,0,0,0,0,0
0,0,0,0,0,0,0,0,0,0,0,0,0,0,0,0,0,0,0,0,0,0,0,0,0,0,0,0,0,0,0,0,0,0,0,0,0,0,0,0,0,0,0,0,0,0,0,0,0,0,143,85,30,36,48,49,55,43,52,41,42,46,39,25,58,118,156,170,160,160,159,150,124,57,22,36,48,51,43,38,47,51,43,30,35,65,109,0,0,0,0,0,0,0,0,0,0,0,0,0,0,0,0,0,0,0,0,0,0,0,0,0,0,0,0,0,0,0,0,0,0,0,0,0,0,0,0,0,0,0,0,0,0,0,0,0,0,0
0,0,0,0,0,0,0,0,0,0,0,0,0,0,0,0,0,0,0,0,0,0,0,0,0,0,0,0,0,0,0,0,0,0,0,0,0,0,0,0,0,0,0,0,0,0,0,0,0,0,183,123,48,27,33,44,49,53,46,37,35,44,41,34,33,93,138,169,158,157,158,138,72,31,29,47,54,41,33,36,46,45,36,29,23,111,0,0,0,0,0,0,0,0,0,0,0,0,0,0,0,0,0,0,0,0,0,0,0,0,0,0,0,0,0,0,0,0,0,0,0,0,0,0,0,0,0,0,0,0,0,0,0,0,0,0,0,0
0,0,0,0,0,0,0,0,0,0,0,0,0,0,0,0,0,0,0,0,0,0,0,0,0,0,0,0,0,0,0,0,0,0,0,0,0,0,0,0,0,0,0,0,0,0,0,0,0,0,0,157,78,26,28,42,51,45,54,46,38,41,43,49,30,49,117,172,159,164,165,119,21,16,47,54,56,43,38,41,48,50,41,35,62,125,0,0,0,0,0,0,0,0,0,0,0,0,0,0,0,0,0,0,0,0,0,0,0,0,0,0,0,0,0,0,0,0,0,0,0,0,0,0,0,0,0,0,0,0,0,0,0,0,0,0,0,0
0,0,0,0,0,0,0,0,0,0,0,0,0,0,0,0,0,0,0,0,0,0,0,0,0,0,0,0,0,0,0,0,0,0,0,0,0,0,0,0,0,0,0,0,0,0,0,0,0,0,0,225,126,35,25,46,47,47,56,49,55,42,38,52,41,24,64,140,176,180,130,61,30,29,37,46,45,40,37,40,37,48,28,24,130,0,0,0,0,0,0,0,0,0,0,0,0,0,0,0,0,0,0,0,0,0,0,0,0,0,0,0,0,0,0,0,0,0,0,0,0,0,0,0,0,0,0,0,0,0,0,0,0,0,0,0,0,0
0,0,0,0,0,0,0,0,0,0,0,0,0,0,0,0,0,0,0,0,0,0,0,0,0,0,0,0,0,0,0,0,0,0,0,0,0,0,0,0,0,0,0,0,0,0,0,0,0,0,0,0,167,85,36,33,42,48,56,51,49,40,44,53,45,27,33,91,156,164,109,38,18,35,48,44,39,39,43,45,44,37,41,62,130,0,0,0,0,0,0,0,0,0,0,0,0,0,0,0,0,0,0,0,0,0,0,0,0,0,0,0,0,0,0,0,0,0,0,0,0,0,0,0,0,0,0,0,0,0,0,0,0,0,0,0,0,0
0,0,0,0,0,0,0,0,0,0,0,0,0,0,0,0,0,0,0,0,0,0,0,0,0,0,0,0,0,0,0,0,0,0,0,0,0,0,0,0,0,0,0,0,0,0,0,0,0,0,0,0,187,130,71,36,39,50,46,45,41,44,46,48,47,37,23,52,135,138,73,19,24,39,41,38,43,44,41,36,39,26,56,127,0,0,0,0,0,0,0,0,0,0,0,0,0,0,0,0,0,0,0,0,0,0,0,0,0,0,0,0,0,0,0,0,0,0,0,0,0,0,0,0,0,0,0,0,0,0,0,0,0,0,0,0,0,0
0,0,0,0,0,0,0,0,0,0,0,0,0,0,0,0,0,0,0,0,0,0,0,0,0,0,0,0,0,0,0,0,0,0,0,0,0,0,0,0,0,0,0,0,0,0,0,0,0,0,0,0,0,175,113,52,28,52,41,49,45,46,43,42,39,40,26,35,114,100,56,39,47,47,48,54,40,37,36,34,40,47,84,0,0,0,0,0,0,0,0,0,0,0,0,0,0,0,0,0,0,0,0,0,0,0,0,0,0,0,0,0,0,0,0,0,0,0,0,0,0,0,0,0,0,0,0,0,0,0,0,0,0,0,0,0,0,0
0,0,0,0,0,0,0,0,0,0,0,0,0,0,0,0,0,0,0,0,0,0,0,0,0,0,0,0,0,0,0,0,0,0,0,0,0,0,0,0,0,0,0,0,0,0,0,0,0,0,0,0,0,0,151,76,21,40,42,50,52,36,33,36,32,42,38,39,58,38,40,55,43,35,45,48,43,43,44,36,27,72,130,0,0,0,0,0,0,0,0,0,0,0,0,0,0,0,0,0,0,0,0,0,0,0,0,0,0,0,0,0,0,0,0,0,0,0,0,0,0,0,0,0,0,0,0,0,0,0,0,0,0,0,0,0,0,0
0,0,0,0,0,0,0,0,0,0,0,0,0,0,0,0,0,0,0,0,0,0,0,0,0,0,0,0,0,0,0,0,0,0,0,0,0,0,0,0,0,0,0,0,0,0,0,0,0,0,0,0,0,0,193,121,41,33,40,44,54,43,37,35,32,38,50,54,40,29,40,53,44,38,46,50,50,57,39,28,38,104,0,0,0,0,0,0,0,0,0,0,0,0,0,0,0,0,0,0,0,0,0,0,0,0,0,0,0,0,0,0,0,0,0,0,0,0,0,0,0,0,0,0,0,0,0,0,0,0,0,0,0,0,0,0,0,0
0,0,0,0,0,0,0,0,0,0,0,0,0,0,0,0,0,0,0,0,0,0,0,0,0,0,0,0,0,0,0,0,0,0,0,0,0,0,0,0,0,0,0,0,0,0,0,0,0,0,0,0,0,0,0,145,97,46,37,44,48,54,49,38,34,34,46,44,36,36,38,45,54,46,40,46,50,48,24,25,85,140,0,0,0,0,0,0,0,0,0,0,0,0,0,0,0,0,0,0,0,0,0,0,0,0,0,0,0,0,0,0,0,0,0,0,0,0,0,0,0,0,0,0,0,0,0,0,0,0,0,0,0,0,0,0,0,0
0,0,0,0,0,0,0,0,0,0,0,0,0,0,0,0,0,0,0,0,0,0,0,0,0,0,0,0,0,0,0,0,0,0,0,0,0,0,0,0,0,0,0,0,0,0,0,0,0,0,0,0,0,0,0,138,130,98,47,38,40,46,55,47,52,56,51,31,32,35,41,49,57,48,42,44,43,31,26,43,106,0,0,0,0,0,0,0,0,0,0,0,0,0,0,0,0,0,0,0,0,0,0,0,0,0,0,0,0,0,0,0,0,0,0,0,0,0,0,0,0,0,0,0,0,0,0,0,0,0,0,0,0,0,0,0,0,0
0,0,0,0,0,0,0,0,0,0,0,0,0,0,0,0,0,0,0,0,0,0,0,0,0,0,0,0,0,0,0,0,0,0,0,0,0,0,0,0,0,0,0,0,0,0,0,0,0,0,0,0,0,0,0,0,155,117,70,32,33,41,50,50,49,51,53,48,35,36,42,49,56,46,49,48,53,25,32,89,144,0,0,0,0,0,0,0,0,0,0,0,0,0,0,0,0,0,0,0,0,0,0,0,0,0,0,0,0,0,0,0,0,0,0,0,0,0,0,0,0,0,0,0,0,0,0,0,0,0,0,0,0,0,0,0,0,0
0,0,0,0,0,0,0,0,0,0,0,0,0,0,0,0,0,0,0,0,0,0,0,0,0,0,0,0,0,0,0,0,0,0,0,0,0,0,0,0,0,0,0,0,0,0,0,0,0,0,0,0,0,0,0,0,0,146,98,45,30,45,51,49,47,50,48,45,36,35,34,44,56,40,44,44,34,30,62,111,0,0,0,0,0,0,0,0,0,0,0,0,0,0,0,0,0,0,0,0,0,0,0,0,0,0,0,0,0,0,0,0,0,0,0,0,0,0,0,0,0,0,0,0,0,0,0,0,0,0,0,0,0,0,0,0,0,0
0,0,0,0,0,0,0,0,0,0,0,0,0,0,0,0,0,0,0,0,0,0,0,0,0,0,0,0,0,0,0,0,0,0,0,0,0,0,0,0,0,0,0,0,0,0,0,0,0,0,0,0,0,0,0,0,0,154,136,79,22,36,49,44,45,47,49,44,39,34,34,41,55,37,40,43,39,28,90,0,0,0,0,0,0,0,0,0,0,0,0,0,0,0,0,0,0,0,0,0,0,0,0,0,0,0,0,0,0,0,0,0,0,0,0,0,0,0,0,0,0,0,0,0,0,0,0,0,0,0,0,0,0,0,0,0,0,0
0,0,0,0,0,0,0,0,0,0,0,0,0,0,0,0,0,0,0,0,0,0,0,0,0,0,0,0,0,0,0,0,0,0,0,0,0,0,0,0,0,0,0,0,0,0,0,0,0,0,0,0,0,0,0,0,0,0,150,116,35,28,37,42,42,44,43,46,44,37,36,40,54,44,43,37,34,61,121,0,0,0,0,0,0,0,0,0,0,0,0,0,0,0,0,0,0,0,0,0,0,0,0,0,0,0,0,0,0,0,0,0,0,0,0,0,0,0,0,0,0,0,0,0,0,0,0,0,0,0,0,0,0,0,0,0,0,0
0,0,0,0,0,0,0,0,0,0,0,0,0,0,0,0,0,0,0,0,0,0,0,0,0,0,0,0,0,0,0,0,0,0,0,0,0,0,0,0,0,0,0,0,0,0,0,0,0,0,0,0,0,0,0,0,0,0,134,139,75,36,29,38,44,44,41,44,42,47,37,38,50,51,54,43,21,113,0,0,0,0,0,0,0,0,0,0,0,0,0,0,0,0,0,0,0,0,0,0,0,0,0,0,0,0,0,0,0,0,0,0,0,0,0,0,0,0,0,0,0,0,0,0,0,0,0,0,0,0,0,0,0,0,0,0,0,0
0,0,0,0,0,0,0,0,0,0,0,0,0,0,0,0,0,0,0,0,0,0,0,0,0,0,0,0,0,0,0,0,0,0,0,0,0,0,0,0,0,0,0,0,0,0,0,0,0,0,0,0,0,0,0,0,0,0,0,161,115,48,28,36,43,42,44,41,39,47,38,39,45,49,47,55,64,130,0,0,0,0,0,0,0,0,0,0,0,0,0,0,0,0,0,0,0,0,0,0,0,0,0,0,0,0,0,0,0,0,0,0,0,0,0,0,0,0,0,0,0,0,0,0,0,0,0,0,0,0,0,0,0,0,0,0,0,0
0,0,0,0,0,0,0,0,0,0,0,0,0,0,0,0,0,0,0,0,0,0,0,0,0,0,0,0,0,0,0,0,0,0,0,0,0,0,0,0,0,0,0,0,0,0,0,0,0,0,0,0,0,0,0,0,0,0,0,0,150,78,36,38,39,39,44,44,43,42,46,46,47,40,29,57,126,0,0,0,0,0,0,0,0,0,0,0,0,0,0,0,0,0,0,0,0,0,0,0,0,0,0,0,0,0,0,0,0,0,0,0,0,0,0,0,0,0,0,0,0,0,0,0,0,0,0,0,0,0,0,0,0,0,0,0,0,0
0,0,0,0,0,0,0,0,0,0,0,0,0,0,0,0,0,0,0,0,0,0,0,0,0,0,0,0,0,0,0,0,0,0,0,0,0,0,0,0,0,0,0,0,0,0,0,0,0,0,0,0,0,0,0,0,0,0,0,0,180,120,57,32,38,41,49,45,47,43,57,55,52,31,28,64,149,0,0,0,0,0,0,0,0,0,0,0,0,0,0,0,0,0,0,0,0,0,0,0,0,0,0,0,0,0,0,0,0,0,0,0,0,0,0,0,0,0,0,0,0,0,0,0,0,0,0,0,0,0,0,0,0,0,0,0,0,0
0,0,0,0,0,0,0,0,0,0,0,0,0,0,0,0,0,0,0,0,0,0,0,0,0,0,0,0,0,0,0,0,0,0,0,0,0,0,0,0,0,0,0,0,0,0,0,0,0,0,0,0,0,0,0,0,0,0,0,0,0,196,87,22,25,30,40,56,51,34,41,58,62,21,51,151,0,0,0,0,0,0,0,0,0,0,0,0,0,0,0,0,0,0,0,0,0,0,0,0,0,0,0,0,0,0,0,0,0,0,0,0,0,0,0,0,0,0,0,0,0,0,0,0,0,0,0,0,0,0,0,0,0,0,0,0,0,0
0,0,0,0,0,0,0,0,0,0,0,0,0,0,0,0,0,0,0,0,0,0,0,0,0,0,0,0,0,0,0,0,0,0,0,0,0,0,0,0,0,0,0,0,0,0,0,0,0,0,0,0,0,0,0,0,0,0,0,0,0,224,137,48,26,30,40,49,56,56,39,32,33,52,102,0,0,0,0,0,0,0,0,0,0,0,0,0,0,0,0,0,0,0,0,0,0,0,0,0,0,0,0,0,0,0,0,0,0,0,0,0,0,0,0,0,0,0,0,0,0,0,0,0,0,0,0,0,0,0,0,0,0,0,0,0,0,0
0,0,0,0,0,0,0,0,0,0,0,0,0,0,0,0,0,0,0,0,0,0,0,0,0,0,0,0,0,0,0,0,0,0,0,0,0,0,0,0,0,0,0,0,0,0,0,0,0,0,0,0,0,0,0,0,0,0,0,0,0,0,175,91,43,27,28,43,58,58,27,22,19,77,130,0,0,0,0,0,0,0,0,0,0,0,0,0,0,0,0,0,0,0,0,0,0,0,0,0,0,0,0,0,0,0,0,0,0,0,0,0,0,0,0,0,0,0,0,0,0,0,0,0,0,0,0,0,0,0,0,0,0,0,0,0,0,0
0,0,0,0,0,0,0,0,0,0,0,0,0,0,0,0,0,0,0,0,0,0,0,0,0,0,0,0,0,0,0,0,0,0,0,0,0,0,0,0,0,0,0,0,0,0,0,0,0,0,0,0,0,0,0,0,0,0,0,0,0,0,0,148,90,53,39,32,54,58,32,22,44,133,0,0,0,0,0,0,0,0,0,0,0,0,0,0,0,0,0,0,0,0,0,0,0,0,0,0,0,0,0,0,0,0,0,0,0,0,0,0,0,0,0,0,0,0,0,0,0,0,0,0,0,0,0,0,0,0,0,0,0,0,0,0,0,0
0,0,0,0,0,0,0,0,0,0,0,0,0,0,0,0,0,0,0,0,0,0,0,0,0,0,0,0,0,0,0,0,0,0,0,0,0,0,0,0,0,0,0,0,0,0,0,0,0,0,0,0,0,0,0,0,0,0,0,0,0,0,0,180,120,80,53,24,34,48,46,59,100,160,0,0,0,0,0,0,0,0,0,0,0,0,0,0,0,0,0,0,0,0,0,0,0,0,0,0,0,0,0,0,0,0,0,0,0,0,0,0,0,0,0,0,0,0,0,0,0,0,0,0,0,0,0,0,0,0,0,0,0,0,0,0,0,0
0,0,0,0,0,0,0,0,0,0,0,0,0,0,0,0,0,0,0,0,0,0,0,0,0,0,0,0,0,0,0,0,0,0,0,0,0,0,0,0,0,0,0,0,0,0,0,0,0,0,0,0,0,0,0,0,0,0,0,0,0,0,0,0,158,120,96,77,68,74,88,110,124,0,0,0,0,0,0,0,0,0,0,0,0,0,0,0,0,0,0,0,0,0,0,0,0,0,0,0,0,0,0,0,0,0,0,0,0,0,0,0,0,0,0,0,0,0,0,0,0,0,0,0,0,0,0,0,0,0,0,0,0,0,0,0,0,0
0,0,0,0,0,0,0,0,0,0,0,0,0,0,0,0,0,0,0,0,0,0,0,0,0,0,0,0,0,0,0,0,0,0,0,0,0,0,0,0,0,0,0,0,0,0,0,0,0,0,0,0,0,0,0,0,0,0,0,0,0,0,0,0,189,153,140,126,123,113,121,133,115,0,0,0,0,0,0,0,0,0,0,0,0,0,0,0,0,0,0,0,0,0,0,0,0,0,0,0,0,0,0,0,0,0,0,0,0,0,0,0,0,0,0,0,0,0,0,0,0,0,0,0,0,0,0,0,0,0,0,0,0,0,0,0,0,0
0,0,0,0,0,0,0,0,0,0,0,0,0,0,0,0,0,0,0,0,0,0,0,0,0,0,0,0,0,0,0,0,0,0,0,0,0,0,0,0,0,0,0,0,0,0,0,0,0,0,0,0,0,0,0,0,0,0,0,0,0,0,0,0,0,131,116,102,88,102,111,120,0,0,0,0,0,0,0,0,0,0,0,0,0,0,0,0,0,0,0,0,0,0,0,0,0,0,0,0,0,0,0,0,0,0,0,0,0,0,0,0,0,0,0,0,0,0,0,0,0,0,0,0,0,0,0,0,0,0,0,0,0,0,0,0,0,0
0,0,0,0,0,0,0,0,0,0,0,0,0,0,0,0,0,0,0,0,0,0,0,0,0,0,0,0,0,0,0,0,0,0,0,0,0,0,0,0,0,0,0,0,0,0,0,0,0,0,0,0,0,0,0,0,0,0,0,0,0,0,0,0,0,0,68,50,45,32,9,0,0,0,0,0,0,0,0,0,0,0,0,0,0,0,0,0,0,0,0,0,0,0,0,0,0,0,0,0,0,0,0,0,0,0,0,0,0,0,0,0,0,0,0,0,0,0,0,0,0,0,0,0,0,0,0,0,0,0,0,0,0,0,0,0,0,0
0,0,0,0,0,0,0,0,0,0,0,0,0,0,0,0,0,0,0,0,0,0,0,0,0,0,0,0,0,0,0,0,0,0,0,0,0,0,0,0,0,0,0,0,0,0,0,0,0,0,0,0,0,0,0,0,0,0,0,0,0,0,0,0,0,0,83,70,82,83,75,0,0,0,0,0,0,0,0,0,0,0,0,0,0,0,0,0,0,0,0,0,0,0,0,0,0,0,0,0,0,0,0,0,0,0,0,0,0,0,0,0,0,0,0,0,0,0,0,0,0,0,0,0,0,0,0,0,0,0,0,0,0,0,0,0,0,0
0,0,0,0,0,0,0,0,0,0,0,0,0,0,0,0,0,0,0,0,0,0,0,0,0,0,0,0,0,0,0,0,0,0,0,0,0,0,0,0,0,0,0,0,0,0,0,0,0,0,0,0,0,0,0,0,0,0,0,0,0,0,0,0,0,0,0,103,111,119,0,0,0,0,0,0,0,0,0,0,0,0,0,0,0,0,0,0,0,0,0,0,0,0,0,0,0,0,0,0,0,0,0,0,0,0,0,0,0,0,0,0,0,0,0,0,0,0,0,0,0,0,0,0,0,0,0,0,0,0,0,0,0,0,0,0,0,0
0,0,0,0,0,0,0,0,0,0,0,0,0,0,0,0,0,0,0,0,0,0,0,0,0,0,0,0,0,0,0,0,0,0,0,0,0,0,0,0,0,0,0,0,0,0,0,0,0,0,0,0,0,0,0,0,0,0,0,0,0,0,0,0,0,0,0,128,126,127,0,0,0,0,0,0,0,0,0,0,0,0,0,0,0,0,0,0,0,0,0,0,0,0,0,0,0,0,0,0,0,0,0,0,0,0,0,0,0,0,0,0,0,0,0,0,0,0,0,0,0,0,0,0,0,0,0,0,0,0,0,0,0,0,0,0,0,0
0,0,0,0,0,0,0,0,0,0,0,0,0,0,0,0,0,0,0,0,0,0,0,0,0,0,0,0,0,0,0,0,0,0,0,0,0,0,0,0,0,0,0,0,0,0,0,0,0,0,0,0,0,0,0,0,0,0,0,0,0,0,0,0,0,0,0,0,153,0,0,0,0,0,0,0,0,0,0,0,0,0,0,0,0,0,0,0,0,0,0,0,0,0,0,0,0,0,0,0,0,0,0,0,0,0,0,0,0,0,0,0,0,0,0,0,0,0,0,0,0,0,0,0,0,0,0,0,0,0,0,0,0,0,0,0,0,0
0,0,0,0,0,0,0,0,0,0,0,0,0,0,0,0,0,0,0,0,0,0,0,0,0,0,0,0,0,0,0,0,0,0,0,0,0,0,0,0,0,0,0,0,0,0,0,0,0,0,0,0,0,0,0,0,0,0,0,0,0,0,0,0,0,0,0,0,0,0,0,0,0,0,0,0,0,0,0,0,0,0,0,0,0,0,0,0,0,0,0,0,0,0,0,0,0,0,0,0,0,0,0,0,0,0,0,0,0,0,0,0,0,0,0,0,0,0,0,0,0,0,0,0,0,0,0,0,0,0,0,0,0,0,0,0,0,0
