0,0,0,0,0,0,0,0,0,0,0,0,0,0,0,0,0,0,0,0,0,0,0,0,0,0,0,0,0,0,0,0,0,0,0,0,0,0,0,0,0,0,0,0,0,0,0,0,0,0,0,0,0,0,0,0,0,0,0,0,0,0,0,0,0,0,0,0,0,0,0,0,0,0,0,0,0,0,0,0,0,0,0,0,0,0,0,0,0,0,0,0,0,0,0,0,0,0,0,0,0,0,0,0,0,0,0,0,0,0,0,0,0,0,0,0,0,0,0,0,0,0,0,0,0,0,0,0,0,0,0,0,0,0,0
0,93,102,101,83,74,82,92,108,113,122,138,153,158,155,149,138,135,136,130,122,119,115,111,113,119,128,126,115,118,120,112,114,116,118,117,114,112,114,117,118,116,113,113,112,108,104,105,101,104,104,111,112,109,106,109,105,99,98,98,90,84,81,81,76,72,66,69,75,67,69,70,76,85,80,83,87,84,83,84,82,80,83,83,83,87,97,105,97,111,101,96,104,100,110,108,108,107,107,105,108,112,113,116,113,112,105,113,124,120,119,130,119,117,119,121,117,124,128,121,127,126,127,134,137,128,117,113,113,105,93,80,69,67,76
0,101,102,93,78,78,98,117,141,148,153,156,152,148,144,139,130,129,126,116,113,114,114,115,115,107,110,110,105,115,120,109,112,116,120,117,112,110,113,116,112,110,104,101,105,104,101,104,106,107,103,104,105,105,104,108,105,100,95,96,98,96,95,98,101,100,91,90,99,91,91,93,95,109,104,97,98,106,102,102,102,96,96,99,109,117,118,117,109,102,109,112,110,108,113,111,120,119,118,114,112,114,119,120,118,116,111,112,122,120,120,137,130,123,121,121,114,122,131,126,126,129,132,133,134,132,124,116,114,111,102,92,84,77,83
0,105,103,96,96,109,130,145,157,155,151,146,134,122,118,120,109,108,105,103,105,102,104,110,109,105,103,100,98,103,109,106,106,109,112,108,103,104,111,113,111,109,100,96,102,105,101,105,113,110,105,104,106,106,106,111,107,104,99,104,108,105,104,108,110,110,107,106,109,105,104,105,109,118,117,116,118,124,119,120,115,118,123,126,122,115,116,116,107,111,114,110,111,115,116,112,115,117,120,117,113,112,115,113,115,116,118,114,113,115,114,120,121,119,115,116,113,114,118,118,116,119,120,119,121,126,122,112,116,117,110,99,90,85,89
0,108,111,107,112,128,144,155,158,145,132,125,115,101,99,110,112,113,113,117,118,109,116,127,121,125,117,109,108,104,108,113,109,110,113,111,109,111,122,130,129,126,114,109,114,117,113,117,119,112,112,118,123,122,118,117,115,120,118,116,111,110,112,112,111,110,112,108,101,101,101,97,101,104,104,107,110,111,111,115,112,114,119,118,120,120,115,115,114,118,120,117,114,110,111,110,101,100,105,108,111,111,109,103,110,108,112,108,100,110,108,101,104,107,101,102,104,98,97,102,98,96,95,93,91,94,97,96,99,104,106,101,96,101,109
0,93,108,122,127,138,149,151,145,133,120,112,109,118,126,131,135,136,136,142,142,136,136,140,135,138,135,137,139,139,140,134,134,135,133,123,125,137,137,130,125,128,132,130,128,135,128,121,134,131,127,127,130,132,133,132,129,123,120,119,121,119,119,112,111,101,104,110,102,97,101,98,98,99,100,99,102,105,103,102,101,101,102,102,97,93,92,89,88,88,92,96,94,91,89,88,86,87,87,82,78,77,73,74,71,69,67,64,62,61,59,63,65,58,52,58,59,53,52,49,41,45,42,46,53,61,63,68,90,96,103,107,110,115,121
0,104,113,134,151,159,161,146,133,126,116,112,111,110,102,97,86,83,82,87,92,94,95,93,92,93,90,89,90,91,91,88,92,91,88,82,84,89,85,78,75,78,78,78,81,82,75,73,75,76,71,64,61,62,64,63,58,55,55,55,52,57,62,57,56,50,52,56,49,44,45,43,43,46,47,43,41,42,44,45,43,43,43,41,36,34,37,36,36,36,35,34,34,31,33,37,28,29,30,29,26,23,20,22,23,25,26,26,28,28,27,31,37,37,34,34,33,32,32,29,26,32,31,29,30,33,40,56,76,83,95,107,119,131,139
0,107,117,136,152,159,154,141,130,128,123,115,99,77,50,29,4,1,1,1,2,2,2,2,2,2,3,2,2,3,2,3,3,2,3,3,3,3,1,3,3,3,1,2,2,2,2,2,2,2,2,2,2,1,1,1,1,1,1,2,1,1,3,3,2,3,2,3,2,1,2,2,3,2,2,3,3,3,3,2,2,3,2,3,2,6,14,16,15,19,24,23,20,16,18,22,26,29,30,33,37,41,41,40,41,43,43,49,56,53,49,50,56,62,62,60,60,65,66,63,63,66,68,62,59,54,56,68,69,74,85,101,119,134,0
0,110,126,141,156,159,151,148,138,127,110,88,59,30,11,1,14,22,33,37,34,32,37,42,39,43,47,46,44,41,42,49,52,51,56,68,67,56,54,63,67,68,57,52,53,54,53,57,55,60,65,69,70,71,71,70,69,77,83,79,75,69,68,69,72,77,76,77,83,85,85,87,82,81,79,83,85,86,89,88,87,88,88,88,90,95,101,103,98,98,104,106,105,104,108,107,108,107,102,106,111,114,116,117,116,115,113,120,124,118,113,112,114,118,119,118,120,125,126,126,130,130,132,128,122,114,104,97,86,84,87,97,112,126,0
0,123,140,151,163,159,148,144,125,111,82,52,37,36,45,56,93,106,112,111,106,105,110,117,115,118,120,120,118,115,116,120,132,122,123,134,135,124,122,132,136,134,126,124,131,138,135,137,138,135,135,136,139,139,139,138,137,143,148,141,140,143,148,145,138,138,136,140,146,142,141,146,145,144,141,140,143,147,150,146,144,144,146,146,146,147,149,149,144,142,145,145,143,144,151,153,147,150,145,142,142,147,151,151,152,152,150,152,149,143,145,144,147,146,145,147,147,147,147,151,151,150,149,150,147,141,129,112,108,101,94,96,107,120,0
0,126,147,154,155,150,137,126,101,88,72,58,64,88,111,123,133,140,138,139,139,137,137,138,142,148,150,150,149,146,147,147,147,141,140,142,145,144,140,140,142,138,139,141,143,149,144,142,144,138,138,143,147,144,141,142,144,146,146,145,145,145,144,144,143,141,140,147,150,146,144,147,146,147,146,145,145,146,148,148,146,146,148,148,147,147,146,148,148,146,147,147,149,146,144,143,139,143,143,143,143,144,146,147,146,149,148,147,142,142,146,144,142,140,142,144,144,140,140,144,144,145,140,141,143,142,134,122,111,103,94,92,99,113,0
0,114,137,144,143,144,132,116,99,79,81,88,100,123,141,149,152,149,144,146,149,148,145,145,150,153,152,152,153,152,153,150,147,149,150,143,143,149,145,139,137,138,143,142,145,146,142,143,145,145,147,145,141,139,140,143,146,143,139,144,149,144,136,141,146,137,134,137,135,133,137,139,138,133,133,138,143,144,143,144,140,140,139,137,135,134,132,132,137,139,141,143,142,137,135,138,134,138,139,137,137,139,135,132,134,136,135,134,132,133,135,131,128,131,134,134,134,132,133,132,138,138,134,131,133,134,130,121,109,103,93,90,95,107,0
0,115,130,134,137,140,136,118,98,79,85,93,104,124,139,145,143,140,139,139,142,141,139,137,135,134,130,128,125,124,129,133,138,141,145,136,132,138,134,131,139,137,143,138,134,136,137,133,136,134,136,138,138,135,132,134,131,132,137,137,139,135,133,137,144,132,133,140,135,132,136,137,132,129,132,139,146,144,139,139,134,134,134,131,130,129,125,122,121,121,124,127,126,126,130,134,135,135,135,134,135,138,134,133,138,139,137,136,135,135,134,132,135,141,143,137,137,138,141,135,136,137,139,132,131,133,135,126,115,110,101,96,97,107,0
0,112,123,127,129,131,125,105,93,82,89,99,105,121,140,141,141,144,140,141,143,142,139,134,122,108,95,84,74,74,81,87,115,117,126,133,132,131,134,137,139,134,139,138,127,130,139,134,132,133,130,135,129,124,131,146,143,139,140,145,144,140,138,137,139,136,139,142,139,133,134,135,134,134,136,140,147,140,134,134,130,129,132,136,139,125,106,98,91,91,100,111,120,130,138,136,138,137,138,140,139,141,135,132,138,138,137,136,138,137,134,135,138,142,138,133,131,134,138,135,136,135,138,137,130,132,136,125,115,108,100,97,100,105,0
0,108,117,122,127,130,125,104,92,91,94,99,112,126,134,136,140,141,137,141,145,145,140,132,112,91,65,41,32,36,46,60,97,104,121,135,139,140,143,143,140,136,135,140,145,149,148,140,134,132,129,136,141,139,139,141,134,131,135,137,136,142,144,140,146,147,145,139,133,130,134,138,136,136,137,137,141,141,138,134,130,129,133,139,140,132,125,124,118,118,125,128,128,135,146,143,139,142,144,141,135,132,130,132,134,132,132,136,143,142,135,134,138,137,135,133,129,129,131,135,138,136,138,137,132,134,134,119,115,109,102,100,104,111,0
0,101,111,122,129,131,126,108,95,93,91,100,119,130,130,135,140,138,134,135,139,138,134,125,109,93,75,58,55,63,68,79,89,100,118,129,131,133,139,139,131,134,133,141,151,154,152,146,142,139,137,145,155,153,148,146,143,139,143,143,142,141,139,140,145,147,144,138,136,136,139,141,138,134,134,135,135,139,139,137,141,138,137,138,136,132,137,141,144,140,141,139,134,142,153,150,145,146,151,146,137,134,135,137,140,132,127,129,133,136,133,129,126,125,129,132,129,128,129,137,141,134,134,137,140,143,136,118,118,112,104,101,104,111,0
0,100,111,124,130,129,123,109,97,88,87,102,118,129,132,135,137,137,136,136,136,133,130,122,110,102,101,99,100,108,110,110,95,104,114,114,117,128,134,126,130,135,135,134,132,128,126,124,127,132,137,141,142,132,125,126,127,127,128,130,128,117,106,106,116,121,125,130,135,132,131,131,126,118,118,120,117,117,120,125,135,136,134,131,125,117,114,109,111,104,110,118,119,125,126,118,111,110,120,124,124,123,121,115,115,101,97,101,105,113,116,111,106,105,108,113,118,125,135,142,140,133,134,136,138,140,134,120,113,109,103,101,107,118,0
0,104,115,126,128,124,118,105,97,88,93,105,112,126,136,137,134,136,138,137,135,133,134,130,118,107,105,106,109,116,116,111,109,110,115,118,123,128,128,120,119,121,122,115,103,89,79,77,94,105,113,114,107,93,82,84,90,97,97,97,94,85,71,60,85,90,102,119,131,131,127,122,117,105,97,92,91,93,100,109,122,134,137,133,123,106,86,68,54,51,69,92,101,98,83,69,63,61,73,89,103,105,96,81,61,53,58,75,86,92,94,91,91,90,91,98,109,119,135,137,138,137,135,133,133,134,132,125,104,101,99,99,108,123,0
0,112,122,125,123,118,113,103,98,89,94,104,110,123,136,140,133,136,138,135,132,133,136,133,118,109,102,101,102,102,98,93,101,99,103,109,103,92,84,80,86,90,96,93,84,72,61,63,81,88,94,97,95,83,74,79,82,93,92,86,81,69,56,46,79,82,94,113,130,135,133,125,111,96,81,70,69,76,88,102,116,134,140,132,119,103,84,71,62,59,73,91,96,92,79,72,68,69,76,85,97,95,86,77,61,64,73,89,98,98,97,97,98,96,96,103,109,116,132,136,137,141,137,132,135,138,136,127,109,104,98,92,96,106,0
0,114,121,121,117,113,111,105,99,87,86,98,113,123,131,138,136,138,137,136,135,137,135,129,109,103,97,90,84,79,75,77,80,84,89,88,76,64,55,51,78,85,90,89,86,83,81,83,90,89,88,89,92,86,84,96,88,98,96,92,89,79,68,64,88,91,99,111,125,131,132,126,109,98,85,71,66,74,87,105,118,132,136,127,117,109,101,99,103,103,107,110,106,106,108,107,107,109,108,101,95,88,89,92,99,104,109,113,112,109,108,106,102,99,105,112,114,119,128,135,136,145,141,136,138,137,133,125,117,109,99,89,89,95,0
0,104,111,117,119,117,112,106,100,86,82,97,119,127,129,136,137,137,133,132,135,140,135,126,103,89,78,64,56,56,58,68,86,95,103,105,96,91,89,92,102,106,106,102,100,101,98,90,92,92,95,98,105,94,80,81,83,89,94,95,98,102,96,87,102,102,105,114,128,134,134,128,119,108,92,76,71,82,94,107,125,132,134,130,124,119,111,109,111,122,131,134,125,124,128,121,121,114,108,97,84,81,88,91,118,115,118,119,113,110,109,104,99,91,97,105,108,120,125,136,134,145,141,138,139,134,131,126,113,106,98,92,97,108,0
0,100,109,120,126,118,110,104,96,91,90,98,115,130,137,137,139,142,136,131,137,138,136,128,114,96,74,43,20,39,69,83,113,123,128,134,136,136,131,127,116,112,122,134,126,112,103,102,101,104,105,103,88,66,48,49,54,67,78,84,88,91,93,93,99,99,104,117,132,138,137,129,116,105,89,70,71,84,100,114,127,133,134,129,125,119,110,112,114,129,134,134,140,141,126,103,104,86,80,84,91,91,86,84,87,90,100,103,102,103,103,94,96,94,103,109,112,121,124,135,137,142,140,137,138,136,133,122,114,107,97,94,102,111,0
0,94,102,117,125,120,110,105,97,94,92,98,112,130,137,138,138,138,132,129,134,136,134,132,123,92,71,49,30,52,87,109,132,143,141,128,111,98,83,76,81,99,114,121,117,111,103,94,103,111,111,97,78,64,57,63,82,91,96,97,99,101,99,96,99,96,101,115,132,136,135,132,121,109,88,68,74,91,108,119,127,137,140,131,119,111,109,114,123,130,135,141,143,131,105,84,78,65,68,87,103,106,106,106,99,96,102,105,100,97,98,92,92,95,106,114,117,124,127,134,137,139,138,137,137,138,133,122,108,100,96,98,104,113,0
0,89,101,119,126,121,109,102,99,96,92,99,113,132,137,137,138,138,134,131,133,133,129,131,127,102,86,72,64,78,101,123,135,137,126,98,69,54,47,51,72,103,111,105,104,104,100,100,114,126,123,108,93,93,103,115,125,125,118,109,105,100,96,92,92,94,103,116,131,135,132,130,120,108,87,69,72,87,105,122,126,135,138,129,112,103,108,116,121,125,131,132,123,107,88,81,74,72,79,97,112,119,127,131,116,105,103,99,91,90,96,94,93,98,110,119,119,119,124,131,134,136,136,135,134,137,132,125,115,106,96,95,102,111,0
0,88,103,119,123,118,107,100,94,92,92,101,115,131,137,138,139,141,138,135,135,131,127,128,122,111,98,86,87,92,97,113,121,120,112,91,67,60,69,85,90,107,103,96,96,91,93,109,123,135,130,118,102,101,115,126,134,126,114,107,103,97,94,94,89,95,107,117,127,134,133,131,122,106,85,70,67,85,105,126,132,139,140,131,113,102,104,105,109,110,114,107,97,91,89,91,86,88,93,99,105,109,110,109,104,91,87,86,85,90,94,86,78,81,89,98,104,111,125,134,137,141,138,133,134,137,134,129,110,107,102,102,108,113,0
0,88,106,117,121,118,110,100,92,89,91,100,116,132,137,138,137,141,138,134,137,132,129,126,117,110,95,83,86,92,93,97,108,108,108,105,94,91,99,109,110,104,99,99,96,88,92,111,126,130,123,114,99,91,93,99,102,97,91,93,97,94,92,94,88,94,105,115,124,139,141,138,125,107,89,74,66,89,108,123,139,142,139,132,120,109,98,81,73,74,83,80,82,91,91,83,76,73,77,83,91,89,78,71,66,63,73,85,89,89,81,64,58,57,62,70,86,108,125,133,140,138,134,132,134,137,137,130,104,99,97,98,103,109,0
0,88,105,114,120,122,117,105,95,91,90,97,114,130,135,134,136,139,136,133,137,134,130,122,108,105,91,79,84,89,85,80,104,102,101,99,88,77,73,74,83,78,79,80,74,72,75,86,103,100,99,97,87,74,63,71,77,81,83,89,94,93,91,93,94,99,105,113,124,144,148,142,130,115,101,88,80,98,114,126,144,142,139,135,126,110,90,68,53,65,83,88,93,99,90,70,56,54,61,72,87,90,81,76,69,73,91,105,105,99,89,74,64,64,72,82,98,117,127,132,136,131,132,136,136,136,138,129,111,104,101,99,106,111,0
0,90,103,109,114,122,122,110,97,92,91,97,111,127,131,133,137,140,137,134,136,135,130,122,104,103,95,88,96,94,83,79,99,101,98,83,65,50,42,45,51,56,63,61,52,49,46,46,70,78,88,91,83,70,61,71,85,93,97,100,103,102,102,104,110,113,112,114,126,141,145,139,132,122,111,108,109,115,125,135,140,139,140,139,130,115,106,100,85,98,116,126,123,116,102,90,73,81,91,98,110,116,112,107,110,111,123,130,126,122,122,115,110,111,117,124,128,134,134,134,137,134,138,142,139,138,135,126,105,101,98,93,99,103,0
0,94,105,110,113,121,122,110,99,92,90,100,115,131,134,136,139,140,139,136,136,137,133,128,119,112,107,108,115,108,98,103,107,116,113,92,82,80,78,84,83,87,98,103,93,87,84,78,91,112,121,119,109,101,98,105,121,126,125,124,125,123,121,121,119,122,119,122,133,138,140,138,131,131,127,132,140,133,133,140,140,139,140,139,134,127,131,138,116,115,126,145,144,130,121,126,111,123,127,126,130,132,125,113,129,133,144,145,137,133,136,133,137,137,136,137,134,138,137,135,137,136,138,138,139,141,133,125,108,98,97,92,97,104,0
0,97,111,122,120,118,113,106,98,90,88,100,116,131,137,138,138,139,139,135,135,139,136,132,132,132,136,138,137,133,129,130,136,141,134,126,123,119,121,132,137,137,136,133,133,133,132,139,130,140,147,147,141,134,134,139,144,144,139,139,140,142,144,144,142,142,136,134,138,142,140,142,143,144,139,139,145,140,142,145,142,139,138,139,140,143,143,141,139,135,135,134,134,135,139,143,147,147,144,144,140,141,144,146,148,151,149,142,139,139,140,140,141,141,137,137,138,138,140,139,138,135,137,138,138,139,136,125,112,103,101,94,97,103,0
0,92,111,121,117,111,108,103,96,87,86,102,121,134,137,136,134,134,136,137,138,137,136,135,138,142,147,149,148,147,143,140,143,144,138,138,144,144,144,144,145,143,145,146,147,149,146,146,143,146,150,152,151,147,144,143,141,142,141,140,140,144,145,146,146,146,143,139,137,141,141,141,141,143,142,141,142,140,142,140,138,136,135,137,139,139,139,139,138,137,138,138,137,138,141,145,145,147,143,139,135,140,143,144,145,145,142,138,139,141,139,137,139,141,137,136,139,139,139,139,139,137,138,137,138,140,135,121,122,106,104,100,102,103,0
0,83,100,110,110,105,104,97,94,88,90,105,123,135,137,135,136,134,138,140,142,138,138,140,140,145,147,145,142,144,147,146,144,142,138,140,141,141,144,143,140,138,139,139,140,142,140,136,137,141,145,145,141,137,136,135,137,138,140,137,135,138,137,138,142,143,147,145,137,139,142,141,139,138,143,145,138,130,135,140,138,136,135,139,141,139,137,137,139,137,137,138,140,140,140,141,142,142,138,135,133,134,136,137,138,140,139,137,137,138,139,140,139,139,138,137,138,139,138,138,138,139,139,137,137,139,134,122,111,106,100,90,96,103,0
0,76,92,100,102,99,100,95,92,90,93,105,121,133,136,134,137,135,138,141,142,136,136,140,142,142,140,139,138,142,148,147,141,137,139,143,141,139,142,141,140,141,139,135,134,136,137,137,135,136,137,137,138,139,136,132,136,137,139,138,137,139,140,139,140,141,147,145,136,137,141,141,136,134,140,143,139,131,133,139,141,141,141,142,142,138,136,139,142,140,138,136,137,137,136,137,137,135,134,136,138,135,134,135,136,136,138,139,137,138,139,139,138,136,140,141,137,138,139,137,137,138,138,135,136,138,134,123,109,108,95,92,99,98,0
0,74,94,101,100,98,97,95,92,89,90,101,119,132,136,134,134,132,134,140,140,134,133,140,143,141,137,136,137,140,146,145,138,133,138,142,139,140,140,138,135,137,137,134,133,136,139,140,137,138,137,138,141,142,140,139,138,138,136,137,140,143,145,141,139,139,141,142,138,139,140,138,138,136,136,139,144,140,137,140,140,142,142,140,137,133,135,141,146,142,137,134,134,134,133,134,134,135,135,137,140,139,138,137,134,131,135,139,138,138,139,136,135,133,140,142,137,137,138,138,138,138,138,136,138,138,131,119,115,114,99,97,103,103,0
0,77,97,106,106,103,98,95,94,88,88,98,116,128,132,133,133,134,134,137,138,136,137,140,141,140,137,136,136,140,145,145,139,135,139,138,135,139,138,135,134,134,135,136,136,140,144,141,141,137,133,135,140,139,137,140,143,139,134,134,137,138,138,134,134,129,129,135,139,138,135,135,142,144,137,135,141,142,139,139,138,138,136,134,133,132,135,140,145,142,139,137,138,139,136,135,133,135,134,135,136,138,139,138,136,133,136,138,135,135,136,134,133,135,140,142,140,139,139,141,142,142,143,140,140,138,132,121,108,101,97,97,98,101,0
0,84,103,111,110,107,101,98,95,88,86,95,112,124,131,134,135,138,137,134,136,139,140,138,134,131,130,132,138,143,143,142,139,136,138,138,139,143,140,137,138,136,135,138,139,140,143,139,136,130,124,124,125,126,130,137,140,137,132,127,127,124,122,120,126,122,122,128,133,133,132,136,143,147,139,133,137,141,141,136,136,134,132,133,137,138,136,136,137,139,141,139,137,137,136,136,138,139,138,141,141,143,144,145,144,141,139,137,134,133,133,133,135,137,140,140,140,140,140,142,143,144,145,140,136,135,133,126,105,96,99,98,95,95,0
0,91,107,115,113,109,105,101,96,88,85,93,112,127,135,138,138,142,139,135,138,140,141,137,132,126,125,129,136,140,139,139,140,138,138,139,141,141,139,139,141,141,138,139,141,139,139,137,136,127,118,113,112,116,125,131,139,136,134,126,120,113,109,111,115,119,124,127,130,135,136,139,141,142,137,138,139,138,141,139,134,133,133,138,143,143,138,135,139,140,142,140,138,138,138,137,140,141,139,142,140,142,142,140,141,140,137,134,134,133,133,136,136,137,139,139,138,140,142,141,141,141,140,134,130,131,132,126,117,104,103,102,101,97,0
0,93,108,117,118,115,111,107,98,85,82,99,117,134,139,137,139,140,141,139,137,136,137,136,132,124,118,122,132,137,137,139,141,140,138,137,138,142,142,141,142,137,136,141,145,138,136,139,134,125,116,110,107,111,118,129,134,132,125,115,112,109,105,105,108,113,121,128,130,134,139,140,142,139,135,137,137,133,140,145,152,147,145,151,151,149,145,139,141,142,142,144,145,146,142,137,141,143,145,144,141,146,144,141,141,138,136,135,135,130,134,140,149,139,145,146,132,139,147,141,146,143,140,139,137,137,133,123,116,107,100,96,100,111,0
0,86,104,116,117,119,114,108,96,90,86,102,123,138,141,136,132,133,136,140,144,143,138,139,141,130,124,131,139,141,142,147,141,141,139,138,138,139,137,138,139,139,145,149,149,146,144,143,138,130,117,102,101,109,126,129,131,135,133,119,110,107,103,102,104,109,124,134,133,138,140,139,140,144,147,144,137,142,144,138,134,134,139,145,147,145,139,133,140,140,138,139,140,139,134,134,139,141,142,141,135,134,132,133,134,130,131,138,139,130,131,139,132,122,121,122,118,129,140,134,132,126,122,122,127,134,133,122,113,106,96,91,100,113,0
0,87,104,117,118,122,117,107,92,95,94,107,122,134,136,133,130,128,133,142,151,149,139,139,145,129,125,136,144,144,147,152,152,153,150,151,152,149,144,144,140,139,143,144,142,145,144,142,132,114,105,98,99,114,128,136,134,138,145,136,134,124,118,111,106,111,123,136,133,139,137,136,136,141,145,141,130,134,132,129,128,132,141,140,131,125,126,132,134,128,124,125,122,116,111,110,115,118,117,112,102,94,94,98,102,105,113,126,132,125,116,113,111,106,101,100,105,114,123,116,103,95,94,101,115,127,129,120,113,103,92,91,99,110,0
0,94,109,122,124,123,119,108,87,93,99,109,117,130,131,136,133,127,125,127,130,130,127,129,129,121,120,126,130,131,129,123,118,117,114,117,122,121,119,123,129,130,126,117,108,108,110,113,107,104,104,104,96,101,118,130,122,118,121,134,120,110,97,92,83,83,85,99,109,125,124,132,141,136,128,122,108,90,82,94,107,112,114,105,94,91,92,94,113,104,92,83,76,74,74,77,87,88,80,70,59,49,47,47,52,58,73,96,108,103,94,92,92,89,80,79,92,95,92,80,75,71,79,97,117,126,128,121,115,101,95,98,100,106,0
0,94,109,122,126,122,119,108,87,86,94,104,115,129,125,139,127,119,100,84,78,79,89,101,104,105,111,113,108,99,88,78,56,54,53,61,71,77,87,104,116,121,109,91,75,65,66,74,89,102,107,93,81,71,77,86,93,104,106,105,98,81,68,63,49,45,42,56,81,104,115,131,140,132,109,87,74,51,48,63,71,80,79,66,53,49,57,63,92,98,88,69,58,54,56,65,75,76,70,63,57,51,50,51,49,51,63,83,92,88,87,91,91,86,76,75,85,84,75,70,77,80,98,119,134,137,134,124,114,100,97,101,100,106,0
0,91,108,122,129,127,121,110,90,83,88,98,115,128,120,136,125,116,87,62,51,51,66,83,88,95,101,99,91,79,63,48,36,34,36,45,50,55,69,91,105,104,90,79,70,57,60,74,88,104,107,88,75,59,57,79,95,100,93,93,86,83,75,67,61,59,62,69,89,100,116,132,138,135,114,92,91,80,89,98,98,99,92,85,78,76,84,94,106,121,124,113,98,85,79,85,84,86,85,86,87,86,86,88,88,84,84,91,96,93,90,88,80,73,72,75,77,77,77,83,88,98,115,129,139,141,136,122,110,101,99,97,97,103,0
0,92,107,119,129,131,121,109,93,82,88,100,117,127,125,137,127,121,103,84,69,61,69,82,86,90,93,95,95,88,77,71,79,78,78,81,80,79,84,93,93,90,86,89,90,84,94,111,113,119,106,91,75,59,65,91,107,113,106,105,93,97,90,89,95,96,98,99,106,107,121,134,130,128,118,112,120,112,119,123,131,131,125,122,119,118,114,114,119,128,134,134,124,115,108,105,98,100,101,104,105,106,105,108,104,96,91,97,100,95,87,83,58,48,56,67,69,77,85,86,95,106,119,126,132,139,138,124,113,105,102,96,96,101,0
0,96,106,117,129,132,122,109,98,83,90,104,119,126,132,137,128,125,125,116,95,79,80,86,92,96,95,95,99,97,93,95,92,92,91,92,93,95,93,89,89,89,95,105,110,110,119,131,111,107,97,75,66,67,84,106,124,122,117,111,101,96,93,99,101,101,95,94,101,106,120,135,134,131,118,110,117,111,115,114,133,137,138,136,126,115,98,94,94,106,114,114,112,111,108,107,105,111,113,108,97,92,90,96,101,97,93,98,96,92,86,85,65,51,63,77,80,94,102,91,103,114,123,124,128,138,139,126,115,105,102,97,97,100,0
0,97,106,114,127,127,115,104,104,82,90,102,115,127,139,140,140,127,129,120,101,99,103,101,106,112,101,93,92,86,89,95,97,98,100,99,95,101,100,96,101,109,101,88,85,86,97,106,112,106,97,78,74,78,91,115,131,119,113,108,103,91,89,96,99,101,94,94,101,103,119,131,131,130,120,111,106,108,115,121,137,130,117,102,81,70,64,67,83,102,105,97,99,105,110,111,107,110,108,101,90,83,87,94,98,98,101,99,92,92,91,87,108,105,101,111,123,120,117,124,112,118,125,124,127,133,137,122,114,104,100,99,98,97,0
0,94,103,112,122,121,112,108,103,88,94,106,119,132,135,141,137,128,117,105,97,96,100,108,122,124,114,100,92,90,97,97,99,98,98,94,93,99,104,105,106,114,113,102,91,90,94,99,103,104,102,89,76,74,97,119,132,122,111,105,95,84,91,96,96,99,99,99,101,101,111,122,129,130,121,115,112,110,112,120,125,123,112,91,73,66,73,91,96,110,108,97,97,107,117,119,120,122,119,113,106,100,99,101,99,101,98,93,89,90,95,104,108,119,123,120,119,118,114,112,113,119,126,125,130,134,134,121,121,106,100,99,99,101,0
0,98,109,118,125,121,113,110,95,87,92,106,118,130,135,140,139,127,106,94,98,98,104,118,118,116,108,95,91,93,102,105,103,102,100,96,96,99,105,109,110,119,127,122,108,102,96,95,97,90,83,73,71,61,87,106,115,118,111,97,98,88,95,106,91,89,93,97,103,107,112,120,133,135,126,117,115,108,113,121,118,115,102,83,84,92,99,105,97,94,93,101,108,110,112,115,122,118,111,107,106,102,98,96,97,98,94,92,96,96,97,106,94,104,112,105,98,105,108,105,107,113,122,127,135,140,135,126,127,109,99,97,99,104,0
0,98,111,119,125,120,114,107,85,89,91,99,112,123,139,139,133,119,106,97,101,109,121,131,124,116,103,91,89,92,96,98,101,102,100,96,96,99,102,105,107,122,135,128,117,105,94,85,82,79,74,68,59,56,76,89,109,109,104,105,103,96,96,89,92,89,92,93,101,110,117,125,137,136,124,112,108,97,111,118,116,113,107,93,90,89,94,100,99,93,85,84,88,91,97,104,98,94,88,91,96,95,92,93,94,92,89,94,98,94,83,78,72,67,71,71,70,83,94,97,107,111,119,129,138,141,136,130,128,109,98,95,98,102,0
0,94,107,115,121,117,115,105,83,98,95,94,109,120,137,131,125,111,106,100,103,123,136,133,128,113,100,95,91,88,87,90,94,98,95,90,87,91,93,96,94,102,107,103,96,82,73,71,78,84,77,77,74,70,77,89,101,97,101,99,98,89,85,87,93,92,94,91,99,107,116,124,133,126,118,109,102,96,109,115,114,110,103,84,64,47,48,59,67,68,65,61,57,50,50,57,74,78,81,87,92,91,94,100,98,90,93,101,100,97,91,82,75,59,61,68,74,85,95,99,109,112,119,130,135,135,134,129,118,104,98,99,101,100,0
0,88,103,113,118,116,114,105,91,95,94,99,114,127,132,121,108,95,88,73,65,82,96,99,91,91,88,90,86,81,78,85,88,94,94,88,81,85,90,93,91,89,81,76,69,62,64,77,77,100,90,89,95,89,84,90,91,92,96,100,91,85,83,87,98,99,100,99,106,113,119,122,128,121,119,115,110,115,121,123,122,121,110,91,76,67,68,81,79,87,87,81,75,71,76,86,90,100,105,106,105,106,113,120,122,112,113,119,113,115,120,117,113,99,97,106,113,116,117,121,122,125,130,137,135,130,128,122,110,100,96,99,101,100,0
0,90,103,113,119,119,115,107,100,88,91,104,119,133,134,123,104,90,70,52,43,49,57,69,70,85,89,90,91,91,91,96,97,102,104,101,94,97,104,108,108,110,104,92,80,81,92,107,108,118,106,113,112,108,103,111,108,107,116,112,107,107,110,113,114,117,121,122,124,130,131,132,134,129,129,130,129,134,135,135,137,133,125,116,110,107,105,113,115,121,124,124,126,128,129,130,133,139,140,136,134,136,141,144,144,141,139,139,137,140,147,148,147,145,142,141,143,140,138,141,137,142,146,147,143,135,128,118,106,98,94,94,96,99,0
0,90,99,107,114,119,113,106,101,86,89,101,118,131,136,131,119,113,94,85,85,84,83,94,106,111,112,114,114,113,115,117,120,121,122,120,115,116,124,127,127,126,132,124,114,114,122,132,140,139,135,138,136,128,127,142,134,132,134,130,130,132,134,134,130,131,137,139,137,144,143,144,148,142,140,145,147,139,139,141,144,145,148,149,145,142,138,140,141,148,152,152,153,157,157,154,159,158,152,150,151,152,150,146,146,154,150,147,149,150,150,151,151,165,163,152,148,147,147,151,149,152,154,148,142,134,121,108,98,93,95,97,95,97,0
0,86,95,99,107,113,112,106,97,86,87,100,116,131,137,133,136,140,145,140,132,135,140,139,121,129,133,139,146,145,143,146,137,136,142,149,149,150,150,147,144,142,140,141,145,148,151,148,147,148,150,153,154,153,151,150,148,152,155,156,155,154,154,154,149,145,146,153,152,148,149,153,153,147,149,155,156,153,153,158,159,155,152,159,154,158,160,153,155,156,159,161,166,164,160,159,158,158,161,158,156,158,152,150,147,151,152,155,158,157,155,155,155,158,155,156,155,152,147,146,148,149,149,146,139,128,111,91,87,85,89,97,97,98,0
0,79,90,97,104,110,110,106,96,84,85,99,110,126,137,138,140,147,153,156,158,156,152,155,158,159,156,153,154,154,155,155,152,155,155,151,143,146,153,153,151,147,150,154,154,154,157,154,153,153,153,153,153,155,155,154,150,152,155,155,151,148,148,149,151,146,144,146,146,143,145,148,145,141,141,142,142,140,139,141,133,139,133,134,135,135,134,133,135,136,140,138,136,134,127,123,127,126,128,126,124,126,122,121,118,115,115,115,112,111,110,109,112,109,108,111,112,108,107,106,99,99,94,86,79,73,64,51,60,72,92,103,101,100,0
0,63,73,86,99,105,106,105,104,87,80,88,93,111,133,145,137,150,155,155,159,155,151,159,161,155,152,152,152,154,156,153,158,164,157,151,150,152,155,154,156,158,155,151,152,151,149,147,145,143,139,135,135,136,137,137,133,134,137,138,133,129,129,130,127,121,116,115,114,113,116,118,111,111,110,106,104,106,105,102,98,104,89,90,99,95,92,91,84,77,73,66,59,62,64,63,57,54,54,50,49,48,40,34,28,27,26,23,20,21,18,14,7,3,2,2,3,3,4,4,4,5,6,7,5,5,10,16,54,75,98,110,109,101,0
0,54,58,78,93,99,102,105,105,89,75,73,72,83,102,119,111,121,126,124,127,125,118,117,114,109,112,115,110,110,112,108,105,110,112,109,101,96,96,95,92,91,92,93,93,92,90,87,85,84,81,78,76,75,74,73,66,67,70,70,66,63,62,62,58,55,51,49,48,49,50,51,38,40,38,34,33,36,35,32,30,33,24,16,18,19,22,29,12,20,16,10,9,9,9,10,15,16,18,17,19,22,15,7,6,12,15,12,11,15,14,17,20,21,17,15,21,25,27,27,27,34,38,37,39,52,74,92,92,103,110,114,114,100,0
0,52,55,73,86,91,101,107,114,105,87,70,56,41,35,40,40,38,41,43,42,42,35,25,24,19,21,20,15,16,17,11,8,6,4,5,5,5,2,5,5,5,6,6,6,6,6,6,5,4,5,6,6,5,4,4,5,5,3,4,3,4,5,4,3,3,3,3,3,4,3,4,3,4,3,3,3,4,4,3,3,10,11,8,11,20,31,30,31,35,35,41,45,44,47,51,52,57,62,64,67,73,75,73,75,78,82,81,80,83,85,92,99,104,103,98,98,101,101,102,108,119,126,125,124,125,128,130,125,120,113,111,108,96,0
0,49,52,64,75,85,99,108,106,107,98,86,75,55,37,34,43,30,25,21,15,18,19,13,16,15,18,18,16,18,22,24,30,22,24,29,33,41,44,45,47,50,48,46,48,51,51,52,49,50,53,57,60,61,62,64,63,69,75,76,74,72,73,74,77,80,80,79,81,83,84,83,91,93,93,94,95,96,96,96,93,88,95,97,96,99,102,108,108,112,106,105,111,115,117,114,112,114,116,118,118,120,124,126,124,124,127,127,125,126,125,126,129,130,133,135,132,132,134,137,139,140,142,143,142,134,124,120,122,115,105,101,98,88,0
0,45,50,55,64,78,89,97,101,106,105,105,105,97,83,78,72,65,61,60,63,71,77,81,81,82,83,85,91,92,92,97,93,95,100,106,112,117,117,119,121,119,123,127,125,126,125,122,124,125,128,130,132,132,132,132,134,137,139,139,139,137,136,138,137,141,139,134,135,139,142,141,143,144,143,145,146,145,145,145,146,139,137,139,136,141,148,146,147,146,145,143,141,143,145,141,135,133,131,134,134,133,135,135,133,136,139,140,138,138,136,134,140,136,135,135,135,136,133,132,130,129,128,126,122,117,110,108,108,105,96,92,89,83,0
0,44,51,51,56,67,72,79,87,90,93,101,108,111,101,93,95,98,99,100,104,103,103,113,118,122,120,117,123,122,116,121,119,121,122,124,125,126,124,122,120,123,125,126,125,130,131,132,135,133,129,125,122,121,121,121,121,127,130,129,126,121,120,125,136,139,136,128,127,133,136,134,129,125,122,125,125,119,118,122,121,114,119,127,122,125,129,122,124,123,125,123,122,119,118,121,119,117,115,118,119,119,119,117,114,117,117,120,120,119,117,117,115,117,116,113,118,120,118,117,123,120,117,112,108,105,101,99,94,87,81,79,74,73,0
0,47,53,53,51,50,53,64,71,76,87,99,102,105,105,106,105,105,110,112,107,107,112,115,109,105,104,106,112,115,113,116,97,110,112,110,110,112,106,93,95,95,103,107,105,105,103,101,104,103,101,101,104,106,107,107,104,102,104,106,108,108,110,112,119,122,123,121,114,111,118,126,121,118,113,106,99,97,100,105,108,103,106,107,104,109,110,111,118,114,115,107,106,110,106,110,106,106,109,110,116,118,114,110,111,108,105,107,106,104,110,107,107,105,105,103,108,110,105,102,100,101,100,100,101,100,99,92,85,78,76,71,69,71,0
0,49,48,47,43,41,42,49,53,57,67,75,78,85,89,89,90,93,101,106,105,102,102,102,97,94,94,91,94,96,97,99,95,97,96,96,97,96,92,89,88,86,89,93,93,91,90,90,97,98,98,98,98,96,93,92,90,91,94,97,96,95,94,93,97,94,91,91,90,88,90,93,89,90,93,92,90,89,90,93,97,92,90,89,91,92,91,93,95,93,94,93,91,91,88,87,86,87,88,90,90,90,86,84,85,82,83,86,86,85,90,90,85,82,81,80,81,85,85,85,81,79,80,81,82,81,79,77,73,69,71,68,66,66,0
